"Эфирное масло Essential Oil/ Натуральные эфирные масла / Набор эфирных масел 6 запахов ароматов по 10 мл / 100% эфирные масла для тела, кожи, успокаивающие / Масла ароматические для дома, бани и сауны, ванны, для сна.",987 ₽,81 отзыв,"Завтра доставит Ozon, продавец Xsales",https://www.ozon.ru/product/efirnoe-maslo-essential-oil-naturalnye-efirnye-masla-nabor-efirnyh-masel-6-zapahov-aromatov-po-10-393904975/?advert=3f5HPuNUBeFqewmAW6fTtKpaRUClkIu9encBvw491NmBFGnm_sijlzHhArtIW0hslYp6hYW7LWoVUjEJa6oM2Y3hP3tDwW7ltn37cjCB3S34Lb8P2lj7AHZXkUNesdu6LwabFlCuz7vn4TdXuvNy2K-Cf9ZqNZlAO2t9FoCs8qX45yDDLEG4id5bzLsr8GqMnb9kTV-9hAL71HxxyXBdh0l2ShG53_WaXUm7zfUrzptoKjHC2gbyP-9NZxJpkT87TsIDjnxkg0Xy-unk6gwa_0C0cQO1av9jmlt37HIJYW3SuPLlWp5wNpms20uGzE42_VmW_akyWVRK1t7a8FB2RQDfNiPetUZwOHFWZXNy2m5kzEpVhmEWWRIt3PFyQzzCX85Noxk5ZzNcZ0WEUMi6YPAbcUfpC03OkM8F-q4kmnS_ipvlZPHGtQkLGzX5T7SBfTwBp4t1cLAAcWTksGiovEVmqC_jiZMzKNiP46bq2qkkBiHk7Ovw_B4JK--DhwHOWLrQyXTOHCrziMOl1cZZgw3BRKPmg5l5mVazleH3Uk36uzM5J4fQk068WAGEhx9G
"Крымские масла Линейка фрукты, Сенченов Набор для ароматерапии 5 мл",198 ₽,55 отзывов,"Завтра доставит Ozon, продавец Южный Берег",https://www.ozon.ru/product/krymskie-masla-lineyka-frukty-senchenov-nabor-dlya-aromaterapii-5-ml-244945626/?asb=yjWtiWy6lXRRh8jDzxQ97FKbJn1r8QNY%252BpUXoWttUuQ%253D&asb2=J26Dj4USS6zaq9tBUdzZ-TBd_Q8Z7rtmrRgeXwWx0fXyK-RCV58IIr9TeqUb43J9
Golden Garden Набор из 4 натуральных эфирных масел - Juniper (Можжевельник) / Bergamot (Бергамот) / Lavender (лаванда) / Lemongrass (лемонграсс) для ванной / волос / тела / ароматерапии / расслабления Набор для ароматерапии 40 мл,788 ₽,86 отзывов,"Завтра доставит Ozon, продавец Golden Garden",https://www.ozon.ru/product/golden-garden-nabor-iz-4-naturalnyh-efirnyh-masel-juniper-mozhzhevelnik-bergamot-bergamot-lavender-257547318/?asb=I5u8KTFyjCjuKJEIq3luD%252BEFP1WD2tonL2t5i%252BxHwY83uMruJwJVbxZClYYZyP1P&asb2=hgb1CaS0gwW91B5bMuX28p3SdRQkTTWVKqm9IRe_YBDq9121p9aB0Txi6zkC3lf5SPooRdhV4AbgkZKIoAFj9TkelXtWhSAJrHPGg_j7yPQsbG3NbdqC_S_G5MG9H4XmbQ19oaZbN4GJqQtKvnMXfw
Крымские масла Ароматическое масло мускатель Масло парфюмерное 10 мл,271 ₽,97 отзывов,"Завтра доставит Ozon, продавец Южный Берег",https://www.ozon.ru/product/krymskie-masla-aromaticheskoe-maslo-muskatel-maslo-parfyumernoe-10-ml-244660512/?asb=82XAQtZsjyWsv3iVlzBRznHDw6NiBB6FRwr6q%252BnqT2o%253D&asb2=xam3EbXoFuBCg8BX8euykes-SxHbbrL-cd2Eq5LK6wmyA7IqMElWdIOh-5jRTNVd
Бацькина баня эфирное Эфирное масло 30 мл,289 ₽,37 отзывов,"Завтра доставит Ozon, продавец Основа",https://www.ozon.ru/product/batskina-banya-efirnoe-efirnoe-maslo-30-ml-244068870/?asb=flixB2nONSt45pq%252BX%252Fo1hO69NXIjNKwL45GshfYDt4c%253D&asb2=4hjFbw_KJjo84LY71_FTsz7fepZhFcXTtcWlFsbA5XRuY-ufdk8C2PomEe0W9Hfz
Эфирные масла Essential Oil. Набор водорастворимых эфирных масел для увлажнителя воздуха из 6 ароматов.,987 ₽,119 отзывов,"Завтра доставит Ozon, продавец Xsales",https://www.ozon.ru/product/efirnye-masla-essential-oil-nabor-vodorastvorimyh-efirnyh-masel-dlya-uvlazhnitelya-vozduha-iz-393872783/?advert=HoDBFs3v2w6RZLo_PE7ur08gLbRO_3mUwHXx6kZgf5uPWAFdFKVlErYP7UYbUqYM_7YHu_Dm10585yzic08btqHBBaBUUJnKRDpU3rdHQUxEg3JxYxQ5kh_W8DEr-31l_k_aR0br5ngO_p0-x35Gx6ez0aDYIHmRk1L1PAt52oqqClSX503GSNkFLjvk0VVk29uomEwAYRMUnEaJhrP_UXrocYPHLb5PKSzHIPpvuithvdllFngyN9CFV4zeGzR_Q8EOJCpgCbwmCwCZmo4y4ehlTPtZrnH4cX3rBiZt5emdWMQ42CV96t8W5lQRMEpeB79f3zdauqMgl8v39SwhY4IIq-ZgxODulhVQJYMvmHC4YHvqLI6HIkc7BJaC108Qqa2_aOr-bfJs2WvsmqRu0E39ArctwkZHim98zmlB3PvcqsjqNTglNm-tfrZAQQ1ZEw1_EP3NcwESxZs2rZnou8OIBLlx4XHtFNDDx3ltDQ-GwzFqWOLbfSu0bUUKN9u590oP8GW0WjlmjRY_TEBOmC_G4sJofRFk1sC_Okbm_vje90D6iXx836uClS1eiLRM
HOME GURU Набор ароматических эфирных масел Набор для ароматерапии 60 мл,806 ₽,2 отзыва,"Завтра доставит Ozon, продавец Aroma World",https://www.ozon.ru/product/home-guru-nabor-aromaticheskih-efirnyh-masel-nabor-dlya-aromaterapii-60-ml-476912105/?asb=k5XQ6qNlpiK9JSd7NWI%252Fg8%252BRSBSUV0%252FK%252BK8K3SX1walzFFl%252BWv95lVOAbid0toGk&asb2=vPGOZb5dXbGg7loRLA4lzHVpCP24rpuKVDubPTPtSVDkUZ_cucy7wqHJYmZ2yUYGW6UUTCkpW54cDoRbKNwBdcSAcwbKjMwsMDwOL3HQN4GtLmxNBxbw_aWq15aHByP5GgxUKcRgMsEbetzJxQ4V2g
Florella мята Эфирное масло 15 мл,228 ₽,69 отзывов,"Завтра доставит Ozon, продавец JT Land",https://www.ozon.ru/product/florella-myata-efirnoe-maslo-15-ml-308705987/?asb=STWY0eR2IjDWFBg%252ByPHutSSeOWPrIo%252BbvpMyl8AKc%252BBk43G29BJUjp3ObOIUhKTh&asb2=BQoWlZzExOWmn0hoNBzvDqAG9Dxiq4ukYyADV2w1Ux2OVwG7nQg5SEvEc0YUclmmd81axKQg1Lyc8nUpuJcQsWdfJV_yb2fT4MC_a6jTlGZSFjdQAWuQLXtSdBRF7tMdP2aPHcXfecWsCGxGPyF-Gg
Крымские масла Малина ароматическое масло Масло парфюмерное 10 мл,216 ₽,75 отзывов,"Завтра доставит Ozon, продавец Южный Берег",https://www.ozon.ru/product/krymskie-masla-malina-aromaticheskoe-maslo-maslo-parfyumernoe-10-ml-294735635/?asb=bsDYeLKpwOCwb2uB3plGzTF2DaFttn%252Fqcqniba%252Bo0po%253D&asb2=Wx5T5sarlOtwc8klpZ5rJ6rKqp8Q23pcw7uU0yS3jInkQktYfBb-3Uleorx-nFKq
Nirdosh Травяной ингалятор без табака Набор для ароматерапии 30 мл,660 ₽,7 отзывов,"Завтра доставит Ozon, продавец STARAX",https://www.ozon.ru/product/nirdosh-travyanoy-ingalyator-bez-tabaka-nabor-dlya-aromaterapii-30-ml-507011844/?asb=pumfurxH%252Fuoi3rHh0%252BVfUzAEkhwYJYG6IqRbL86KpC4%253D&asb2=iHapxwsRsF3koLUglxnvVzYoeUboadr0ANKzpFMgxFCYWhuuYA3OWup3HjQ6rjE_
Xsales Набор эфирных масел из 6 ароматов Набор для ароматерапии 60 мл,941 ₽,87 отзывов,"Завтра доставит Ozon, продавец Xsales",https://www.ozon.ru/product/xsales-nabor-efirnyh-masel-iz-6-aromatov-nabor-dlya-aromaterapii-60-ml-307590829/?advert=JxbL-d2kWkpidEbbdwEbdFt3l2japprt6rQFRDLtm6eHbe6DnVq1ZHO-jAobI126FV6ku3edWse53hGM1oFDRKm1BrxhXxZa35_El3Q9SCWs8NeufcXhUae4MK_-SMu8wYb19T7cPGcfCOziXrjVMat4GV9hLErXyM_F6EMqqxKlJDG6et7sIKMXqkI9UTOuoeEUBflalB3e-FIf8_MNzOtahOzwEy4FLqx3v3cQDoKa4hcmt4RmzoKuPomrEDImSjJl5o_8kbaug__SGw8B9zhKm2mKZAfE5jPJB1DP4QpX1oBtjKZRffp5eMwqzXniiILQZUqXXdQ5_qYKjxLAvJG5Kd3xw2Vix4Aw7vQRJZYENFEyknUHgWVrqCe7nYDszlm9rP_uRbmWeitXGEG5kWazedfgbAvMWCqGLCfn63Io-tO-vvUijNLTHNPW8CvTnHtANqAqITxEvxyrhFqkm_IXlQKIXWvmTYzttqJAQfVgWg-mOZyUYS8vHEvXKeMtb8ZHtoYpHpCYfUk-MYw__zdQV8CyvHa6CKkJGivQrM1qO4NbreOWbkrCmDa9YT-u
Лаванда Эфирное масло 15 мл,228 ₽,137 отзывов,"Завтра доставит Ozon, продавец JT Land",https://www.ozon.ru/product/lavanda-efirnoe-maslo-15-ml-301906857/?asb=24EnJu%252F93RxySQbVnnp1YmSmxtoqehTyrVZaTQqY703gW6nFX%252FXM7Fgt%252BwQ%252FmGgZ&asb2=Hb373PQXOg1aTtWzTWoi1ELcjIdVSmgzHMfjjzPY0mOV4KLyRoWxYJuRv9gmXt1uXy0wlNL9Cd78Yn-c8i1-ysDRgqeeHt49IwSLOaKKblY_6xIAXulvkBUM-hhcW6XUsE4eIBMtgmrFMNa4pUwm_g
Florella чайного дерева Эфирное масло 15 мл,228 ₽,120 отзывов,"Завтра доставит Ozon, продавец JT Land",https://www.ozon.ru/product/florella-chaynogo-dereva-efirnoe-maslo-15-ml-308705979/?asb=dtSIDvxisRVEdWE85m2Mebs0lLhbhtYqkUZKWWk3E1qa9JSmw0cxc7EH5hH7My8w&asb2=xibtQ2v1zUDjb6l8KU9lrXjzjaNQdwhFRuYk3IBdGLnDbWZDdvE2d3m12jruPtgqHbPsxEJJ0cdd34AwaVQvoXwQj2FBF1Hae1bKRb8zu762H0RC9grpDtWLbCgePo-rnE5c53HT_qJJp4H9kTVSOw
"Натуральные 4 эфирных масла в наборе Golden Garden - Tea Tree (чайное дерево), Sandalwood (сандал), Lavender (лаванда), Clove (гвоздика) Для лица, волос, кожи, тела, рук, ногтей, ног. От грибка, прыщей, папиллом Эфирное масло 4х10 мл",955 ₽,1 отзыв,"Завтра доставит Ozon, продавец Golden Garden",https://www.ozon.ru/product/naturalnye-4-efirnyh-masla-v-nabore-golden-garden-tea-tree-chaynoe-derevo-sandalwood-sandal-549153889/?asb=tois1IhDGYZ3BvX22ZiPWXfZWXQN4QNM6U20yfEnRqC1kwNvUvmrtRNN39zYDcql&asb2=CTC1icrnBeicly8O1g4tNVDk_XEy0lO46AI_8QSAVwBdrrSC_H7VnyL8hOOCeQDXSavHXRH2hWdxoERHajdrotUDfbvQ3JCs3kDHualuCbgTX_zKYZVl52LpSKC2PfoaoepCGBeTaeOR0EePhnZ7gw
Бацькина баня эфирное Набор для ароматерапии 30 мл,299 ₽,37 отзывов,"Завтра доставит Ozon, продавец Основа",https://www.ozon.ru/product/batskina-banya-efirnoe-nabor-dlya-aromaterapii-30-ml-243727727/?asb=r1PP8ahBSylGPopmA9Lj4ckuVhY%252B8MrWzSEc03sfxss%253D&asb2=xR-N6Qvh1JOm7zwrYLvcKctpUB7kuabTrkd1kFmfH2FUIXF76KD0T9kPk8mUxjKF
"МИРах Подарочный набор из 6 натуральных Эфирных Масел. Аромамасла: Эвкалипт, Мята, Чайное дерево, Лемонграсс, Лаванда, Сладкий апельсин 10мл * 6 - 60 мл. Для ароматерапии, массажа, увлажнителя воздуха, бани и для изготовления свечей диффузоров свечеварение мыл Эфирное масло 60 мл",990 ₽,52 отзыва,"12 мая доставит Ozon, продавец Сознательная Жизнь",https://www.ozon.ru/product/mirah-podarochnyy-nabor-iz-6-naturalnyh-efirnyh-masel-aromamasla-evkalipt-myata-chaynoe-395554960/?advert=U0gGdsoFkY40_ltRn0SMriq5e6fD7A0PrQIQM3PjIXKAGgSe7trvUkUvgj0EcuD6jBqIQ-n6-4YYQinzvAeubbvfJBCvS8OmRk9S8fC_tC5YKEH75qMq6bcEy4p4EXuHXLKEnIG_5YGDONAny1q6_1K7w-gIyFoqpyzNlWD0d04hmLLC8KiGXCTdTMLWJmHDq6AIlXfnsyqgdzsKPNvcw5u4bvO28Fy9E4ImmY0MIGMIhpGFQZ-JyMF_xQVv_BaY2koChLgO1tFr4-Q11kXT1MaOA1cICqCfybE5DLgElhGB2dRfTAiVc6Fpv0s4iYAyAx9BBBpAnkqc_U3YCAWzr6V2brsuPdBl8ygZek-Dw0AOACmCE-3CuEmk0NRf9dNFinvxxSawQcz4C6L01Ac2u8hmsZSGhBC7De6PNEkAejDmv18-v77g6QTOzPIEFPaefA445lK3eEqtHRd2VRWmF4D3pyxTha1rkUTUou3HTMb7uaInH8mN64q6NEw1455sSUqLH2HcR9ocMvlKPRjMdV-DUELFbLjZ1PcOapTGNbwoYywgoykTBGdF_Zbzcmum
Крымские масла Мускатель мускат белый спрей Масло парфюмерное 10 мл,230 ₽,26 отзывов,"Завтра доставит Ozon, продавец Южный Берег",https://www.ozon.ru/product/krymskie-masla-muskatel-muskat-belyy-sprey-maslo-parfyumernoe-10-ml-245002233/?asb=RJGJPu7ehfNDHByU8BAI7INMo21hZMiDuHGO8fIUCvQ2EIMps%252BaVOSRd4%252BL5crub&asb2=8Ijfv5uEvvAookIEUisUjsr6BK90C4hZtx7CNBYjMZ0Cg64_Ix656aRaDUQypIbHPiI2FJWVdcfjA0tcshdhuIX9bm0y5F-KTYYeod76LdQcuRlc9H9jR2EuZg61jNqY7aCSLIqqlBlCvgGz4sLH0Q
Consumed масло эфирное Эфирное масло 10 мл,188 ₽,146 отзывов,"Завтра доставит Ozon, продавец IRIS",https://www.ozon.ru/product/consumed-maslo-efirnoe-efirnoe-maslo-10-ml-291584731/?asb=dHBFcNIYSnyYBhcxbx0tsTFsSJRPecwXMf3vC%252FjSUIk%253D&asb2=zqnvLQpWgQQbfyuJodx0Vt5mp5toLACxUz_a7yjU69YtGE-MPPLcIhJM7CUZNKBE
Florella лемонграсс Набор для ароматерапии 15 мл,228 ₽,137 отзывов,"Завтра доставит Ozon, продавец JT Land",https://www.ozon.ru/product/florella-lemongrass-nabor-dlya-aromaterapii-15-ml-422763651/?asb=UXm0ifu5RVp2E2D7hEXWKAjmojSEbsTh2zA397E5BLtmFYFsg1wtXMVVkUw6uIj8&asb2=lc-Ul6wr8VzhU_iNUzRNTGQP7dlUBNFPf_dYtCkRYKM8XTj2YxW0_bP9zXRBtTiK0Iaix9QES5s48UGYxMYGMWnFu1KUjr2vXXun92yZDniV8oWpGJ2pI3uQzMGgsJa_V9fxRClnYaUi2_Ja9EtVcQ
Green Herb Тайский ингалятор карандаш Эфирное масло 4 мл,186 ₽,4 отзыва,"Завтра доставит Ozon, продавец ИП Картмазова",https://www.ozon.ru/product/green-herb-tayskiy-ingalyator-karandash-efirnoe-maslo-4-ml-424511448/?asb=B2rmbcQCGZfrhYNcOtBzlaiuIYo6extk5Q4xslrs3Ok%253D&asb2=8s-QXxZj0t8SHGt1jGtrVavPKOZ2vxSPayPJUe_nTrDnw0zWfA4EHEw4Nl6HpzA7
Добропаровъ 100% Эфирные Набор для ароматерапии 51 мл,480 ₽,1 отзыв,"9 мая доставит Ozon, продавец Симплекс",https://www.ozon.ru/product/dobroparov-100-efirnye-nabor-dlya-aromaterapii-51-ml-206705076/?advert=45BN3V61zU1VaWifaLPFkhMgfX587t97OwtCfm0orMlAeI4_fpDTzXuq5Mu_tG0J9VZGdjnznB-cPnzt-Uhg7b0tt9RZ2T9Qywr6K8TmxgbLHdn63qZGLWqR7ZCxaijXwVr1X9RBfKobDwF8aV1qvmCrICvK-k7eNY-kqDUCGrneYrUN-xrBgcI-BCgnd9Gh_n_liLL-P78K4rBIiHKHFPvCSdur_rrs-wMXJfn3IUFcWPLT8IvyvgcmAwUWha9UBXz4bNbcWV_YlqeqPlcpirufmXorGO1vh6skH39UhZNf1xAVJ2GBYF1zSUNo9RjXs99n75pbTML3tGcM7WrQmJ1NA0yPtZ8D6PnKDXdAIjMbcyeLmnvOovQIq557F4wtzqppshT428P6exgYjG-vjLSfaw9zEKE6TevwNzNS2e4Q-wCYO4aDGAwFoAsrVHp8goRO7uqEK0Z_fSk2qKZTOx4scYctF2H1irIAR7rHZgp7Av0JHV108zNULRKdxCTp1bBjnlUIrIMMxUnuXoFnPC6RpHSUjox6DYkIW2TNKG_5ya1arC2X6tvNu0LGVUYA
Крымские масла Мимоза Крым ароматизатор спрей цветочные масляные духи Масло парфюмерное 10 мл,210 ₽,169 отзывов,"Завтра доставит Ozon, продавец Южный Берег",https://www.ozon.ru/product/krymskie-masla-mimoza-krym-aromatizator-sprey-tsvetochnye-maslyanye-duhi-maslo-parfyumernoe-10-ml-243412576/?asb=FRdOZcDdoDKhlH8J%252B9ZqSiJXmhTF5IdV4OpWmC8LC6I%253D&asb2=fmu_jX3r0WIemzO-aogzkEEI_eHRTPSHL3K_cNuabru1YPRoV_Re2PSfSLO-CdP9
Крымские масла Малина ароматическое масло Масло парфюмерное 10 мл,216 ₽,75 отзывов,"Завтра доставит Ozon, продавец Южный Берег",https://www.ozon.ru/product/krymskie-masla-malina-aromaticheskoe-maslo-maslo-parfyumernoe-10-ml-294448184/?asb=myM6lzrzvn1lv3guP%252FF4Rt8JrXc21lEeoUIW1UdgUXNyeYTa7yZmiFf%252B34vq5qQF&asb2=ymmYT3ga7xrBSfMIcYx87VWB2T1ZutxK1fL9y1noT8J3g-LF563LK_4juv3sihUB5DyRANJfWNkBIyuqMTkNYD5mllBKsxgi--oBt8Nwx0tYz2XHBLdSsM8VUK45SwSzSwl_ZKknrf04aQlLDbCoSg
"Натуральные 4 эфирных масла в наборе Golden Garden - Juniper (можжевельник), Peppermint (Перечная мята), Eucalyptus (эвкалипт), Rosemary (розмарин) Для волос, лица, тела, ванн, бани, ног, кожи, ингаляций, носа, ароматерапии Эфирное масло 4х10 мл",855 ₽,2 отзыва,"Завтра доставит Ozon, продавец Golden Garden",https://www.ozon.ru/product/naturalnye-4-efirnyh-masla-v-nabore-golden-garden-juniper-mozhzhevelnik-peppermint-perechnaya-549426417/?asb=xV4WWPio%252Fti0mQgYJQLEsI9dS1Hf%252BB3CPvvoNCkvC1P%252BIqu7eqYxiZ032vRQTV66&asb2=Nix4ILk3kOVDPu1aiTcvVbNWzgN75KxgkwIi4507UXsn2GVGuEaJ8t1mvgR9qNABMiZFdJ1bkkNVgtrIQpY60iajWrtikVcN9vDmxVGJ3-Kzbi7pIxI2qc6cuXjf3W0veg8FxmXuOmFTsolCK6c3gQ
Крымские масла Малина ароматическое масло Масло парфюмерное 10 мл,216 ₽,75 отзывов,"Завтра доставит Ozon, продавец Южный Берег",https://www.ozon.ru/product/krymskie-masla-malina-aromaticheskoe-maslo-maslo-parfyumernoe-10-ml-294448041/?asb=o6gYKmTe%252Fa4AUOh0eMNI%252B2DHT8kb9UURCbzLDTfnJBc%253D&asb2=VSorbOByI6Gpz6O9lWFS7njwxSjI3FQ8VQ84BrGc20m58n-OQOlSIz_hO3eoWM5l
Крымские масла Сирень Крым ароматизатор спрей цветочные масляные духи Масло парфюмерное 10 мл,256 ₽,169 отзывов,"Завтра доставит Ozon, продавец Южный Берег",https://www.ozon.ru/product/krymskie-masla-siren-krym-aromatizator-sprey-tsvetochnye-maslyanye-duhi-maslo-parfyumernoe-10-ml-294288347/?asb=HfEUkvCR0IhoJZiLmEVDVLzvg3k0LkZJiky2FpFVwQ8%253D&asb2=KRokpX2xFKeETTxN59tFObvtgCjGpASd48mQEXKk9CTvySAdtaXzPOelIlVVEtNh
"Крымские масла Линейка фрукты, Сенченов Набор для ароматерапии 5 мл",198 ₽,55 отзывов,"Завтра доставит Ozon, продавец Южный Берег",https://www.ozon.ru/product/krymskie-masla-lineyka-frukty-senchenov-nabor-dlya-aromaterapii-5-ml-244660029/?asb=b982De1kXiTfVMBTDnu49BkvOTgKoKIPNJqrJRK0kvY%253D&asb2=qoBOXE0pvtD95VArku_ZL4nfbb5_aPP8y4BhopTxIGxyFRjuq5BUPglw6BrnhjVu
нирдош Набор для ароматерапии 20 мл,390 ₽,22 отзыва,"Завтра доставит Ozon, продавец Nirdosh",https://www.ozon.ru/product/nirdosh-nabor-dlya-aromaterapii-20-ml-433421779/?asb=b%252BAprNxT9LbMYk3gQUJwmUAurul3n%252FMINzAUO6S9FX4tR5NsV59HDAgm3JOzVc8E&asb2=zWddUNZi4rRfJrwtsV-ND5or5pj7-fN_jKdFr6e48NeaNTDi2D0iVNkSYfr8VBha3YCKWouaGGGiFDosXk04PmHEP-ZEy6RDvi6OMnTaPkZOhq2Q7VDnRgJzSj9cFBX_mGWacN54rqEzRc2I6EByBA
"Крымские масла Линейка фрукты, Сенченов Набор для ароматерапии 5 мл",198 ₽,55 отзывов,"Завтра доставит Ozon, продавец Южный Берег",https://www.ozon.ru/product/krymskie-masla-lineyka-frukty-senchenov-nabor-dlya-aromaterapii-5-ml-244610210/?asb=HJ0pwfhAN4BUAznEr7T%252FeKX0koLDxpxHk%252FPEkiQq%252B3E%253D&asb2=poHj-4qFA9qugWuO5uSf8wOS_7Bys87KWYEgS74vWe20jxNdopc7UPsXEm3yNdas
Бизорюк 4627128966313 Набор для ароматерапии 20 мл,188 ₽,7 отзывов,"Завтра доставит Ozon, продавец UNOVA market",https://www.ozon.ru/product/4627128966313-nabor-dlya-aromaterapii-20-ml-171508953/?asb=AIbQEehXWNJ3t3YmnmuwnWKqwSjKotTry95UxBr5wxs%253D&asb2=peqVlKmyrxNEE1XUc-VDUO3bdyQQNVuDlyY9QVhGdR74z6zaTP02xbjCcLGZWbVr
212f Ароматная баня Набор для ароматерапии 40 мл,711 ₽,22 отзыва,"Завтра доставит Ozon, продавец ИП Подневич Е.В.",https://www.ozon.ru/product/212f-aromatnaya-banya-nabor-dlya-aromaterapii-40-ml-424891281/?asb=%252FKEl3pxag2508XeCnd2mnCMGFte6mx9HGUlMZEIUE2w%253D&asb2=Yt90mjZE6jvPA6mFRHOWfj_hyN9uF4JcdPEFvmkE8DHXN64U_tAqARnHxyBLAN3a
Крымские масла Мускатель мускат белый спрей Масло парфюмерное 5 мл,198 ₽,26 отзывов,"Завтра доставит Ozon, продавец Южный Берег",https://www.ozon.ru/product/krymskie-masla-muskatel-muskat-belyy-sprey-maslo-parfyumernoe-5-ml-244573229/?asb=DAd65ZOEF1UFgUCUMaRLt1GdwfnBp188FChdoHn02A4%253D&asb2=mw76Z-l02RYzIxZp7tR08bYlKJu2Rah4mkVrvPdYx3GETnIO1qwuBso6n0CewddC
"Баня манит всех Набор ""Древесные ароматы"" (кедр, можжевельник, эвкалипт) Эфирное масло 30 мл",365 ₽,44 отзыва,"Завтра доставит Ozon, продавец ЛЕКУС",https://www.ozon.ru/product/banya-manit-vseh-nabor-drevesnye-aromaty-kedr-mozhzhevelnik-sandal-151222570/?asb=5hRUBnZ9Q3KTkQbGkc%252BNtnb0760300R8Pu7hP5Y68Fs%253D&asb2=WOSdxa8k9TUUIx-HQbfq3GFm3XMtPlghduFKt-wan_2oZadkBZ8u31nsZVk_DZel
Крымские масла Магнолия Крым ароматизатор спрей цветочные масляные духи Масло парфюмерное 10 мл,215 ₽,169 отзывов,"Завтра доставит Ozon, продавец Южный Берег",https://www.ozon.ru/product/krymskie-masla-magnoliya-krym-aromatizator-sprey-tsvetochnye-maslyanye-duhi-maslo-parfyumernoe-10-ml-243402546/?asb=klk2JOJzN2SIHvBl2oc8nVSR0VXjOukRrE1nh5Pc6mo%253D&asb2=aE1dG74m1vk4gIbhn1oHH0oRQ3XPyqe3EI-KRRge5cBW_IjwYKfBHu5ErCehbs7H
"Крымские масла Линейка фрукты, Сенченов Набор для ароматерапии 5 мл",198 ₽,55 отзывов,"Завтра доставит Ozon, продавец Южный Берег",https://www.ozon.ru/product/krymskie-masla-lineyka-frukty-senchenov-nabor-dlya-aromaterapii-5-ml-244565697/?asb=vSbhCENvXrc3v%252BlKmLWKJHVpUiU8GzlWwU0C7xh6JDM%253D&asb2=KpuqQcaKrHVvZZoq1AAaVulmO2PIRqTj_TlI6EgSG94Ork3VGc9TmvvMvfllmXlu
"Банные Секреты Эвкалипт, пихта, можжевельник, мята, кедр Набор для ароматерапии 15 мл",408 ₽,133 отзыва,"10 мая доставит Ozon, продавец У Петровны",https://www.ozon.ru/product/bannye-sekrety-evkalipt-pihta-mozhzhevelnik-myata-kedr-nabor-dlya-aromaterapii-15-ml-334398815/?asb=4LdRPJWPSv6BX5H5bDJmJzBT%252BbZoRv56NV%252FZ%252BXMrPXtSy%252FNKmKPK7J15gSyxSiqv&asb2=3PxSknXEaYEvJphFwrTp2gIATERg1CcXaPghf6Qnlh-E9GA3iERf0zCAsKHHQr_ugjuzd_O2goUMFr7iP6rByM_H41r_7C3WuRJK0vKDyKREI7aTX5QIsru7aId9tmOOPgcZ51kwRj1prkIdxEaiqA
