Пояс для единоборств FIRE ICE,356 ₽,48 отзывов,"Завтра доставит Ozon, продавец Faire du Sport",https://www.ozon.ru/product/poyas-dlya-edinoborstv-fire-ice-461008226/?asb=DBTU16qGz4p2SKeunGErM0S1vhOGBLy3Snmb5pB2%252B5MOm6kasw7hki0hWXPCWr%252Bo&asb2=Za0OtiBOdtMBgpDFxo_nZH6ucAmT_yVhOjs8a6xZ2LGBYtC7T5pT3wSU2qDGUE7LG1sKov_fvATcI5AyCL7Dv85fA8_KuOxHETQ_UZV7dRTD8tEknh6HlyLvAmBAyFZ6-brPkKDWFGF7I8y194eTOQ
Пояс для единоборств INSANE,379 ₽,74 отзыва,"7 мая доставит Ozon, продавец ООО ""Прайм Спорт Рус""",https://www.ozon.ru/product/poyas-dlya-edinoborstv-insane-301838714/?asb=30DanuDiTyHxJPTUW44B60FiEnssaPTjTmFvxh%252FIBkZIAqvy5FTv4haPMjsSeuQd&asb2=0_kT--MYhNar5jJ-rMEEIWOMUhHSiLRtQtOPWqCO8MtKqMcVVv2tgOHOIVcHS0EIUszQMuQRzWY6ZN6efKdtI3k_cqtwNtlOQvKmEf_3Z36OHcixGelJALj9VD9BxV3sq9n_YK5Cy8wgmIyYKv-4_w
Пояс для единоборств Rusco Sport,412 ₽,82 отзыва,"Завтра доставит Ozon, продавец SPORTAVA.RU",https://www.ozon.ru/product/poyas-dlya-edinoborstv-rusco-260-sm-zheltyy-160905918/?asb=iIZUsJToH%252Bv2l3K4DZUVFLsTmqvHpXZtGOL3apK9breTZd5XjA1VL8ocvzOcj4Ig&asb2=X2xILO_ITsXHGCXIGDnC8Ze7_yW9aRC0bNPlh9rEvzETtMMYRbiZpEWdIXD9Zogz8ta-eI5WNjsTqG3BmG8lRkw21L8AXSTP_lBgtetf6E0XqEgXS3wHq-KwsIqzAoTHrCivbaNC881zq27yNOuVoA
Пояс для единоборств Eskhata,504 ₽,90 отзывов,"Завтра доставит Ozon, продавец ESKHATA Sport",https://www.ozon.ru/product/poyas-dlya-edinoborstv-eskhata-370168704/?asb=R0%252Bvu8IfydNS84EN9I8eep9LaLyB0HQK0E%252F%252F5og7Ty4%253D&asb2=WE8Mrkk6Eo3vMrqld4xIpuAYAz5eht1IOW9n96VtEFcKPx809TNsUWI3_l2B0osO
Пояс для единоборств BoyBo,390 ₽,154 отзыва,"Завтра доставит Ozon, продавец FREESPORT",https://www.ozon.ru/product/poyas-dlya-edinoborstv-boybo-238282259/?asb=c2X4OOSW3cdR8DngN29Ta3Ockr7NhKkBs454jyHSaTa%252F5CJOS7JrZ0XwnMdouiQ3&asb2=3RO053_oa1uC1Cs2lY0L6gCAw56qvILDjLZTetp-_1Mc37lWJV1MfQbGA5cCxGlBSdU9x0Q0xoaVOSQSdTfW69ngbrICj1ip9bHYAXFM2py2dKG55iemf0PKV68RGhQPINrRPUtY-2eGeX-QxpfSAg
Пояс для единоборств DECATHLON,349 ₽,64 отзыва,"7 мая доставит Ozon, продавец Decathlon",https://www.ozon.ru/product/poyas-dlya-edinoborstv-decathlon-179524393/?asb=1XeVJosy485%252F09UtdwwqepA10iNJl8EipEFVujsJ2ng%253D&asb2=yjslsNOUGR9T-AyeQrNjf15_lioNXp0NrgFqt1Ly-HYsJ9IGtDbPHJzgGS9lJ9Vd
Пояс для единоборств TENGO,826 ₽,76 отзывов,"Завтра доставит Ozon, продавец ИП Потапова Т.М.",https://www.ozon.ru/product/poyas-dlya-edinoborstv-tengo-231053819/?asb=B0FeCcwMdOa%252FYjFptNwoJQ8c%252BJQUN7kOHiBD7zP8nHw%253D&asb2=AZlI_XRRUnPmb4eVC9c_UuChsW7wOuRsye_MjJeUSiGXhjlFTB3J6XImf5bx0kZf
Пояс для единоборств DECATHLON,599 ₽,48 отзывов,"7 мая доставит Ozon, продавец Decathlon",https://www.ozon.ru/product/poyas-dlya-edinoborstv-decathlon-179524413/?asb=WJRwbDtqeK2r9gD4I4V294EXfvOywbjw7wPaAl6qDBU%253D&asb2=FtdQp8NyrzHPWORQc1V5DuuryjscONzp4N2lOYGv5vJqVU4gxjl0ybPHr8HpW1AF
Пояс для единоборств TENGO,826 ₽,38 отзывов,"Завтра доставит Ozon, продавец ИП Потапова Т.М.",https://www.ozon.ru/product/poyas-dlya-edinoborstv-tengo-231104951/?asb=pCsKvt%252BqWw8bGLCmstwC79y5RrNkEJ%252F5%252FXWBuOYf9JE%253D&asb2=BQQ4y4HmXhlUS6tWJ9WLA_ku1jCtGTvYcJxrRC5mgmPrRE059tRnrzX7051zm50Q
Пояс для единоборств РЭЙ-СПОРТ,515 ₽,116 отзывов,"7 мая доставит Ozon, продавец РЭЙ-СПОРТ",https://www.ozon.ru/product/poyas-dlya-edinoborstv-rey-sport-222297318/?asb=wfuGpSvWjA4rIKmz7XFTaiveGEweXeBhwK4TNskLqCQ%253D&asb2=6js7uwLDBoa22ZEh8kWAwfv79b6tx77f6kJXSJAvPu9Lsk5bgFPJ-DHM7EIqX15a
Пояс для единоборств Atemi,492 ₽,16 отзывов,"Завтра доставит Ozon, продавец SPORTAVA.RU",https://www.ozon.ru/product/poyas-dlya-edinoborstv-atemi-225472629/?asb=4t5PIeDY52ntLfl6FtcCRA3znnXrVtyeS826vC0FFonJ0Hhft7uM5zO96mGYoWIh&asb2=JcRJ41CkouLsr8ZQ_G-0-LzjCUTjojH4HMF9dwn8I4O9r7m1T0kLLOjHKKxDbQzmfM_0e97Kx2FRoDULZfMYHEbbpQf9Cil0H0II8oIxpWoJ1tXkv1dKUZyMBzUPyINwzqjs44Z5pxNV4USLmfnx6g
Пояс для единоборств РЭЙ-СПОРТ,695 ₽,32 отзыва,"7 мая доставит Ozon, продавец РЭЙ-СПОРТ",https://www.ozon.ru/product/poyas-dlya-edinoborstv-rey-sport-266457153/?asb=1UBT4hj7tEkDScO213ZGEc3s3MqVr7JR6HJLj5chuU4%253D&asb2=Vi97e46q6YGJnwiOuB8ioBHxGhIoW4FrIayP_mA3nFGgm6srIPLwyaAu6IjxuH5c
Пояс для единоборств Rusco Sport,440 ₽,11 отзывов,"8 мая доставит Ozon, продавец Tion Delivery",https://www.ozon.ru/product/poyas-dlya-edinoborstv-rusco-sport-181189532/?asb=I1tOcdd2uBTw%252BkhRkBwGPffLaAGqSoH5XjwwIi9R%252F44%253D&asb2=ZVQiRwSg6REc0kJeAGfECuJw_dsplboGe8WjZRCNhxg2hhEvGqZ_uJd7uPKgAHNn
Пояс для единоборств Effort,439 ₽,7 отзывов,"Завтра доставит Ozon, продавец ИП Нарышкин Михаил Леонидович",https://www.ozon.ru/product/poyas-dlya-edinoborstv-effort-348230757/?asb=7VIeaGguamHV2pqxNgjlEf96menX46Bq0VEcG%252BkgL6%252BI8hYcpQv7TZMkjOlpkIDP&asb2=n5mLNdQnWGk222_VmgNbJVozZJF4O5V6BLgyZSpsm8qv_U8d4jHyv7xeoz0lWROR-DjO1k8_rLDvqWRw1itMEbhyZM-qZXelNxBTezd9BUBBeWbNg3uROSAY1O6raNIwe5p3J7wjH5TltW4evha55Q
Пояс для единоборств KWON,442 ₽,23 отзыва,"8 мая доставит Ozon, продавец Омега Актив Спорт",https://www.ozon.ru/product/poyas-dlya-edinoborstv-kwon-295323031/?asb=1o3lQzowJI%252FAQ%252BX5zku%252B509gC4%252BCJaWgtnCaoYh%252FnIE%253D&asb2=K4_BYFTLxqLcI_dXl1uRiTTQtl3yNnjEXBmTnLmfhNYWwvCi8HX2fNDZotrmAlE-
Пояс для единоборств TENGO,489 ₽,122 отзыва,"Завтра доставит Ozon, продавец ИП Потапова Т.М.",https://www.ozon.ru/product/poyas-dlya-edinoborstv-tengo-227293446/?asb=pqHvSI5ttdJSI6zxFAm6Q9NqOft57aKCftraSgsyhBI%253D&asb2=92FVOhB91LoJu4alllLiLGMriSWnlK803Cfjh3tF3nspQTi-kNPTpUT5midJAMEN
Пояс для единоборств Roomaif,450 ₽,31 отзыв,"Послезавтра доставит Ozon, продавец Alpha Caprice",https://www.ozon.ru/product/poyas-dlya-edinoborstv-roomaif-179593336/?asb=ibYkq4qmvrd1wQG9rYPZ%252BdviVH70G7gK1OnlQeW8AFU%253D&asb2=yuU_1je-elQucGJM7r4siqIpqBtSvWvbbt-QZFBFGwh7hmPEZQFEwuF6S9rIDPoB
Пояс для единоборств DECATHLON,399 ₽,4 отзыва,"7 мая доставит Ozon, продавец Decathlon",https://www.ozon.ru/product/poyas-dlya-edinoborstv-decathlon-317283138/?asb=iF5EC12cvYza2Vk5LBGINO0HPEQTDSTsCYxDWJRUJig%253D&asb2=T3kBjlTmzSITXTBHIkP1ELi0tmdnGJ6Lz9CL5Mt2AxukxJEw9-6uMIc3uUMI4ETP
Пояс для единоборств DECATHLON,399 ₽,6 отзывов,"7 мая доставит Ozon, продавец Decathlon",https://www.ozon.ru/product/poyas-dlya-edinoborstv-decathlon-174954024/?asb=oU3miO8Xbx3f1Bh4ajm2ypMWiPkpBcfNmpc9eF6bPvM%253D&asb2=mcN-nNXQONarnYkvQIbCKg8-0EjscWCtWlQ0To-HoFoplfEGBX0NRSk1oLHZPh-c
Пояс для единоборств INSANE,426 ₽,1 отзыв,"Завтра доставит Ozon, продавец SPORTAVA.RU",https://www.ozon.ru/product/poyas-dlya-edinoborstv-insane-522492704/?asb=eTye3pKawCXqS1syiw88xFd8suEglHpCTdkVs3i96q56LUWUiW07DJBvREjEcBCt&asb2=beN8Vd6oofvsY9r-m05VgEXHEhKUV_tnSvKImabq6jcXhZcLOAA4rTD2nw6DgXq-UUXHwoLZMKGBanF2xx7i-5gjmwKm_9hEI_rTEEO_brCz02MVqsYeEmSL0mEGRldzL5pYRR_oEp8cdCXpC-To1g
Пояс для единоборств Rusco Sport,423 ₽,49 отзывов,"Завтра доставит Ozon, продавец SPORTAVA.RU",https://www.ozon.ru/product/poyas-dlya-edinoborstv-rusco-280-sm-korichnevyy-160867888/?asb=QlQbofnqEvXmsfdkOaUiJA%252BlERIk%252FVXrE6gCQtyn%252Ff8O%252F3MaI2o82T2fmNC3lMxz&asb2=13z7zRo-dWOeJJqgXZU2JXz5QYW1rfnhIYEwWe7SmSWXG0MajDoAqFqynNatOcC301kjUxeUzrRKxzT8jBPzTPSLdeBgn47yZ7yxmy2e-kcOc7t1YAqWAVyzlZFa0P6P9hATiN3Q6L6ciCpghApo_g
Пояс для единоборств DECATHLON,899 ₽,29 отзывов,"7 мая доставит Ozon, продавец Decathlon",https://www.ozon.ru/product/poyas-dlya-edinoborstv-decathlon-174956346/?asb=ZiUDJqcJe6RTvoPfTr%252Bq%252BPt1vcbqRq5GJwn1HQz%252FoKo%253D&asb2=SbhcN2Ew0Z9L4lfGVyeRJGeYh2YB8pa_n-c6gyreGnUQ-sSwDnkQfRhFPezWbsoQ
Пояс для единоборств TENGO,514 ₽,65 отзывов,"Послезавтра доставит Ozon, продавец ИП Потапова Т.М.",https://www.ozon.ru/product/poyas-dlya-edinoborstv-tengo-213709083/?asb=M0zFrhrBTMm%252F2c54E1UFEf4QYR3Mh0%252BDeeJCnX7qkFw%253D&asb2=0osmUq7WWQZYVyY6RbkO4fw1Jrjvz88bETx-aERgWYXw6CJXtGe0DW4PgF02hxHs
Пояс для единоборств Jabb,590 ₽,1 отзыв,"7 мая доставит Ozon, продавец Olymp",https://www.ozon.ru/product/poyas-dlya-edinoborstv-jabb-476681133/?asb=On%252FtGbg%252F6%252F%252B7XIiIjEGFgIDeY5hyeW9kVAr7uFQW7tw%253D&asb2=vE2uFmPLDtS-5IHwT3PnwHIzuoXgWwoPJJsiHTCWo5YKSR9jQ8YGw_cDUbD4u0JJ
Пояс для единоборств REVGEAR,950 ₽,9 отзывов,"7 мая доставит Ozon, продавец ЛЕНДАР",https://www.ozon.ru/product/poyas-dlya-edinoborstv-revgear-220967359/?asb=y0ajNbT19%252FKiMqgxaTKB%252BbUoM2kPKL7t4ZgvApYcGDU%253D&asb2=PpKWvRsQoRsxKuzGXHyUXIOm6qZE0KoPPt4qSQrQimJmoDbSYUVutZEbzy8lUWX1
Пояс для единоборств DANRHO,473 ₽,12 отзывов,"8 мая доставит Ozon, продавец Омега Актив Спорт",https://www.ozon.ru/product/poyas-dlya-edinoborstv-danrho-295509397/?asb=Q2nYxnNHyMsGpxq172aFqUKAi7apW92B818wEqcw8eM%253D&asb2=UcMXfKpbsGKMuGIRFAW947Kg5x_fdtM1RAsOm06rriX9T7UYJG0CxT3C1IWTUn2M
Пояс для единоборств DECATHLON,449 ₽,2 отзыва,"7 мая доставит Ozon, продавец Decathlon",https://www.ozon.ru/product/poyas-dlya-edinoborstv-decathlon-174956337/?asb=SIfCL%252BQ7nVAWMEe9QnYGc2IynrpkxCg3HsNH1NkqDDI%253D&asb2=yAqjPPB_tiFSr8y1_VStWutpDiObEbPeKM6i47tlMwzXpUlschGq33j9nT1cpyZQ
Пояс для единоборств Rusco Sport,440 ₽,2 отзыва,"8 мая доставит Ozon, продавец Sportano",https://www.ozon.ru/product/poyas-dlya-edinoborstv-rusco-sport-267875416/?asb=6zq86PwkkDmRfml%252FHv0E8mVxy0qY%252FF7A0qC1apIAXSE%253D&asb2=SJDakZu7NmsLjm37pL9faHmh3J2b0GteUv_bWfTln4sIXNBjO3DOr_PWcDRg-75y
Пояс для единоборств РЭЙ-СПОРТ,695 ₽,24 отзыва,"7 мая доставит Ozon, продавец РЭЙ-СПОРТ",https://www.ozon.ru/product/poyas-dlya-edinoborstv-rey-sport-227017596/?asb=%252F3MESXXzHTa4XBzEnHICsbL5hFCX5L%252B564vaWaBx3Hc%253D&asb2=fgHs5fINU7eHia9CNawwv5yVP51lgidwovXIYx-XUlTT_UizidP1HKBLLkEzQ_ED
Пояс для единоборств TENGO,868 ₽,1 отзыв,"Послезавтра доставит Ozon, продавец ИП Потапова Т.М.",https://www.ozon.ru/product/poyas-dlya-edinoborstv-tengo-231037561/?asb=CEv8YM2kfGvcTmurjNc2odnPOApKQqgRsJU07BWdQDw%253D&asb2=v17x1mvsl7SXgiTCrelBBlsMJ-UrB6rnyKcVyhj8vqty8gRvGS8TlgyHsRuTLoWa
Пояс для единоборств AML,550 ₽,5 отзывов,"9 мая доставит Ozon, продавец Единоборец",https://www.ozon.ru/product/poyas-dlya-edinoborstv-aml-259994371/?asb=oDwUiZ0UobJgbUdsnicL8xOkp4uKlMonDwdIL3qZ32w%253D&asb2=cmEs9JyJ4rJ7A7O2A3jbEVqNKtydw8dJ52nnnDX9wJMWa8l8qfG_cd1IqKvG1Rl1
Пояс для единоборств,400 ₽,29 отзывов,"Завтра доставит Ozon, продавец SPORTAVA.RU",https://www.ozon.ru/product/poyas-dlya-edinoborstv-204293092/?asb=V1xEFU2SpQ6NCothuQOQK54SW%252FJhFFwPG%252F3FNZd45Ty25yQ45%252BFKs3sm3JnjI0oU&asb2=k6YZEty6G5zweBabkqRnd13dH7kv8BTDi-78_jUROncl6TDdK0BiyeeuS2Q-h_NrShTf0i8Ji-DbamLkjfhFxzFhiFnZeOcBnuwaTPdkOu-K1tj-j4GwcjsHvbSRN4ITC43A9a7C9HtMLW8UJZAjRg
Пояс для единоборств Zohan,399 ₽,5 отзывов,"10 мая доставит Ozon, продавец "" Фирменный магазин"" Zohan",https://www.ozon.ru/product/poyas-dlya-edinoborstv-zohan-359613903/?asb=rRbEOZ17%252FoqRgtmeoQsMuL4g0EkOs9eI7m7PdL009D%252FspNlShK6ZA6j08wltxg%252BF&asb2=myJZVDugqhQxHIcUPYO_8MxuYVmFAVL8uBKJpDf7dzCaTXryP1xJQrrJefgIahZe45SS1sc1TvO0U4I30eO1NfrSWxPI9zhVuWp7hOZl7jAzdw0afqKeIN9vVBDKDGRD4lOHvt8rMonVdbOIC1rKEw
Пояс для единоборств,400 ₽,23 отзыва,"7 мая доставит Ozon, продавец SPORTAVA",https://www.ozon.ru/product/poyas-dlya-edinoborstv-275727332/?asb=2Xa1wIMPoj6sny%252BW0sSxeihQ5jzjC7VdQFxsS8Y%252FfrItHNABI0Wi18GArRvKxDLZ&asb2=8Jazm7OZ_PCLfmPvuc4GKQaUnpI13m7jZxQ2j7kILmHx3fsL7KBydlRGNV81MgqQuQwE9xWYVqgXwz8-nOFCX6g9wE300Uae9Oa8tWjzH-2WUz_SZA0R0WRdEc4P9n_LpOHsLf5qjxFVtcZTj69fhg
Пояс для единоборств Roomaif,450 ₽,2 отзыва,"Послезавтра доставит Ozon, продавец Alpha Caprice",https://www.ozon.ru/product/poyas-dlya-edinoborstv-roomaif-zheltyy-universalnyy-razmer-160530434/?asb=%252Bp19jT3lr8%252F52Jqhwxjj7E8MS95wxwwSgFAhLvK0Vt8%253D&asb2=Eooc5DQaUG6xYT_3l6Zy3OsN7uC_BsM2ENHu2pv2OwmDityB3whsGleaqrryl-U3
Пояс для единоборств Rusco Sport,389 ₽,24 отзыва,"8 мая доставит Ozon, продавец Olyshop",https://www.ozon.ru/product/poyas-dlya-edinoborstv-rusco-sport-170847696/?asb=5nuTy8X%252B%252BRVQdXtor%252FAeZnKrOxYiwnC7UkK%252BGX%252FztfKLVh%252BZrjvwzPi457D%252Bh1P0&asb2=jBUwneqni7-0--pEEVCCPvgEJ7jZF41-3l151xHzmN5YTfTs0vrE5f1h7OUrVfiVoiRfuYjL9w47G6-SqpFw3N29V0TN2H-SbN-MKizZvTFf6Vz20nk2cAhDySA33xm7j1mG0Er90DwQ7c6KedGB4g
Пояс для единоборств РЭЙ-СПОРТ,695 ₽,9 отзывов,"7 мая доставит Ozon, продавец РЭЙ-СПОРТ",https://www.ozon.ru/product/poyas-dlya-edinoborstv-rey-sport-221660996/?asb=N3UuqCoKFgeKkFSJdG4rwlA3tXyZ16JYOoRWdk6AsSc%253D&asb2=sMAWfwu7NDOHAKesMco2U7BXI7XQB9fIssGaibCkYjJtXZblUYWhyyfofP8G6cR0
Пояс для единоборств Kango,730 ₽,6 отзывов,"Послезавтра доставит Ozon, продавец Perun-shop",https://www.ozon.ru/product/poyas-dlya-edinoborstv-kango-203312376/?asb=EoaVOvQvJoryfIKt9lXO7cAYIs1r8iwbB3TYe9BY8%252Fc%253D&asb2=AD4yHSRE-K-co4vam-7QwC9UeCHck8xKSU_fwUxIDjlUVLIbPwAf2hhe7CRRZpOF
Пояс для единоборств Rusco Sport,440 ₽,18 отзывов,"8 мая доставит Ozon, продавец Sportano",https://www.ozon.ru/product/poyas-dlya-edinoborstv-rusco-sport-267871909/?asb=q0ftSon9ZdOuWwC6yOk%252BU45wy%252B2NFTDbegAHrJNgLHk%253D&asb2=DEy5SS2Ba7ktV9Q3cryFx5v7edfaZGED65BtJsKyIuRA75LDOa4dqyUcs4RHYL5b
Пояс для единоборств TENGO,868 ₽,3 отзыва,"Послезавтра доставит Ozon, продавец ИП Потапова Т.М.",https://www.ozon.ru/product/poyas-dlya-edinoborstv-tengo-231126447/?asb=DsPcyOdli00yF3IBIO1xBhWTuMNS36fX9weqe6AZezo%253D&asb2=ellNIpl86Xf6T3BWTNHH102wO9swsyFtQApDvSOaF5D-scVW8vf3atk3dQmX5TE8
Пояс для единоборств Atemi,709 ₽,6 отзывов,"Завтра доставит Ozon, продавец Давыдов Д. Г.",https://www.ozon.ru/product/poyas-dlya-kimono-atemi-280-sm-chernyy-168681335/?asb=88Bs9dbwU%252BQGeYKifw9lpdAq1Yv37zs%252F4obbhqrm4w2dddQD5m9kdJHEej42aYnN&asb2=N6r4h_8SsquqF_BkkqTWswFHMW9IbSQGVgeWe9m9lrsp6ZfqIktEOyjQ8RBt3Yh-ILsk3GI3l67KSsV-OMQpY7vOHYkSwEqXVAFmEg92QyeAaYt7UessOJyo3ougR8BKXZOz95Y9nKbHZnhjVv6MBA
Пояс для единоборств РЭЙ-СПОРТ,695 ₽,7 отзывов,"7 мая доставит Ozon, продавец РЭЙ-СПОРТ",https://www.ozon.ru/product/poyas-dlya-edinoborstv-rey-sport-225855082/?asb=%252F1J9pMKHQs3FvcH3xhciVCr32%252ByF%252FNJilEXx7Ryg93s%253D&asb2=gyfeTOFm1Yb6Wj0spl1stQy2ncOU_QPB861apl4CITh-KrRLCPVY-Js1va48HUi0
Пояс для единоборств Rusco Sport,377 ₽,33 отзыва,"8 мая доставит Ozon, продавец Olyshop",https://www.ozon.ru/product/poyas-dlya-edinoborstv-rusco-sport-227130646/?asb=yXcqu6Ukbb%252Bc%252BxYLy7mGqO1IRjAijrCpHVEC5tn4DoCbMIaEE7DMi9S%252Ff895gKRP&asb2=y2c9ZcmT7UwnPCROF1NP4bQTSiTPNAb_Z2hkTnsfw8px-buOvbNdU5AQJ-0Y-V92YEwnCr3fypRDcNef1haUqsti-0fXeidz95jyMoEzjkMjB1jWlNLgIs8EcsSuYKKTiLrxCagJy4TAPlbXpIaZ5Q
Пояс для единоборств Kango,730 ₽,3 отзыва,"Послезавтра доставит Ozon, продавец Perun-shop",https://www.ozon.ru/product/poyas-dlya-edinoborstv-kango-203309503/?asb=CbhwVbljMN2MZmLY9OlQ0OCdASjxIljrGNIsXnpQU1c%253D&asb2=Bb4qeT2rOE2YixzRXi7bY3bEasYni79XiSgVwpE0Fw5562SV-m7nzCSMIHdRmFUl
Пояс для единоборств Kango,730 ₽,7 отзывов,"Послезавтра доставит Ozon, продавец Perun-shop",https://www.ozon.ru/product/poyas-dlya-edinoborstv-kango-244296283/?asb=%252BYB4ZnZdrx8SXiwMzHKSq2JmkEkIk1dJE689t0AiDJY%253D&asb2=xBxaFqbCchv6YNSaldbEsNSOHy1IvxjuUEAfLppmOL3bbRqigp1TRu0vFK-pRyVv
Пояс для единоборств Kango,730 ₽,2 отзыва,"Послезавтра доставит Ozon, продавец Perun-shop",https://www.ozon.ru/product/poyas-dlya-edinoborstv-kango-244260672/?asb=cA4%252BsAAK%252FiwLd4cGfcETIiiBXAn5fzcz74b8omMZH%252FU%253D&asb2=zRSXDbA4nY5HV-YrJXfx2Cjg-_6idyUKj7XiKh3rGCYc74JofLImJRKl1s6hYBMo
Пояс для единоборств KPNP,766 ₽,8 отзывов,"7 мая доставит Ozon, продавец ООО ""Айсико""",https://www.ozon.ru/product/poyas-dlya-edinoborstv-kpnp-258974286/?asb=UtL2XHbMw%252BYTQZMonrdMQlsjTdNC3DVgoIU0RnJNIJA%253D&asb2=Bw7cZ4QUGj18G79E26je32FU5472JA3d38HQ-BjGUe6d-E1979d0vhjjxSau02N1
Пояс для единоборств Rusco Sport,440 ₽,21 отзыв,"8 мая доставит Ozon, продавец Tion Delivery",https://www.ozon.ru/product/poyas-dlya-edinoborstv-rusco-sport-178533353/?asb=WXLHKsxOFRrdrZsrFVtO1XG8IHTG96asMNoFagzfu9o%253D&asb2=lj3P3P_JvV2DxlA6oaKKj4pUqYVFbU9-Zt7xPk3ZdLoaUa7vXIAli3P7baekbdtH
Пояс для единоборств Jabb,590 ₽,1 отзыв,"7 мая доставит Ozon, продавец Olymp",https://www.ozon.ru/product/poyas-dlya-edinoborstv-jabb-351709016/?asb=PZTdSFCSTP8VRpfoKmlRGqqVntg2ThwgYf%252B2p%252BeeLSg%253D&asb2=AUTncg-sR0dLQNMT4hE4fLqbBRcvleoaW1qi3zSsqzhvldU0gfcPRhGO2pDRpPQ4
Пояс для единоборств Kango,730 ₽,3 отзыва,"Послезавтра доставит Ozon, продавец Perun-shop",https://www.ozon.ru/product/poyas-dlya-edinoborstv-kango-203309536/?asb=R2IZjkTkLR6A55OK5NsSSP5Yxp0SeCE7GSVkOEgQEDw%253D&asb2=e2uOvnXo2-Qsl6CIaumlpTdPhWhO8HXjy34gsZbMJ2Y3KsmS4NxhZzW0zRqdXuA2
Пояс для единоборств KPNP,727 ₽,4 отзыва,"7 мая доставит Ozon, продавец ООО ""Айсико""",https://www.ozon.ru/product/poyas-dlya-edinoborstv-kpnp-259066914/?asb=ud%252BcOIsV%252FIAnnZTvrC7bBTxhKf42%252Fe3UctUOTkbOrvE%253D&asb2=m0NApad6kuscBn0lzwtoBYZhOeK0QoTcHGWSGpjgbwxl3DTjCMrB3ArMWacs2CzX
Пояс для единоборств STRONG BODY,399 ₽,1 отзыв,"7 мая доставит Ozon, продавец STRONG BODY",https://www.ozon.ru/product/poyas-dlya-edinoborstv-strong-body-283397529/?asb=DFHdYmoGX7ffgRMpTwJpns4jsg%252FNrDx6qFrHaZTyJCT9iiAKkutgNv4GK7GnfQf5&asb2=E_i9Ilptf2fxvv-vq1H_mxHMCJDe1gJvY-Ky4kQeYCcHc3a0WXZF3NfwY3ZKlg-uE7I983btutUqGVu1ae4I9XnuHHvBTqVrW16ybb0ULCWx421MtolVWSkSPyji25tUmlWlOpyiDLEd8do7zZQSBQ
Пояс для единоборств Arawaza,900 ₽,1 отзыв,Из-за рубежа доставит продавец Black Belt,https://www.ozon.ru/product/poyas-dlya-edinoborstv-arawaza-438096231/?asb=Tr0ulBXtOKsQGKNY8fa7U0GiUAfCpi0t1f%252FCczHv3YA%253D&asb2=4eIINOwVnOKeehY1c_E8Qsk2FYDwTMHrB63lG-4GzGRgh8uVTONvIFc6W77LXYOy
Пояс для единоборств TENGO,868 ₽,1 отзыв,"Послезавтра доставит Ozon, продавец ИП Потапова Т.М.",https://www.ozon.ru/product/poyas-dlya-edinoborstv-tengo-231105792/?asb=Zn1DKptJjsRcwLR%252BJCn65C6Pby7G9MV%252FTVakizl2%252BRo%253D&asb2=1-H64LEo8ADGE-fZfsSfKnHwydC6DipNszD7iKiO-BYMEzog6swaTZAh4XeW-2Z7
Пояс для единоборств Kango,730 ₽,3 отзыва,"Послезавтра доставит Ozon, продавец Perun-shop",https://www.ozon.ru/product/poyas-dlya-edinoborstv-kango-203309506/?asb=T50iVRSOC7iQ2hA8wWW5YddDij%252BIrKhCeLv%252FwI%252B%252BN%252Bo%253D&asb2=QZTICTNGfrV3YB4sLHbfAOTtUPBA2FmcO3TrHKjY12cuZSdIDloifO-0j4mnulds
Пояс для единоборств Kango,730 ₽,5 отзывов,"Послезавтра доставит Ozon, продавец Perun-shop",https://www.ozon.ru/product/poyas-dlya-edinoborstv-kango-203309496/?asb=vkiF2WdfLnPWgzzqaxa%252BTKvz6etPUWep4CUcmgzsIk0%253D&asb2=UkzSIe1ntordJYx3k4n7N3C1c3xNw8DOIiVQgsbHVw7nZhdjCKkCOsSmrGapu3Co
Пояс для единоборств Kango,730 ₽,2 отзыва,"Послезавтра доставит Ozon, продавец Perun-shop",https://www.ozon.ru/product/poyas-dlya-edinoborstv-kango-203312388/?asb=CK2m1haCvOLGGb7ugOuQhU3LsoMfdadwFlTsEpxU1YI%253D&asb2=iJCCCoKH8dgfeaTQw_WjkGi74TNUK_ftBC3yflWjoamzoEcnV4kGFAO7ftFvmSDj
Пояс для единоборств,295 ₽,1 отзыв,"10 мая доставит Ozon, продавец СпортАктив",https://www.ozon.ru/product/poyas-dlya-edinoborstv-513870875/?asb=Bt7TVD0RlZJFHQWF0fXMqL0XpjmBfYjRKb4yQ6E4viI%253D&asb2=tYoArbU4CoDMWV1PjfC2NeWfK7gedxu9PTp01zJ7fOjIcUaEA0t4Eo8hkwcVz4y9
Пояс для единоборств DECATHLON,499 ₽,1 отзыв,"7 мая доставит Ozon, продавец Decathlon",https://www.ozon.ru/product/poyas-dlya-edinoborstv-decathlon-271964275/?asb=%252F70kSMHPPtSoogTBjqFEPMwBY3%252FZ%252BUMehDvfMTEeKzA%253D&asb2=jjSi3LDVBvSKSWsaIGs8B9jXXQo6f4_mJALc0IA4zxIhZAhBl-SFD4LybRRypo8y
Пояс для единоборств Rusco Sport,440 ₽,1 отзыв,"8 мая доставит Ozon, продавец Sportano",https://www.ozon.ru/product/poyas-dlya-edinoborstv-rusco-sport-366777860/?asb=0vEq%252BGpp5u6Ww4cdjQlGP42Ycug9hqE%252Bo06sA33%252FAD0%253D&asb2=r_9wPsxXyYuL1VZjkFnWfACLQ_Y0Ju8zvB5WBZni43EUUfWHnNOWsp72ouHICHZw
