Эстетический интеллект. Как его развивать и использовать в бизнесе и жизни | Браун Полин,786 ₽,31 отзыв,"Завтра доставит Ozon, продавец Ozon",https://www.ozon.ru/product/esteticheskiy-intellekt-kak-ego-razvivat-i-ispolzovat-v-biznese-i-zhizni-braun-polin-204435513/?asb2=5STKn5qSkqK0jdXiKo3nmP-rQLQ8sFXZtM8GeYdeWfYMT9f-FXYTAKCUVa90RKyQ
InvestFuture IF Kids. Аня и Макс: первая зарплата,475 ₽,15 отзывов,"9 мая доставит Ozon, продавец IF Kids",https://www.ozon.ru/product/investfuture-if-kids-anya-i-maks-pervaya-zarplata-546445381/?asb2=flcwK3Q7Z9jLQpmTCgt619qKO3hxgifKFqdJBQ-XTLEN726_WK0lNgSJgKxl89W_
"Психотрюки. 69 приемов в общении, которым не учат в школе | Рызов Игорь Романович",714 ₽,62 отзыва,"Завтра доставит Ozon, продавец Торговый Дом ""Эксмо""",https://www.ozon.ru/product/psihotryuki-69-priemov-v-obshchenii-kotorym-ne-uchat-v-shkole-ryzov-igor-romanovich-346210226/?asb2=AdS2JDGhNEChIcJUHI_tzvJYd5YSlThXwCemxHyaWxadBQh2ujWkz1m-9CcbwLP6
Дом на диете. Канадский метод расхламления пространства | Лиффорд Дженнифер,271 ₽,30 отзывов,"Завтра доставит Ozon, продавец Торговый Дом ""Эксмо""",https://www.ozon.ru/product/dom-na-diete-kanadskiy-metod-rashlamleniya-prostranstva-lifford-dzhennifer-250971636/?asb2=FqgvCFZJ8QPp_dZqdCO6ynChWXp1uT26L57wmkfWHHdiGD9tVmq2gv3HJdNF93nL
От хорошего к великому. Покетбук,406 ₽,4 отзыва,"Завтра доставит Ozon, продавец Торговый Дом ""Эксмо""",https://www.ozon.ru/product/ot-horoshego-k-velikomu-poketbuk-529025535/?asb2=CWJF_HD-sGrBTb5861u_o_zpV9QiAKSRQ-e1U-FLmOPent672SL84hXOzqgUPfmT2Lzv0yuoRj-lGls0yHK6yA
"Почему одни страны богатые, а другие бедные | Аджемоглу Дарон, Робинсон Джеймс А.",938 ₽,191 отзыв,"Завтра доставит Ozon, продавец Издательство АСТ",https://www.ozon.ru/product/pochemu-odni-strany-bogatye-a-drugie-bednye-232959715/?asb2=biYjLuNmapeP9FrGpicQppr1JPzpgUSKTTNwvH_YkZDSnphmXBXGjFRSTYdiDsjjc_9hvPBsMJ8NZifkA34Tcw
Как устроена экономика. Покетбук нов.,557 ₽,7 отзывов,"Завтра доставит Ozon, продавец Торговый Дом ""Эксмо""",https://www.ozon.ru/product/kak-ustroena-ekonomika-poketbuk-nov-506684757/?asb2=8CJO00ivGtt7vRs93MpwwdBhJmW6YspEPypn32dCkI5eswdUTL5Z128diyNkWYPhYvTxDydbJ3e2j1l-IMCh5g
"Книга отзывов, жалоб и предложений.С инструкцией по заполнению.",120 ₽,142 отзыва,"9 мая доставит Ozon, продавец Ozon",https://www.ozon.ru/product/kniga-otzyvov-zhalob-i-predlozheniy-s-instruktsiey-po-zapolneniyu-428843634/?asb2=BYk-_XEyPDvDazcbt3Z8aBs6a0mElWzwY5zTKsiABja4x-7t2e3gMNIl7HFlvoKq
"Бизнес без MBA. Под редакцией Максима Ильяхова | Тинькофф, Ильяхов Максим",425 ₽,42 отзыва,"Завтра доставит Ozon, продавец Торговый Дом ""Эксмо""",https://www.ozon.ru/product/biznes-bez-mba-pod-redaktsiey-maksima-ilyahova-tinkoff-ilyahov-maksim-379264934/?asb2=kUy0c9d4z9hz432bqgdv0SM3ZihfhpRGsnhWtBQG_pEIF4CkKM0u5dRFv3jEEng0
Искусство обмана. Социальная инженерия в мошеннических схемах | Хэднеги Кристофер,734 ₽,32 отзыва,"Завтра доставит Ozon, продавец Альпина. Книги",https://www.ozon.ru/product/iskusstvo-obmana-sotsialnaya-inzheneriya-v-moshennicheskih-shemah-hednegi-kristofer-251214429/?asb2=55Bd17nyD7qe3NxIHaKx5XM9LItLRa2EaPaIL90bHazjoDvtP9WIPC-_xiasjHgD
Теория каст и ролей | Крол Алексей Владимирович,938 ₽,76 отзывов,"Продавец Торговый Дом ""Эксмо""",https://www.ozon.ru/product/teoriya-kast-i-roley-krol-aleksey-vladimirovich-548979359/?asb2=6py54eJBbt6OVkeQkkl3VZYtO2UFfAxca8aMbJJV9aClZpNMXL6ik-4oBBQlrtQg
Клиенты на всю жизнь. Покетбук,492 ₽,3 отзыва,"Завтра доставит Ozon, продавец Торговый Дом ""Эксмо""",https://www.ozon.ru/product/klienty-na-vsyu-zhizn-poketbuk-507005022/?asb2=RASi9hJRw7RRJ8fEPOZdi8eIMxdZ601eeHYb2GGqQWfuiw_Ohh06xvp7gN6jYAPbsSNcXyn0yhC4wgWAkr7DIQ
"Книга заклинаний для новых ведьм. 130 простых заклинаний и ритуалов, чтобы изменить свою жизнь | Хауторн Амброзия",673 ₽,57 отзывов,"Завтра доставит Ozon, продавец Торговый Дом ""Эксмо""",https://www.ozon.ru/product/kniga-zaklinaniy-dlya-novyh-vedm-130-prostyh-zaklinaniy-i-ritualov-chtoby-izmenit-svoyu-zhizn-317165874/?asb2=SoYrTWjDSALVo_arqDXH-iHnHdZGg8Os4ieGX2LwkCxGPPIJs-OLI1DdZJVTiXrH
"Криптвоюматика 2.0. Стань сыном маминой подруги | Антонов Алексей, Марков Алексей Викторович",507 ₽,71 отзыв,"Завтра доставит Ozon, продавец Издательство АСТ",https://www.ozon.ru/product/kriptvoyumatika-2-0-stan-synom-maminoy-podrugi-antonov-aleksey-markov-aleksey-viktorovich-261842380/?asb2=ohgU3uzrgXyrJrZx6IFGnSYPHnxc8RgmN3NiCaCiWwxKJsh7T--yuMw6oyL25UXODIX08eGzHcMUaO_-hczKsA
Капитализм: Незнакомый идеал | Рэнд Айн,306 ₽,20 отзывов,"Завтра доставит Ozon, продавец Альпина. Книги",https://www.ozon.ru/product/kapitalizm-neznakomyy-ideal-rend-ayn-250431116/?asb2=oUTIKuiw87Wcn1c778YZhh02DdaosBFh07gtoBj0RJb6tjTBofs720Xzsqs4S0WpAt7l4yLYTMod_s8N3xy1BQ
"Империализм, как высшая стадия капитализма | Ленин Владимир Ильич",164 ₽,36 отзывов,"Завтра доставит Ozon, продавец Издательство АСТ",https://www.ozon.ru/product/imperializm-kak-vysshaya-stadiya-kapitalizma-lenin-vladimir-ilich-482332003/?asb2=iqjUPQyVIT3h0bVOx96xD0ocoRm9gaYTNzV71uk0LRJWywQ4XaTm0DOkulYQzqshnE93_0bb8wOTnjxEyzPsJQ
Правила переключений в электроустановках,168 ₽,43 отзыва,"Завтра доставит Ozon, продавец Ozon",https://www.ozon.ru/product/pravila-pereklyucheniy-v-elektroustanovkah-378590574/?asb2=dD59jcXuY7T2TGrKOs2DIaBrFolcRKQXGLc7EKv58L83XBjnJrlux7G00ay8CO_s
Человек покупающий и продающий. Как законы эволюции влияют на психологию потребителя и при чем здесь Люк Скайуокер | Молчанов Николай Викторович,985 ₽,117 отзывов,"Завтра доставит Ozon, продавец Торговый Дом ""Эксмо""",https://www.ozon.ru/product/chelovek-pokupayushchiy-i-prodayushchiy-kak-zakony-evolyutsii-vliyayut-na-psihologiyu-potrebitelya-i-301287115/?asb2=w-HXKsKjwySMti3vucfizWS4IBoRS88FBSfAefbAo4-WT0tK05lL_g5ukSxTc7qi
Обращайся с деньгами по-взрослому: Финансовая грамотность для детей от мобайликов | Гридин А. В.,269 ₽,35 отзывов,"9 мая доставит Ozon, продавец Феникс ТД",https://www.ozon.ru/product/obrashchaysya-s-dengami-po-vzroslomu-finansovaya-gramotnost-dlya-detey-ot-mobaylikov-gridin-a-v-370614424/?asb2=g0OqSSeRCTJKYs9vNdoK06eLuKijXeZebFE_UPjQejSYeho13L5ytDl7Hf6EaN80
Анатомия человеческих сообществ: Как сознание определяет наше бытие | Буайе Паскаль,576 ₽,22 отзыва,"Завтра доставит Ozon, продавец Альпина. Книги",https://www.ozon.ru/product/anatomiya-chelovecheskih-soobshchestv-kak-soznanie-opredelyaet-nashe-bytie-buaye-paskal-254612982/?asb2=kFRl67_RK5TeKtfcwYYn4ILa4kYNPIkkM4FbWQBOvZIBwTuM9TQPrTd6jJL9AYPXHsVgx-E3EyGOCq2r9yn46g
"Digital-маркетинг. Главная книга интернет-маркетолога | Гавриков Андрей Владимирович, Давыдов Владимир Владимирович",631 ₽,19 отзывов,"Завтра доставит Ozon, продавец Издательство АСТ",https://www.ozon.ru/product/digital-marketing-glavnaya-kniga-internet-marketologa-gavrikov-andrey-vladimirovich-davydov-494953829/?asb2=JvNsACUF2D8Fq-CWJqdSkdBQHtlqHD3ifQzx1Qd16ydiUuUlC3EI_seDMt6ez77AyOA3yckvGpRsaO2N_PZ6kg
"Начни с ""Почему?"" Как выдающиеся лидеры вдохновляют действовать | Синек Саймон",714 ₽,50 отзывов,"Завтра доставит Ozon, продавец Торговый Дом ""Эксмо""",https://www.ozon.ru/product/nachni-s-pochemu-kak-vydayushchiesya-lidery-vdohnovlyayut-deystvovat-sinek-saymon-249195664/?asb2=P61Dpihn5aWSoBwwuj4EEfB3wMbB4l2xYgAeWo0-rBZFLu_GBYQ3-AX8c8kC78fw
Капитал | Маркс Карл,225 ₽,167 отзывов,"Завтра доставит Ozon, продавец Издательство АСТ",https://www.ozon.ru/product/kapital-marks-karl-322232547/?asb2=efym9Q1siHnlsXpg4QzxlPPWWuBI8Kg19Y9A-InOemxiFzZMDn7CzBYiJdG1M6brgcse1pThbRKk7xuyFUTODQ
Как не сойти с ума. Навести порядок в мыслях и чувствах | Перри Филиппа,549 ₽,73 отзыва,"Завтра доставит Ozon, продавец Торговый Дом ""Эксмо""",https://www.ozon.ru/product/kak-ne-soyti-s-uma-navesti-poryadok-v-myslyah-i-chuvstvah-perri-filippa-250969941/?asb2=8SB5N6ZsifGfk3kax0GSHDZU6zl_apLeoh0hsYk6HFiL-nS9QqVB8RgYsL7RRazz
"Тренинг по нейромаркетингу. Где находится кнопка ""Купить"" в сознании покупателя? | Ренвуазе Патрик, Морен Кристоф",789 ₽,23 отзыва,"Завтра доставит Ozon, продавец Торговый Дом ""Эксмо""",https://www.ozon.ru/product/trening-po-neyromarketingu-gde-nahoditsya-knopka-kupit-v-soznanii-pokupatelya-renvuaze-patrik-249414683/?asb2=sTckr4oGUc7tNyufNX8UWGMEcEj_TItI225jEB9CK4aBN1-zWeJFjo9SDX9Dh3Es
Исследование о природе и причинах богатства народов. Кн.1–3 | Смит Адам,225 ₽,37 отзывов,"Завтра доставит Ozon, продавец Ozon",https://www.ozon.ru/product/issledovanie-o-prirode-i-prichinah-bogatstva-narodov-knigi-1-3-150262199/?asb2=wgt4w2heH2ILAYXAsAS1aoW5jtGkd_GbODnzNwZYAaYWtGanETFUlZrPbJHy_3Hv
"ЕГЭ. Обществознание. Новый полный справочник для подготовки к ЕГЭ | Баранов Петр Анатольевич, Воронцов Александр Викторович",235 ₽,136 отзывов,"Завтра доставит Ozon, продавец Ozon",https://www.ozon.ru/product/ege-obshchestvoznanie-novyy-polnyy-spravochnik-dlya-podgotovki-k-ege-baranov-petr-530330033/?asb2=R5i1mdjXiUyRXQH2mns2Qw9NGhHKhYFArInkbMkccRYHJGxELcoWSL68QxFVsyGW
Новые признания экономического убийцы | Перкинс Джон,612 ₽,17 отзывов,"Завтра доставит Ozon, продавец Ozon",https://www.ozon.ru/product/novye-priznaniya-ekonomicheskogo-ubiytsy-147903752/?asb2=5h-kI-3jovY7OVON0FsbDLrc1ZLinHRnju9BXsXb7U6cxBHxiSKWfMlYi4DPGAI6
Лидеры едят последними: как создать команду мечты | Синек Саймон,460 ₽,43 отзыва,"Завтра доставит Ozon, продавец Торговый Дом ""Эксмо""",https://www.ozon.ru/product/lidery-edyat-poslednimi-kak-sozdat-komandu-mechty-sinek-saymon-253326210/?asb2=DJCxJ_RTmHDKrPBeq1BIx8pVX-Q3JbV8eifhMbX2Ep6XEi66KEzJKOMCOQ1iCsek
Подарок гениальному руководителю. Трансформатор. Эксклюзивная бизнес-коллекция,236 ₽,163 отзыва,"9 мая доставит Ozon, продавец Торговый Дом ""Эксмо""",https://www.ozon.ru/product/podarok-genialnomu-rukovoditelyu-transformator-eksklyuzivnaya-biznes-kollektsiya-266904327/?asb2=BMNCDclaaM30U4eXAQOmuXYRcKMwBA6jlLHj603uAZvPQyzRQk3-FCLhbURKz7kY
Хочешь выжить? Инвестируй! 65 шагов от нуля до профи | Баршевский Григорий,672 ₽,12 отзывов,"Завтра доставит Ozon, продавец Издательство АСТ",https://www.ozon.ru/product/hochesh-vyzhit-investiruy-65-shagov-ot-nulya-do-profi-barshevskiy-grigoriy-473576988/?asb2=4s8tFm35yQ6sSHHzo6JguVVPdwgdQ-r-D0Z3vAh-vVWXmduJ5EdWcPgrn1luRnKuU8NR_ei72930zBoR8YXmeg
Narconomics. Преступный синдикат как успешная бизнес-модель | Уэйнрайт Том,605 ₽,109 отзывов,"Завтра доставит Ozon, продавец Ozon",https://www.ozon.ru/product/narconomics-prestupnyy-sindikat-kak-uspeshnaya-biznes-model-154794094/?asb2=BT-iWxINTWlRUkgikBmH3931es2NiR2D-AAtYrbMXrwOoahTSaJVqutQIc5ilACI
Выходя за рамки лучшего | Мартин Роджер Л.,140 ₽,3 отзыва,"Завтра доставит Ozon, продавец Торговый Дом ""Эксмо""",https://www.ozon.ru/product/vyhodya-za-ramki-luchshego-martin-rodzher-l-270335912/?asb2=B8riXzTzriVD8d62QT3NlFv0j1pXoxFo4KKgVnK5zPJiQaq7N1xzauJqVVhlvkdj
Бумеранг. Как из развитой страны превратиться в страну третьего мира | Льюис Майкл,604 ₽,26 отзывов,"Завтра доставит Ozon, продавец Альпина. Книги",https://www.ozon.ru/product/bumerang-kak-iz-razvitoy-strany-prevratitsya-v-stranu-tretego-mira-lyuis-maykl-231112377/?asb2=2bY0otU5DY0yP36YXUE14eZzzZJr89I9V2Zt4S7kXqfhSbAaCo8yYxW6OKz39wKuR1B5p9htxPdzOocTA_wBtw
Переговоры с монстрами. Как договориться с сильными мира сего | Рызов Игорь Романович,612 ₽,30 отзывов,За час курьером Ozon Express,https://www.ozon.ru/product/peregovory-s-monstrami-kak-dogovoritsya-s-silnymi-mira-sego-147103993/?asb2=_vggQrYG75yof70KxSXkUpEVqYjlFVQYVcAEAB0KIuu5F1rHWTofBT3AVFpNtz10
"Новая карта мира: Энергетические ресурсы, меняющийся климат и столкновение наций | Ергин Дэниел",981 ₽,59 отзывов,"Завтра доставит Ozon, продавец Альпина. Книги",https://www.ozon.ru/product/novaya-karta-mira-energeticheskie-resursy-menyayushchiysya-klimat-i-stolknovenie-natsiy-ergin-deniel-231110881/?asb2=LRqUzL8Me0AzDk0tpA-Qsmup5H-RbZSj6J_jHbz8ek5TZoPfBioNSIv0O0teWmeBcVV9GNNLpB5V64TUHX_QyA
