Чайный домик,194 ₽,2 отзыва,"Завтра доставит Ozon, продавец Фабрика счастья",https://www.ozon.ru/product/chaynyy-domik-299604211/?asb=VW%252FZTxWe4jXU%252Fvuj2GDNDdZ9LKwaY%252BwySjsi2jpeDxc%253D&asb2=3P7KC5ahSWpkciLvJtFSY4Z2oMeNy5oHe0f9mWadqU0tM5WZJ8SIMctVkXcRQqdQ
"Чайный домик, 31х13х25 см",348 ₽,11 отзывов,"Завтра доставит Ozon, продавец Фабрика счастья",https://www.ozon.ru/product/chaynyy-domik-31h13h25-sm-299605310/?asb=%252BzGTQS9WX6Dqe33m2HEujgWQR9HMqN90donXgsHGhHhQ6eH4UTX7%252BDQg2fg5hvqe&asb2=6be43CmCikdqkHXMutzXhBqY0DjcplAy6FLEOqAdP54X3YLjz9NTZJUkIq4k7Wwe_AiZNp23nlZnHEkASrHNl4SFGDxZtrvrTpmdafDRI8ZsOgU2UlkZ1vB68BWmARRXTIIybLELFqjwDdHYXU95HQ
Органайзер для чайных пакетиков (до 45 шт) / Коробка для чайных пакетиков,569 ₽,135 отзывов,"Завтра доставит Ozon, продавец MARKOV.DESIGN",https://www.ozon.ru/product/organayzer-dlya-chaynyh-paketikov-do-45-sht-korobka-dlya-chaynyh-paketikov-382689636/?asb=wjAcXwkwqJCVDSLHPYAcZgiUwiThSj%252FyMtFqzfHtSRU%253D&asb2=A02NS_u8PopUNpwiZiHWElL5Dc8h2tnyJj9_sOiIzJZcAnV0Op1IlASdKLfinm6h
"Чайный домик, конфетница",324 ₽,22 отзыва,"Завтра доставит Ozon, продавец Groverbox",https://www.ozon.ru/product/chaynyy-domik-konfetnitsa-482207838/?asb=8U89UNSCg%252BANr5dbLvJNDyM1tJ1lr0avbDePOTIVDvvvefDLFVDAsXdBB1tWLOVr&asb2=nsBPw1xbnC2Yc6mbp15evkLYbe2DxtkJvjmgGyQiAys9qQh8jZIOAP5-FqTg0eIpzoJEsowaIqNNzEl0MMwE6AJOQq9MePkX9ZfYU8wzFHtnZRCJrNIpfNaUzJKV0kpr-PKJiatMrjv7D7hR-03QYQ
Чайный домик,231 ₽,3 отзыва,"Завтра доставит Ozon, продавец Фабрика счастья",https://www.ozon.ru/product/chaynyy-domik-299604201/?asb=ImOu2iNyFEEdIRqxVFm%252Fs06zOqhcjPG20egfZqvoQX8%253D&asb2=XN9NvUTKxXwZWTUTCb6ZKQBCnY-6IUl2g_AQKcGhkzYeo3MZlHGziG4Sj4-N63ga
Чайный домик,194 ₽,17 отзывов,"Завтра доставит Ozon, продавец Фабрика счастья",https://www.ozon.ru/product/chaynyy-domik-299606133/?asb=1PLRxVYmpl4InxJ1OkE6Z8pfx41bbLIrXZdwRq7XqE4%253D&asb2=0Xp-RnN_SwVTv2Wwbq3r1yeiAdVVhs4m9S3yBM5DQCKkUnIB76Y3leCWcEVZ4Sxl
Органайзер для чайных пакетиков (до 45 шт) цвет Венге / Коробка для чайных пакетиков цвет Венге,569 ₽,135 отзывов,"Завтра доставит Ozon, продавец MARKOV.DESIGN",https://www.ozon.ru/product/organayzer-dlya-chaynyh-paketikov-do-45-sht-tsvet-venge-korobka-dlya-chaynyh-paketikov-tsvet-venge-501254376/?asb=aSOKeO0Y7sf2wXZvS3hHvoyuaS0AOU%252FSCY9Qcr77U6g%253D&asb2=riuMTPpa8qPgXwGHp0-UaukZv9IlN3uKUj6FLoIg3nCChgmE1Axmj6CacVHQ_Il-
Чайный домик,205 ₽,6 отзывов,"Завтра доставит Ozon, продавец Фабрика счастья",https://www.ozon.ru/product/chaynyy-domik-299604345/?asb=iRE0Gdi5WuZm7yxyI51NE8%252Feiwsv8sozM879PPMaDzI%253D&asb2=s77DgNA_8v9Gei3o4KvwEkZyacvKqI0iIwLhmVAIv-ttitqhilcFKwPhz0Aomwmo
Чайный домик,242 ₽,2 отзыва,"Завтра доставит Ozon, продавец Фабрика счастья",https://www.ozon.ru/product/chaynyy-domik-299603604/?asb=wN%252FhW1rE0bApxUMLPkenf%252B0FW3iTdGhT0VcsnXH4dDI%253D&asb2=R0NKzji8ySihedb11mP9QUmKUENeRwBsQ8FMGC_H85EIZxvZHH2O1cqJeYNI4Uyg
"Ящик для хранения чайных пакетиков ""Цейлон"", 4 ячейки, 16х13,8х6,5 см, цвет бежевый",555 ₽,6 отзывов,"Завтра доставит Ozon, продавец HOME STUFF",https://www.ozon.ru/product/yashchik-dlya-hraneniya-chaynyh-paketikov-tseylon-4-yacheyki-16-13-8-6-5-sm-445302424/?asb=sum%252FHNnBHi%252BAJ9KiJ43Vq1uebtWC84JwVSN2jwh2k%252BxRBc1Vo21ViI7FUQRrjLET&asb2=k1wK2H8Dc2W0BmhGewcj-_VBGO92nlwpLKDX_KAzyO6A2kg28oY8lQpgY5Njj2tA59Yt_wGiDezanUNK8yqAc1MANCG-5y0LzZ3ZoCI5JKLRlWN91JVfQKl_uF_BODOiDDKwbsiZbuR4vbSA6XzfpA
"Чайный домик, 9х9х22 см",146 ₽,10 отзывов,"Завтра доставит Ozon, продавец Фабрика счастья",https://www.ozon.ru/product/chaynyy-domik-9h9h22-sm-299606011/?asb=1ESwmH3%252BgVo6qHFCajXyHii0JsICgE9jC6ptsFsy7XFIYxUHzJmB9MAuUXGbg4s4&asb2=m652m4iqBb5k3bt966lshS4PetWAUH_DNscuRA0QBSD9D4Vm_85QG9Curj7Hzy3q04AZeZv3eC6IZ85FJCuNMJcxfzRQE5hhXf7hOniDQiRFRDyJksBDCjevun6Y5qG5kgJzIHCBFOJF8C7WjzRJrg
Чайный домик,215 ₽,4 отзыва,"Завтра доставит Ozon, продавец Фабрика счастья",https://www.ozon.ru/product/chaynyy-domik-299604226/?asb=HbddgYI3ZU6RD4fEEdaZsisHUdBpUQBD%252BP95KM5ZrJI%253D&asb2=kQS58L224nuQqvAzC8sPq6WgL3vJSx7k6S9IKUqLFeGlaz_Y8m2OcPvNTzDS75-Q
Чайный домик,142 ₽,7 отзывов,"Завтра доставит Ozon, продавец Фабрика счастья",https://www.ozon.ru/product/chaynyy-domik-299604209/?asb=vQ1oy0UnXFvAt%252FwdprbXPOXu3fzYAoTLpMYnQ8QtgiQ%253D&asb2=vv15q77UMCpAnF5AJY5r7yzbiZDrm4QHfBvG4c0mRsdYWn77pUbOFBw_2Z0J8zQq
Органайзер для чайных пакетиков (до 90 шт) / Коробка для чая,759 ₽,135 отзывов,"Завтра доставит Ozon, продавец MARKOV.DESIGN",https://www.ozon.ru/product/organayzer-dlya-chaynyh-paketikov-do-90-sht-korobka-dlya-chaya-352062483/?asb=MH30MHJt0wowI1yWsVaWY7QUrH%252BgtEDEydhwvPMsxwk%253D&asb2=O1Szlxut36saAk7_PBfxIpSj8eZrGVTVZg0pF-Ns_rNh41-47aU7nzh1GsZwOa5O
"Коробка для чайных пакетиков, Подставка для чайных пакетиков, 11х10х18 см",224 ₽,22 отзыва,"Завтра доставит Ozon, продавец Groverbox",https://www.ozon.ru/product/korobka-dlya-chaynyh-paketikov-podstavka-dlya-chaynyh-paketikov-11h10h18-sm-544257015/?asb=i5ILiWX6O8eLqgWLO6tDSOKq7HOOaA4By7BRDfDlPwNnXd52ZjeDgzC7UVqtW2aO&asb2=r_WIIXDjlASM_o9cO7Pgb7RFW-bfkwoNVZIK0jbUvctifiPCeS15l2NfLe-8LDKEMUkS0h0C9myfT6dCNMzlZtyKuqn1K3WB-ZlaGhplOgxlGdSmw0lWPiviapRz41rW_okcOMZHcYUzl8EfGc9F6w
"Чайный домик ""Баба-яга"", 17х15 см",650 ₽,17 отзывов,"Завтра доставит Ozon, продавец Домашний Уголок",https://www.ozon.ru/product/chaynyy-domik-baba-yaga-17h15-sm-351327531/?asb=PamcnQ1l1NcTh6exwCKZ7gthW1Pybkky8LOEL4kaSS4%253D&asb2=q1aAGYfuR0-5in_NKa_I3KPJgYtoJMqbqpUBZZ6wP1kdfyrN4GJ-DaK-XZOeFme9
"Чайный домик, 9,8х9,8х17,4 см",216 ₽,2 отзыва,"Завтра доставит Ozon, продавец Фабрика счастья",https://www.ozon.ru/product/chaynyy-domik-9-8h9-8h17-4-sm-299605435/?asb=eoUJobVsglQ5tk60ipXiH%252FukijM0Uvm5Cw6pRDufWIk%253D&asb2=F4xLbZPMC8Skg7r-FxqAvGSMon98EhyoRd7dI1q4dgKVKT-qlP2UOyc7uEueAMYH
Чайный домик ЧайЧай,221 ₽,19 отзывов,"Завтра доставит Ozon, продавец ЧайЧай - интернет-магазин чая и посуды.",https://www.ozon.ru/product/chaynyy-domik-chaychay-202906841/?asb=B7BZY0g7Rfmg%252Bo7Z0VCPd7daxThl0FB%252BK3aD3krvNXbrlxept0ulYZB22jXfsWF2&asb2=bAVlILRoUTWBQc3LYacOG0hVpqf_xTtt_FShhzIl_Cqctdqv2EJvqfvnoZDCYr35lP_WLBXkgJJYo5_6KZEuCB0itnMDmgiFiI0fs2XKWbeKs9pfGaIItyugw5FJFDDKiN1n3jZPIjlYsyJw6XLvgg
Чайный домик,180 ₽,11 отзывов,"Завтра доставит Ozon, продавец Фабрика счастья",https://www.ozon.ru/product/chaynyy-domik-299604455/?asb=alc1jJ65KM%252BrOW%252FVKhcTfGZGs78%252FxmG2oHt7AXCi9kk%253D&asb2=NIQGtasf5VGjz7_H1kK737xMjhWuh3EtDLChQb2IkUruHncoQciPgtOf1vW7H0h4
"Чайный домик, 27х11х22 см",204 ₽,8 отзывов,"Завтра доставит Ozon, продавец Фабрика счастья",https://www.ozon.ru/product/chaynyy-domik-27h11h22-sm-299604119/?asb=Wgyjq2IN6G1Mw4nHxcKcQSyh5kP3EccWwlxu7mdOIQNnnBmjHT0MCgIfYNraHPl5&asb2=A2rvjUYmRYXY8EKoryDDGQdiMqthnscdt86p_iaWiZVzx9wqdJWj8ONXa7GtZjmKmzdthJgR-N0LkXLXUghh2WagavoHnsXEf2UFUhxC6qRq96EzdKnaDEfpE_M4mrdQ3qi_zzpIwNpZQEwX53kFWg
Органайзер для чайных пакетиков (до 135 шт),996 ₽,135 отзывов,"Завтра доставит Ozon, продавец MARKOV.DESIGN",https://www.ozon.ru/product/organayzer-dlya-chaynyh-paketikov-do-135-sht-370452468/?asb=A1XRRmynLNl0NpRKu6CDx9bT3VjyLkn%252Fl3gZk6mz2Ig%253D&asb2=-7-U2-Fg_5zQrZ7JWlRISOaVjSTJF5jmo_j1ARQq9Zi5tmL85MK7pjCp7DmsgMEJ
"Чайный домик Woodcarver, 21х16х10 см",350 ₽,93 отзыва,"Завтра доставит Ozon, продавец Woodcarver",https://www.ozon.ru/product/chaynyy-domik-woodcarver-21h16h10-sm-216176399/?asb=TJkRs1o43KV0%252BXjzf%252ByKBOJ%252BQ%252Fyh2PTWjqqnEQol77s%253D&asb2=vU5rP6amHsxjBDshObXnECez_cX37SfAXlBV6RXoc1lQJytXZjuqhn_r9Cflz9q0
Чайный домик,216 ₽,3 отзыва,"Завтра доставит Ozon, продавец Фабрика счастья",https://www.ozon.ru/product/chaynyy-domik-299605282/?asb=NKm5aNI3HLtzBXDgStE%252Bjm01YFKzFnQX%252BLkwmDeP8WA%253D&asb2=mqLPmgGKyfG3uhKcYi9-Wpohw0bCXNs4Jk0ZVibcWXXm4BN9dxWdsb_uwOsnkMTN
"Коробка для чайных пакетиков Домашний Уголок, 7х17х5 см",333 ₽,1 отзыв,"Завтра доставит Ozon, продавец Домашний Уголок",https://www.ozon.ru/product/korobka-dlya-chaynyh-paketikov-domashniy-ugolok-7h17h5-sm-544308474/?asb=7uynP4WQAGtIecMa2ELHo8HTgkQ4%252FaKRp7s85b9duIM%253D&asb2=RENXXj6EOS0sYUGlhtVqWtLg7tBl82bvOfuPgTr5UQkdEiICK9esg7vpqk1eXYW_
"Коробка для чайных пакетиков, Подставка для чайных пакетиков, 23х15х10 см",738 ₽,6 отзывов,"9 мая доставит Ozon, продавец Razrezwood",https://www.ozon.ru/product/korobka-dlya-chaynyh-paketikov-podstavka-dlya-chaynyh-paketikov-23h15h10-sm-531442974/?asb=wkPxxI39vq4IVRsWr7PCN1vHwX%252BsuRRSqW1oda1pnABKkSG2rdw4AhcKa8WgB91l&asb2=Vs8lkWXI8s1T11Dfidn4YIPBsrodUitHYm0bXNPb-eNMY2siPMHVSzu6sJ2lUKkEK7IJwLY74V05KO3HSLgaOfai7QuW_qzJiSP5VP9QTgPDl1PlkpaCp91EdqGtBXwBJAH1Ncd_c8PEAR2NUQAKlw
"Чайный домик, 10х10х19,5 см",145 ₽,9 отзывов,"Послезавтра доставит Ozon, продавец Фабрика счастья",https://www.ozon.ru/product/chaynyy-domik-10h10h19-5-sm-299603848/?asb=nhYAKCn3kuKHBgfz81DXEi5c0WmMHviA3Duo5aqYYDw%253D&asb2=-fMVnhA9TmW7vjrmDsCcHfKjIFAkNYNtC2AnMCZGSw_c8ROXVuyjXxjkZjRwSU4D
"Чайный домик, Подставка для чайных пакетиков, 11*12*18 см",390 ₽,9 отзывов,"Завтра доставит Ozon, продавец ArKgreat",https://www.ozon.ru/product/chaynyy-domik-podstavka-dlya-chaynyh-paketikov-11-12-18-sm-288519052/?asb=h97RtOHS7hqy6TexLp7p5ldl6Gat9pteXgo0QPM7mC0%253D&asb2=QP6oSRQGDriQQ-c1XklA57j0Cvpx82NU8Jd9iGgqbyznF0uiZGYjkWVDO9JEoruk
"Чайный домик ""Чашечка чая"", 10х10х20 см",188 ₽,10 отзывов,"Завтра доставит Ozon, продавец Market990",https://www.ozon.ru/product/chaynyy-domik-chashechka-chaya-10h10h20-sm-288566372/?asb=KC5B1mOZFjs3Mv2kyA9iSrK0e%252Fy0g1H1wwubHLPSq2E%253D&asb2=iQszAdEqNEPnqCm3EvzPVYgLFeHIYShSRB0TupG1zCiVb0Wn0eMo8LrxfwHn-RBV
Чайный домик,148 ₽,3 отзыва,"Послезавтра доставит Ozon, продавец Фабрика счастья",https://www.ozon.ru/product/chaynyy-domik-299604411/?asb=aqJcgcBiLRuty0grT4iqTN16SdkgeuR4sbBHdII0frc%253D&asb2=W3UWRl5tP-4XizJJCAEhgWPl7uvLMGA5bP79cxOSrbJhWzGrPLb1usot0nONEXLu
"Чайный домик для чайных пакетиков и заварки ""Здесь живет чай""",198 ₽,3 отзыва,"Послезавтра доставит Ozon, продавец ИП Шиманская Н.Н.",https://www.ozon.ru/product/chaynyy-domik-dlya-chaynyh-paketikov-i-zavarki-zdes-zhivet-chay-387223212/?asb=48s6UykkBkEQRy1cJ1fNMx0xz0aV%252FvOfGXRJphc%252F%252B7s%253D&asb2=YotYyAI5-tkLm1x0dvAwDLyh4YlVdrEwrwlKSXZajaCNik0uqmeut74t0GgKNULh
"Чайный домик, 18х13х9 см",186 ₽,10 отзывов,"Завтра доставит Ozon, продавец Фабрика счастья",https://www.ozon.ru/product/chaynyy-domik-18h13h9-sm-299605510/?asb=rxpJPT7I57228Cx%252BNUTjRz2rQeRqYpnZPWWeEHiIPmshUQcLsCvTJrrZtGPB4nfh&asb2=xa3CXf265onyIc7gzMBEXTr6F-zS-FdYWMB01CWtBks1mdstAyKWzupqpDYbV7TjyuVUFaqGyRE-QD265Efw5jqm2zZgLGwSPFB8o9YmXlopkg_jArgGT0rTnyESAccNCunm7NgqTnU1Y6ze8OfLIA
"Чайный домик, 9,8х9,8х17,4 см",217 ₽,2 отзыва,"Завтра доставит Ozon, продавец Фабрика счастья",https://www.ozon.ru/product/chaynyy-domik-9-8h9-8h17-4-sm-299604174/?asb=e9%252FHtx7lzWwuF5Fhs3OMD0dxbJB0yHptOVP7Vr8D16w%253D&asb2=0VeVgUXMpMXAY_ooZg9b42jmJEnA0fLbv_JBN6PwiGIjIrNGWlvWaCs1th8vLoeM
Чайный домик,194 ₽,8 отзывов,"Завтра доставит Ozon, продавец Фабрика счастья",https://www.ozon.ru/product/chaynyy-domik-299605797/?asb=Wximj73uL3pOVVquy%252BJBZ1bvrC4ENeVa39FQohb%252FEz0%253D&asb2=LSVKS613CsqVby3m70MVO9G9U4cAjVD6_oXSXR2Dlldyz8O3Oi9DWjiNwB9Jg6MK
"Коробка для хранения чайных пакетиков ""Ахмадабад"", ящик для чая, 4 ячейки, размер 25х10х6,5 см",677 ₽,5 отзывов,"7 мая доставит Ozon, продавец HOME STUFF",https://www.ozon.ru/product/korobka-dlya-hraneniya-chaynyh-paketikov-ahmadabad-yashchik-dlya-chaya-4-yacheyki-razmer-25h10h6-442564782/?asb=QGoeC8COhyUkoT2iIWZDS6ZMMST86xV5TWS9nrvDboF7%252FiB2slg0Zl3pesPpWJdh&asb2=vEgyAt6ukKZLCGHmjInENbLIxDdBUmyvqjlfUXdgOdNobG0D_MMmyKavlpp1lNYcHZorufV6SRUcZO9ASnKEjxFWuqtSBJjdR6Uay1_I0JeHA3drm5_FlaRvRB_g1CJD9IPqL4MfhjBPhFUmreU48Q
"Чайный домик Woodcarver, 15х17х24 см",290 ₽,53 отзыва,"Завтра доставит Ozon, продавец Woodcarver",https://www.ozon.ru/product/chaynyy-domik-woodcarver-15h17h24-sm-216285404/?asb=7BvLiMaw%252Bg6MmG%252F6whQfugIT%252BhYhKYjesHjAJ0mlsgE%253D&asb2=KunnnnJOPSuEBR5kZf4Zi3e1LFAaQ14O2nnlMt-MjvOtvzp2BZ653csCyUdcI3f8
Коробка для чая 6 отделений дизайн классика Grifeldecor,714 ₽,8 отзывов,"10 мая доставит Ozon, продавец ООО ""Хэппи Хата""",https://www.ozon.ru/product/korobka-dlya-chaya-6-otdeleniy-dizayn-klassika-grifeldecor-492522109/?asb=pLzxbTkVcbwozV0EbZleJfGrNt48y57mgIX8UxicjOY%253D&asb2=wiHYEDUK4ITLYN3WtdAO2R6WoWJqu9s4AlBbRLAxUfhvGvAE7En7_YehNFOlrowp
Чайный домик,220 ₽,4 отзыва,"Завтра доставит Ozon, продавец Reseller Group",https://www.ozon.ru/product/chaynyy-domik-244943794/?asb=u%252FU2NKWD8aiXp3R3vTzHe%252F3CerNUGbnYd3WqdbJAy7UyOOzfjxrZpAElySAkE%252Bu2&asb2=TSoMgyU8w8Doq0gDQNw0sriD4nGr-fp0s4IXHNs8dK-RCiMwP21ACS8ebngudi9e18eh5Yjjlg6yJmgHwUzml6M7O5jmJYlgBCUo0CSkE0DY0-GtIaGwsBqn9cS44IWkyZHWa0dIOCMC0Q8y1kChBQ
"Коробка для чайных пакетиков, Подставка для чайных пакетиков Home-Smile",549 ₽,12 отзывов,"9 мая доставит Ozon, продавец Home-Smile",https://www.ozon.ru/product/korobka-dlya-chaynyh-paketikov-podstavka-dlya-chaynyh-paketikov-home-smile-484187164/?asb=asSbwoeWon8DhMpQs%252BwyKbX43UMHs3sdiZA1%252FFcSvlhr1UiiUJcWFFGO2angTP5w&asb2=mW1qNjk-KWa0i-yW1L2QBF5fkos3-UQ5Kv-QaVXQPfcwmAolGHEOUiKktcb4XXWwh_2R0yXJTg2FV6GDG7JXyWnC1Omqgd4EMJIUQ4-_JIN6EzBzoXtj50HM9Rx6kOhCf71w4d6QapRa1zInt88vEw
"Подставка для чайных пакетиков, Коробка для чайных пакетиков Workshop Bibishev ""натурально дерево"", 16х16х8 см",711 ₽,3 отзыва,"11 мая доставит Ozon, продавец Мастерская Бибишева",https://www.ozon.ru/product/podstavka-dlya-chaynyh-paketikov-korobka-dlya-chaynyh-paketikov-workshop-bibishev-naturalno-derevo-521150197/?asb=rYL2WQeXJeZcXer%252BU2Pwv4kVQPgrLBTtNeyDjLf8AWE%253D&asb2=maTolwErs-0Z9Mbfe5z84cMWfPErK_FhMGKiYccOF134kqTnntuIOYyqMxJXonhg
"Чайный домик, Подставка для чайных пакетиков Interdecor ""лаванда"", 9,2*19,4*20,9 см",430 ₽,10 отзывов,"Завтра доставит Ozon, продавец Interdecor",https://www.ozon.ru/product/chaynyy-domik-podstavka-dlya-chaynyh-paketikov-interdecor-lavanda-9-2-19-4-20-9-sm-479157347/?asb=MaXkEVAgeLK%252F%252FOKjyq%252Bhx9j6Yybn0XhCVkz6w1ye%252FJqIKG%252FBKr8pODI8mjRN6RNY&asb2=Gwhm7jmJ0rHm7PJZDxpyAGNdcrsCVh7yky-MoU6o_92MUAc3mzFYI6MeOGGYtPi3TXbw-BMQoHKsonrhKeqClBh0nKzM_XOLSa_GdAfPrLzMR6ESdJJysft460eoerirVeD20yGUe12GcgJlT6g8Ew
Чайный домик,146 ₽,1 отзыв,"7 мая доставит Ozon, продавец Фабрика счастья",https://www.ozon.ru/product/chaynyy-domik-299605755/?asb=WdipfFRdktNhy2OWL6tPiVqfmcLi81EkhCEgcEt%252Fy%252Bc%253D&asb2=nnSNqHx37BwnBB-EYEL4M13bojogLwMyQZDFzGInpbNEh0Kp81RqWRKX2IC6P5HJ
"Чайный домик, 25х8х23 см",262 ₽,11 отзывов,"Завтра доставит Ozon, продавец Фабрика счастья",https://www.ozon.ru/product/chaynyy-domik-25h8h23-sm-299604337/?asb=JQjIqhm%252F9EIqY3ZNg8vlEi452fdSU3oEvaU6Do5Lp24%253D&asb2=LD8tPs1-GK4ffHSQp8mJHJoOc4QB2gnkn3a8bf1A6-lHJFgNoHp-_tg0CJHBFkRN
"Подставка для чайных пакетиков Чайный домик, из натурального дерева, подарочный",387 ₽,16 отзывов,"Завтра доставит Ozon, продавец LUXXX",https://www.ozon.ru/product/podstavka-dlya-chaynyh-paketikov-chaynyy-domik-iz-naturalnogo-dereva-podarochnyy-416642609/?asb=EBCi14wu4%252FQZ6RBtghsQYlwtBQLvy%252FXC5K3IZAsak94%253D&asb2=qSDuhGWJpNmR_eVZ_70MW2neVCI16zXMz4UaEHs2IhzSLM6g4iFJJCQZY3CUfR_I
"Чайный домик Woodcarver, 23х11х11 см",295 ₽,14 отзывов,"Завтра доставит Ozon, продавец Woodcarver",https://www.ozon.ru/product/chaynyy-domik-woodcarver-23h11h11-sm-216181487/?asb=8l14c9NKqNPBTQq7KXIxgwJrfv7ti587LVVNvGnQFbM%253D&asb2=DI2GLi5JSu83piN7OWVtoLb4mYNhVoHY-Th-5yw01HiTNMXBXjuw1f8e2Na67G7H
Чайный домик ЧайЧай,221 ₽,24 отзыва,"Завтра доставит Ozon, продавец ЧайЧай - интернет-магазин чая и посуды.",https://www.ozon.ru/product/chaynyy-domik-chaychay-202909852/?asb=RReKTvr1O2rMCt3MOTi0FmE%252Fw%252Bsb%252F5GVBMSqkGfxswctPXBGNKSjtWNn5QrRvaaO&asb2=jH2gJsncvufuIk7JWyOwQRsWE-15KL5czi9jcnm0LN3pnBMktF3HnJzmgUra3oRVHwvOtObI6CWXQabXjZ9am4vMH9eBDAIbL3arrTdRsn9RdzKJ_Bp2ZyTaQzHUn1xLgJKambv6wKgwMdBm5dy0vA
Чайный домик,225 ₽,2 отзыва,"Завтра доставит Ozon, продавец Фабрика счастья",https://www.ozon.ru/product/chaynyy-domik-299603697/?asb=vJ6S15zNTt%252BrAxWE%252BvHh2JkfNQ5V5VgZzS7BZXfd%252FSE%253D&asb2=7B1kc4GerWHKe7Z9XzcI3SA4_ohEUwaHHtuJjTS7z3TfOhC2blzWHMhsV9oGc1A8
Чайный домик,189 ₽,10 отзывов,"Завтра доставит Ozon, продавец Фабрика счастья",https://www.ozon.ru/product/chaynyy-domik-299604397/?asb=c3gg5ykAdapaYtC3sz30A0qv3wT0maYhy1Z0S5DGBbc%253D&asb2=P1muQDMxOlFib4D8kHqg3sXrOuiE3bTmTeDEevEQ5D699D5JoCK4XXIgTup-KTzx
"Коробка для чайных пакетиков, Подставка для чайных пакетиков ""сердце""",335 ₽,2 отзыва,"Послезавтра доставит Ozon, продавец Lark",https://www.ozon.ru/product/korobka-dlya-chaynyh-paketikov-podstavka-dlya-chaynyh-paketikov-serdtse-456870766/?asb=PtD4cNAHmp4yWBPlWTeIhWlBPouCzKjAVEg1coBWCLk%253D&asb2=beBI3OlTtxwrK549OXDA6LUbufejy_2GVCgxw5nNUKi2LEbjTHOxKmqFcghSVDrP
Органайзер для чайных пакетиков (до 90 шт) цвет Венге / Коробка для чайных пакетиков цвет Венге,759 ₽,135 отзывов,"7 мая доставит Ozon, продавец MARKOV.DESIGN",https://www.ozon.ru/product/organayzer-dlya-chaynyh-paketikov-do-90-sht-tsvet-venge-korobka-dlya-chaynyh-paketikov-tsvet-venge-501304568/?asb=rUtUPTjd9i8FSS8sY%252FKvItJEhCjOacJVS0fTkH0smAo%253D&asb2=3u9bMCy6d02pVJTrdzDflda8FOTwmb0vMMOEh2tOlxz9rJX9EgIC9JP6ukf07qtz
"Коробка для чайных пакетиков, Подставка для чайных пакетиков",473 ₽,2 отзыва,"9 мая доставит Ozon, продавец OverWood21",https://www.ozon.ru/product/korobka-dlya-chaynyh-paketikov-podstavka-dlya-chaynyh-paketikov-512194545/?asb=zpRrY1R30Lglo3VSzZggcCxj2NFhqAtK4TYoHAY7Kh5BpRIeh7aBQZ5xoxtYZgIA&asb2=8t9z_kUBrq9yvLjG2jdi5QKnpuYV5dTSmABrnP1BlIWELnKGeIOxYLXJHUvdjaKO1WnuwW7yub6d0ToWuO3bEnika26B37Zp6dWIT9gcY_pSzTuIRNMAC1KYFxDQ-50ArxZuR4_qVPPf5vk2krA1vQ
"Подставка для чайных пакетиков, Чайный домик, 20х8х23 см",425 ₽,13 отзывов,"Завтра доставит Ozon, продавец SolarShop",https://www.ozon.ru/product/podstavka-dlya-chaynyh-paketikov-chaynyy-domik-20h8h23-sm-272131799/?asb=XhsrkGOARdCNOuLyd82SRKEMq8dbAxdtvAEET%252B%252FFuXs%253D&asb2=SnA-JafcIIyrvDZq7GmJ1T1cDUalfnVTeZRiJ_-fNNRLqkjc7hzCIj4BnuihMQkz
"Коробка для чайных пакетиков Домашний Уголок, 7х17х5 см",333 ₽,1 отзыв,"Завтра доставит Ozon, продавец Домашний Уголок",https://www.ozon.ru/product/korobka-dlya-chaynyh-paketikov-domashniy-ugolok-7h17h5-sm-544306946/?asb=PzIJ2BTHpvj3246dSJH5TsE0QW271VBj4eb1I7mCyhc%253D&asb2=DHb0p-I9GZkSAqAJNLMJNYYVb-d9-Md5PJHZ3s8RkuHNxNOlI_f-YDY0CrH5v6US
"Коробка для чайных пакетиков Oriental Way, 21,5х13х9 см",773 ₽,21 отзыв,"7 мая доставит Ozon, продавец Восточный путь",https://www.ozon.ru/product/korobka-dlya-chaynyh-paketikov-oriental-way-21-5h13h9-sm-180866647/?asb=OsGlToKfUJ%252FBUl3RVNM6Tlj8mQC9aypJKwKYiHm4n3M%253D&asb2=-EHo1Zwl60CX1DrogxE0KCIn2SaXkIjobXaa8u3Ji_SvAVd6vzMaooVIJr4XbxiM
"Чайный домик ""Tea time"", 20х8,6 см",218 ₽,8 отзывов,"Завтра доставит Ozon, продавец ИП Шиманская Н.Н.",https://www.ozon.ru/product/chaynyy-domik-tea-time-20h8-6-sm-287980297/?asb=qCT00Zw2XLAZj0y6Yx1d%252BInNzLX8bhjE4sqXBHys1JE%253D&asb2=LeAg8gXGsP2LaLi2ebIsfIepGLg5suXlVY6P2ycIIz7X87MEYMa1rkW4NsOwrcTn
"Банка для чайных пакетиков, Коробка для чайных пакетиков, 25х9,5х6,5 см",750 ₽,31 отзыв,"Завтра доставит Ozon, продавец SolarShop",https://www.ozon.ru/product/banka-dlya-chaynyh-paketikov-korobka-dlya-chaynyh-paketikov-25h9-5h6-5-sm-305997018/?asb=Lfv89V4s93B8b3YYHRlYoibHhhn7yB5XDBCzbsdAGfw%253D&asb2=_zAPduLQJZ6eHmkrel9bV8unmmrFoC91yF4IYkcF_M8QmwLn1fM0wlhNCUh18ntu
"Подставка для чайных пакетиков, Чайный домик",269 ₽,18 отзывов,"Завтра доставит Ozon, продавец SolarShop",https://www.ozon.ru/product/podstavka-dlya-chaynyh-paketikov-chaynyy-domik-367462371/?asb=2fa0eggPLen2etwHXgq9L%252Bdu6y%252FOcyjvSxX7s1dk6Bg%253D&asb2=sxo08ywbRt9xXbYrZRwWmEd1O6Knq9PS0LxWPrf49GgzN3j3pnwU89Hsvi81Vtcq
"Чайный домик Dolodom, 200x115x175 см",374 ₽,1 отзыв,"8 мая доставит Ozon, продавец Dolodom",https://www.ozon.ru/product/chaynyy-domik-dolodom-200x115x175-sm-221239087/?asb=t3Tpjr%252B%252FGKPjKS%252BuzoD6WwH5b6zpJH85grNIaTQWVhk%253D&asb2=iBJeXtKyeuXxQA4B8GgLAXGe46nX8DBT6mewv3NK2b2sUpxNPaBmsHdmQ4HD-Dfl
"Чайный домик, Подставка для чайных пакетиков Дарим Радость, 18,5х10,5х9,5 см",449 ₽,32 отзыва,"Завтра доставит Ozon, продавец Дарим Радость",https://www.ozon.ru/product/chaynyy-domik-podstavka-dlya-chaynyh-paketikov-darim-radost-18-5h10-5h9-5-sm-493198192/?asb=nXPCLCjxmRozNkGLgbr3bb7fxOYOSp5EddAzXTIAqY0%253D&asb2=P7pXApq8Mi-HnfODwqZ5gPBhUieYoQDVabambwALAKwuQgWeJSrUV7tIRqffijyd
"Чайный домик, 15х8,5х10 см",221 ₽,2 отзыва,"Завтра доставит Ozon, продавец Фабрика счастья",https://www.ozon.ru/product/chaynyy-domik-15h8-5h10-sm-299604341/?asb=hUNl02lnvlI84Fdm0zT1l1hlBRQXgXx9aRmgEUolXA8%253D&asb2=nlNQ5Jna_SKxP-U5TK_ISs9oTPYLBITvWkbL370BYvtYktApZazwlm0z988403sd
Чайный домик,187 ₽,10 отзывов,"Завтра доставит Ozon, продавец Фабрика счастья",https://www.ozon.ru/product/chaynyy-domik-299604199/?asb=9SPXGBTSH3kRByBRGYc51LPjAhqYw2pYb5vVF3q0tnQ%253D&asb2=jWvzDh6u4lQBwEziPbudQV0Fu6BMuX3Rgy17QFcJSCkx8NprqaTlZ2_NZt7czs1Q
"Шкатулка для хранения чайных пакетиков ""Цветной"" / деревянный чайный домик / подарок на День рождения, 8 марта, 23 февраля / Подарок маме, бабушке, сестре, подруге",351 ₽,42 отзыва,"Завтра доставит Ozon, продавец Томград",https://www.ozon.ru/product/shkatulka-dlya-hraneniya-chaynyh-paketikov-tsvetnoy-derevyannyy-chaynyy-domik-podarok-na-den-466740671/?asb=I3pScU0XXDug4Yv5CnbRRDNTvGK8APcWdq2A4LvveTP1PPBJxjWO5KLu8SxLLwWu&asb2=pFW32QQVc1QY4WL26dgTgf7mDa4f8ivktv662V5r2QE7ixrzJ9zq-GWVefovvdt0IRz2wyfusC77M5Y65Zu61xX88YdmTf-aZHMGsui6pVRn4i3CR-RugMmUOQsDMo2kgxKpbvWdYZQ5AhAoP3GiNw
Чайный домик Sima-land,347 ₽,3 отзыва,"Завтра доставит Ozon, продавец ООО СимаЮг",https://www.ozon.ru/product/chaynyy-domik-sima-land-362117442/?asb=diD0mjWJ1u7k%252BPziJEOIu3wtZQTHwGrqgef0PUCsGgA%253D&asb2=wXS2IRe2rpgGa0cVI6rx9Yd14iIpIxzL6oBcyp6fyoSfD5wUDT82U4dAbTgMhVnN
"Банка для чайных пакетиков, Коробка для чайных пакетиков Home-Smile",999 ₽,12 отзывов,"9 мая доставит Ozon, продавец Home-Smile",https://www.ozon.ru/product/banka-dlya-chaynyh-paketikov-korobka-dlya-chaynyh-paketikov-home-smile-538804127/?asb=VnMoGWncg0YvUYSYpNP%252BvfQAJbY3p8gkHHClBeqIpm2AGhrPcKHoMkFW8UygzaWk&asb2=SgrDYo4PuHuRsgtDOM0nHyNLnkMBuf8UhPdAm41CUzQSChXeriM7wANoDvBCuxvNqZeWUchcF8tFGyH4mUA1F9OUbhVnnROjMIKvIJKW-OVAehVkJEkU3w8GzvUKq7dIo5LkjRq0tOVle0Uw5PVYRw
"Коробка для чайных пакетиков Ассорти Товаров, 7х17х5 см",332 ₽,7 отзывов,"Завтра доставит Ozon, продавец Домашний Уголок",https://www.ozon.ru/product/korobka-dlya-chaynyh-paketikov-domashniy-ugolok-7h17h5-sm-369351356/?asb=Ag6g5NZ3WOBp2yZkDiqwyN49HbEutyf3BQjFtq3FG9g%253D&asb2=EIYJqK0KMYWkQlPe3zg0E8b-4ukIjfwwPllVjkd0dZDmp1qzt61mCwLVZnu4SKJj
"Коробка для чайных пакетиков, Подставка для чайных пакетиков HOGA, 244*87*67 см",600 ₽,8 отзывов,"7 мая доставит Ozon, продавец Juicemaster",https://www.ozon.ru/product/korobka-dlya-chaynyh-paketikov-podstavka-dlya-chaynyh-paketikov-hoga-244-87-67-sm-519563598/?asb=RiJA5tytRgkaixmk2ai35WU%252FUwPKGtE4hTzm50PTl2E%253D&asb2=lndVGUrc1rP1Pgxgcj6sR1uGVbLFltOk4D3dS7vG3qvg_wTNHbjcb6jcWrPXI7-a
"Коробка для чайных пакетиков, Подставка для чайных пакетиков ""дерево"", 15,5х15,5х8,5 см",713 ₽,3 отзыва,"Завтра доставит Ozon, продавец ИП Позина Е.В.",https://www.ozon.ru/product/korobka-dlya-chaynyh-paketikov-podstavka-dlya-chaynyh-paketikov-derevo-15-5h15-5h8-5-sm-522125961/?asb=cRi7wo5z2xUOVZuWg9bmIl8Th7RHWheCayaWLTWUglMLtDg86kZjmUCZg0%252FRUU5t&asb2=ICto3pKkfuptu1EcYf1nCBx2KEP6G-JiYfCat7Bqrw0gP6IYnaCpsn1eNm0LRtflPe0JuHMndhR3NRzXYdz8ASu9kn33Vw5GJF86B3os-SpYv53JKjBiOrR_61iPRjUfuQj-5zakgpvcR8SNBmmAqA
"Коробка для чайных пакетиков Grifeldecor, 11,5х11,5х26,3 см",617 ₽,32 отзыва,"Послезавтра доставит Ozon, продавец Grifeldecor",https://www.ozon.ru/product/chaynyy-domik-telephone-160921911/?asb=TTCUHrCvtcUicb2%252FUj%252FKnJczFqtpUL7h8yHIKNggVsE%253D&asb2=A4_jEGzevV0nVochtrHFDSxUTQaZW1KPZ7HIQutXbFvvD67Ec6R9fXqCyJjyavPH
"Чайный домик, 8,5х8,5х23 см",168 ₽,5 отзывов,"Послезавтра доставит Ozon, продавец Фабрика счастья",https://www.ozon.ru/product/chaynyy-domik-8-5h8-5h23-sm-299603628/?asb=TEveLqCvAdxrDf%252FRcbh%252FZHSSnN1uINSDuQnCVLfYHTU%253D&asb2=tGspO9OQ63-4qVXHqYudgtTcpk5Gqy0vacq9ZeyCGTloaw9c-wbw4wcz-8mG2gw1
"Подставка для чайных пакетиков, Коробка для чайных пакетиков, 23х23х6 см см",600 ₽,1 отзыв,"8 мая доставит Ozon, продавец Klukva.red",https://www.ozon.ru/product/podstavka-dlya-chaynyh-paketikov-korobka-dlya-chaynyh-paketikov-23h23h6-sm-sm-517158540/?asb=yC0uPoUKWK38JBkH4Y5CegwsLs1tjGyYp0fKLowaePA%253D&asb2=VG4wsQ9V3d5dC4fWjBX7_dwfQZpa7_-svXyql99dKaf8bYyTLJLdpRo-glwTEUjc
"Чайный домик ""Домик с корзинкой цветов"", 9,8×9,8×17,4 см",300 ₽,7 отзывов,"8 мая доставит Ozon, продавец Oskar",https://www.ozon.ru/product/chaynyy-domik-domik-s-korzinkoy-tsvetov-9-8-9-8-17-4-sm-500586100/?asb=upRnoBtw%252BjTCnhWK0adz0xn16QmY5r5kGK7gUBJXGbY%253D&asb2=s991Vnhv_wBXZ-RI4UYpxbot4U9sQUKWOCGBFq8TOFWrKXLGLhLE-CCqbbXZr6tI
"Коробка для чайных пакетиков, Подставка для чайных пакетиков, 22х15х9 см",420 ₽,1 отзыв,"8 мая доставит Ozon, продавец Студия НД",https://www.ozon.ru/product/korobka-dlya-chaynyh-paketikov-podstavka-dlya-chaynyh-paketikov-22h15h9-sm-547265284/?asb=Nuza7GUAci5vS6GVh%252FlPxZ2TPPQV5ZkYLRSX3O3G8Cs%253D&asb2=Vfee0T2xywXf3yH0fvsDAA3-ZZktS2GCpDmaa-gqShyhdC4OjuD4yLeqzflztmE1
"Чайный домик для чайных пакетиков и заварки ""Тепла и уюта""",180 ₽,3 отзыва,"Завтра доставит Ozon, продавец ИП Шиманская Н.Н.",https://www.ozon.ru/product/chaynyy-domik-dlya-chaynyh-paketikov-i-zavarki-tepla-i-uyuta-387221679/?asb=j0S3d7T15uda0Zy4NpaMd0nudzXN4RJ7MsbtoQL3iQ4%253D&asb2=upOdcVPKnfEOWlNyJ0liQnSJA-R_wybO0ljt2kPXImwG_iyryyTz5G72t9feStwy
"Подставка для чайных пакетиков, Чайный домик Lark",348 ₽,6 отзывов,"Послезавтра доставит Ozon, продавец Lark",https://www.ozon.ru/product/podstavka-dlya-chaynyh-paketikov-chaynyy-domik-lark-430743202/?asb=K%252BsMjA3LG5pCT7TXQpMnG8Xs%252FMiTGiX5YfqWPfu1JHw%253D&asb2=5cNBTUWcbCVKyKGi9mfduRQboXTTVy3Mtq2ifyFyF4OGSqwKiCLJEw_P0E33KigV
"Чайный домик, 9х8х23 см",166 ₽,6 отзывов,"Завтра доставит Ozon, продавец Фабрика счастья",https://www.ozon.ru/product/chaynyy-domik-9h8h23-sm-299604423/?asb=qACGW%252FrUGXdTL88nGZ3En1%252FDWvP7tDT7ROaGG6%252F2iXk%253D&asb2=RR1jJmAB5P2CO11uH4bfHnPSMCDTXPaIvPa5QgbK73YJpyhqlsQeGejnfqjqYNAX
"Коробка для чайных пакетиков, Чайный домик, 19х7х6,5 см",405 ₽,3 отзыва,"10 мая доставит Ozon, продавец ПилимРежем",https://www.ozon.ru/product/korobka-dlya-chaynyh-paketikov-chaynyy-domik-19h7h6-5-sm-535017375/?asb=Ohx3%252BACUVb%252BU3oYoJlDU4dm08lHVbzFAqSt8plhyPCg%253D&asb2=JDOe6liX73gcda9QtSegEVqP4EYKOePIUP2mkvpCQQNMMhMJD2SzJyr_MYevVYas
"Чайный домик ""Цветы"", 10,5х12 см / подарок девушке / подарок женщине",315 ₽,2 отзыва,"Завтра доставит Ozon, продавец ООО СимаЮг",https://www.ozon.ru/product/chaynyy-domik-tsvety-10-5h12-sm-podarok-devushke-podarok-zhenshchine-436527568/?asb=XdLVvGI17KeSbCAPIDFKSaEN4piu9xeABFHmrO7u8MY%253D&asb2=zNhuar0KxQnVb-fMCXN3EeXjyImVnv5AZTgHeQ6nxVBZmsApZe0y74jItxsAwW4c
Органайзер для чайных пакетиков (до 135 шт) цвет Венге / Коробка для чайных пакетиков цвет Венге,996 ₽,135 отзывов,"7 мая доставит Ozon, продавец MARKOV.DESIGN",https://www.ozon.ru/product/organayzer-dlya-chaynyh-paketikov-do-135-sht-tsvet-venge-korobka-dlya-chaynyh-paketikov-tsvet-venge-501296151/?asb=WAemiRamRxZg4JNUf9zjz98op0xwgazA4YZyArnDr3s%253D&asb2=QvZ4FgazIS70ppFvQBAfRVOYaO6HkRvQhufkcEAnY178iloNej2yFQ1KXJY25rjJ
Чайный домик Art East,602 ₽,21 отзыв,"Послезавтра доставит Ozon, продавец Art East",https://www.ozon.ru/product/chaynyy-domik-art-east-275964705/?asb=rLnv5I06WMnqCBitIkRCHn%252FTp6FNMZFdXoGUDLv5oIM%253D&asb2=LJ_VgI40WxtIylcK8OfASpZrG4jBrsbJK_BMwFji9JYdY8W6jb-D98pLjerystgO
Чайный домик FEYT,215 ₽,1 отзыв,"Завтра доставит Ozon, продавец Nort",https://www.ozon.ru/product/chaynyy-domik-feyt-402454036/?asb=kHjhvY%252Bvp%252Bsa7FEQXhHr3Vrj06imOAgvUarMLD2thYJz%252BdxMeA2QTbvGyqWcNvbg&asb2=jr-2mGbMkqnPFKrvCkrVKaYWVJQuRFK9JCCjyv8W0LFcpm63rMuT87KRmocH9eKUjzkzbLdalA7knWilJk7tIElaHZ1Goa4Yn30fJWMhbbmxVwvWdmMjO5pDVTSmrQFiLm-ERhRJk66rYVzv77CDJQ
Чайный домик,546 ₽,9 отзывов,"Завтра доставит Ozon, продавец Фабрика счастья",https://www.ozon.ru/product/chaynyy-domik-199434220/?asb=oDxwHOqJXBye6QOCyGVVfLLgAsOdzB4PbsDcGNedr%252FU%253D&asb2=HLJfgoxxPYU35h7G6qLt1Os2aEpbIssdZ7i5EE2_g4Z3cN6suGkMt5oN5U_9m1SG
"Подставка для чайных пакетиков, Коробка для чайных пакетиков, 23х23х6 см см",600 ₽,1 отзыв,"8 мая доставит Ozon, продавец Klukva.red",https://www.ozon.ru/product/podstavka-dlya-chaynyh-paketikov-korobka-dlya-chaynyh-paketikov-23h23h6-sm-sm-526119406/?asb=UgZfHZpGPMfnb%252FTVH4jvXxsjBVaHUsKMY0yXzS8Hjpo%253D&asb2=zLRX9h29sOroOjEGQoS-HRvf1BpS4EZ-Xn3yQuIGrch2tD3Ji3c7hhoiQ9ZZgipf
"Подставка для чайных пакетиков, Чайный домик Interdecor ""лаванда"", 30*20*10 см",830 ₽,3 отзыва,"Завтра доставит Ozon, продавец Interdecor",https://www.ozon.ru/product/podstavka-dlya-chaynyh-paketikov-chaynyy-domik-interdecor-lavanda-30-20-10-sm-479257503/?asb=GPNXaUVrMQwXv4aubhrZAGAvUGj2Xqn8Bk%252FQ%252B6ToSyWOkF%252Bb0tv2YqOq3MXZVG%252FE&asb2=Hxw16XlBlS-0Qp7zZtorpKUYKjwFcbwYf7y0S5zP3BGgBBN0V5xZpcGIvY45NzijUEZsD9rCx_Uh26ybdUc-hOfa1zq5yAKUMZNBDdTLeLIaDUCT7jxAx3pdkbq3f-wBbeqSj1cNkwsJBvVJNoTYmQ
"Коробка для чайных пакетиков Ассорти Товаров, 7х17х5 см",342 ₽,7 отзывов,"Завтра доставит Ozon, продавец Домашний Уголок",https://www.ozon.ru/product/korobka-dlya-chaynyh-paketikov-domashniy-ugolok-7h17h5-sm-369373095/?asb=psWLZJtvXmY4AbpN4MaoOmR8DuzzLqM8LB3rUQddljk%253D&asb2=YGowMw5RPqKAXoTHCINjfhbBxSSbr_uZ-IMlP9sV3hGFhn6Xk3vmBbgvsJGdTvlA
Чайный домик,199 ₽,1 отзыв,"Завтра доставит Ozon, продавец Фабрика счастья",https://www.ozon.ru/product/chaynyy-domik-351710123/?asb=rDG5qxStMI7ARnWeEjICUbM1H6de0UiWGVL9tUkSzE8%253D&asb2=u1pWOa4DacE5FDas6Z9tAzwlpPDUvmaYZShf5BMeVZKmuforNJG8p3KLw4NV4NFF
Чайный домик,185 ₽,3 отзыва,"Завтра доставит Ozon, продавец Фабрика счастья",https://www.ozon.ru/product/chaynyy-domik-299604443/?asb=Gl5dMoW%252FN8dFIfmve5pHRrXbtzT6o8DAETUNNed8Wjk%253D&asb2=-m8uiAg0XHyYWGulDlrmmaGhWVIf6EXLJ_cUm8LwD2gH0fzkqgzf0QXEul2censg
"Коробка для чайных пакетиков, Подставка для чайных пакетиков, 22х16х9 см",590 ₽,3 отзыва,"10 мая доставит Ozon, продавец ivkolab",https://www.ozon.ru/product/korobka-dlya-chaynyh-paketikov-podstavka-dlya-chaynyh-paketikov-22h16h9-sm-552262908/?asb=Q1N%252BT%252FQoqEKtoF72oczQB0sj4o0kDe1TAIdKZ5%252BPdXg%253D&asb2=IR42FmpPESCtEef812MRXI72xLlcL0L4q9xF0TLgLoozGwHDuUpgyEm86mAdLqhu
"Чайный домик, Подставка для чайных пакетиков Дарим Радость, 19х19х25 см",857 ₽,32 отзыва,"Завтра доставит Ozon, продавец Дарим Радость",https://www.ozon.ru/product/chaynyy-domik-podstavka-dlya-chaynyh-paketikov-darim-radost-19h19h25-sm-345648362/?asb=gByMsgqCbEFYzvRQqcTyOUkahNWGT3kF3o6DIixFxso%253D&asb2=mlKzMm0OP0AHYLXfvgN9iGiYhV8fXP5LBOpZsZXkMFOloiDEVwahJszkm_9b5h8V
Чайный домик,151 ₽,4 отзыва,"Завтра доставит Ozon, продавец Фабрика счастья",https://www.ozon.ru/product/chaynyy-domik-299605264/?asb=Edf2TNCGDjlNVGpqYW72pfwG%252BhkLlJwMeVNe3D9Vx2s%253D&asb2=uRralr-MBmmQgJW4KqjhOAWoDkLzRX6NcJsDTkXo_TfogIkkXig9J0RxXCSmEtS9
"Чайный домик, Подставка для чайных пакетиков Дарим Радость, 18,5х10,5х9,5 см",457 ₽,32 отзыва,"Завтра доставит Ozon, продавец Дарим Радость",https://www.ozon.ru/product/chaynyy-domik-podstavka-dlya-chaynyh-paketikov-darim-radost-18-5h10-5h9-5-sm-345752144/?asb=MsAaTIKWOsVusbFXX5dOH6fr%252Bx9vk8%252BzetuQkGlUprU%253D&asb2=imQwwug-Ak9NKsd-a1NeJ8sQVTb7iCI9kV4vkesqmI7nwdeK4ZiI68Pw4HTKMxup
"Чайный домик ""Домик ""Я в тебе души не чаю"""", 15х17х24 см",395 ₽,13 отзывов,"Завтра доставит Ozon, продавец SolarShop",https://www.ozon.ru/product/chaynyy-domik-domik-ya-v-tebe-dushi-ne-chayu-15h17h24-sm-256635249/?asb=BdIabPSqUV0ch%252Bz4NaF1FXt5HO3ZG%252B9xSFhx59821dE%253D&asb2=2TMzfuF7LYcj7_CRMopPEs-N2IaoeBsKtAllV6tuclOrh4mXEctU52Ui1B2L4Cg3
"Коробка для чайных пакетиков Grifeldecor, 0,8 мл",477 ₽,15 отзывов,"Послезавтра доставит Ozon, продавец Grifeldecor",https://www.ozon.ru/product/chaynyy-domik-belyy-krolik-160848110/?asb=cV6MnpsqMq7Qoo9ilmyP1fBVh8v4Ia06674zF1Yn00A%253D&asb2=arU2XP139TPhInm3xvzLiknAS8o1w8iZZcqDZvukDZcLu7MP73r6ZCQmzOvzHG_9
"Чайный домик, 18х13х9 см",167 ₽,2 отзыва,"Завтра доставит Ozon, продавец Фабрика счастья",https://www.ozon.ru/product/chaynyy-domik-18h13h9-sm-299605309/?asb=lVd58zMoEbypTC7Qh2fx%252FiX055OZy%252BMDnrLHUMw%252BycQ%253D&asb2=H604OrLCFSyNLsE3YsFoVAHkYsoGPxewjZNGd4wRPdpAm0esPe_58WWncch_hSnp
"Чайный домик, Подставка для чайных пакетиков, 14х9х19 см. см",224 ₽,1 отзыв,"7 мая доставит Ozon, продавец Groverbox",https://www.ozon.ru/product/chaynyy-domik-podstavka-dlya-chaynyh-paketikov-14h9h19-sm-sm-508953485/?asb=0e0dB7To7kypIFjKF6gHp%252BpHUPFdj%252F1BSi8pBUMPoLYtIUWAx00t4ZwZWYyT5LRo&asb2=ZCRjvvEmSm-opoVKVSG2miBe4xBlVS45GafVTv4nYK3FLk4qtYT1-nSrOH8C_QPpAKdPszo6ki2Pq_4rRvMm2Kdd-a4qVosbg-_siSbAVym2L1ZSgGV4_0FBUHJ6FPo1BStFTvV_k4fx3lKyWQQS5Q
"Чайный домик, 13х13х24 см",144 ₽,1 отзыв,"Завтра доставит Ozon, продавец Фабрика счастья",https://www.ozon.ru/product/chaynyy-domik-13h13h24-sm-299604160/?asb=PLvyPCAH%252F3SYW9YsIi%252FRJ1v27uYPXWrPFcOJ7zmKUao%253D&asb2=9zKYiJ7OPzkoVL4vx00rvPqej8FH4khi5BNYdOVJP6Rh4kcQdCq7IyCbZ7QRaXMW
"Чайный домик, 20х20х8 см",268 ₽,5 отзывов,null,https://www.ozon.ru/product/chaynyy-domik-20h20h8-sm-299603693/?asb=cr93p%252FccFDPswWV17PUzJQJrYgyoUV1pELnVNHJHSj4%253D&asb2=dRh0RMhE02HgTcEIZWCdtI_1GuPh5fav9auma1-3WecXS9WrBcNKSL2xBsPsypzO
"Чайный домик, 20х17,4х8,6 см",287 ₽,3 отзыва,null,https://www.ozon.ru/product/chaynyy-domik-20h17-4h8-6-sm-299603795/?asb=yNowrurKg2J0wpFzfZ4ymMuFgMW2rDmTudM5DbTrtOs%253D&asb2=vx8PO9gdWBIaB9I_gGW1Srl11LiLEELPR4XjXllW2bxKNIYfOUt9HtrytZqeex1w
"Чайный домик Astra&Craft, 9 х 9 х 19 см",311 ₽,42 отзыва,"Завтра доставит Ozon, продавец Ozon",https://www.ozon.ru/product/derevyannaya-zagotovka-astra-chaynyy-domik-9-sm-h-9-sm-h-19-sm-34424715/?asb=gZ7g2NF4rLz%252ByW%252F33q%252F0hCV51XYiKmdF5a8nl8Bh02c%253D&asb2=8UZTHxAcuK87YUz1bFqeIf57X82PpleXHhvWC--xRV2sRQL5dxri-1Kb9Ann6iws
Чайный домик,161 ₽,2 отзыва,"Завтра доставит Ozon, продавец Фабрика счастья",https://www.ozon.ru/product/chaynyy-domik-299605291/?asb=Tw1gV6epH%252BYht5B7%252FOf%252FiD%252BsZ04zxHJHzqv1fYwo7hA%253D&asb2=qxLhrUx65B21UC3YTmL5WbbTR7fYXv7Nu4uImILXu5952uYQkvNotaPqw-HLdumZ
"Коробка для чайных пакетиков, Подставка для чайных пакетиков, 22 х 15 х 9 см. см",650 ₽,5 отзывов,"8 мая доставит Ozon, продавец Студия НД",https://www.ozon.ru/product/korobka-dlya-chaynyh-paketikov-podstavka-dlya-chaynyh-paketikov-22-h-15-h-9-sm-sm-491612582/?asb=%252FVFVzNxYvbnv2NQ%252F9wDNyle7Xa2ffQGWsGJJAn1%252FS7w%253D&asb2=bYxKwi0nC1VUYYs8vfyTx-k_45z10_xMTuU1SRzQej8X5aXf56vouGBrA1VE9QkL
"Чайный домик, 9,8х9,8х17,4 см",199 ₽,1 отзыв,"Завтра доставит Ozon, продавец Фабрика счастья",https://www.ozon.ru/product/chaynyy-domik-9-8h9-8h17-4-sm-299603653/?asb=CzuEZ7eCJuzxH2vL9c0vYbTZ7o3PgqOT08vKy%252BKa7fk%253D&asb2=Yi3ENrKIb450o7peEq_2P8G-t2JMsOjs1JoNI5Ewv1wWFEO-jIvxw8t2qsEi5W2f
"Коробка для чайных пакетиков, Подставка для чайных пакетиков, 16х13,8х6,5 см",750 ₽,31 отзыв,"Завтра доставит Ozon, продавец SolarShop",https://www.ozon.ru/product/korobka-dlya-chaynyh-paketikov-podstavka-dlya-chaynyh-paketikov-16h13-8h6-5-sm-307449447/?asb=uEXbQgXaW6%252Bb%252B8qqhR6mo8Kaqcjv3Ggyrf2T%252BOI1Qec%253D&asb2=x1dGwZISXSILhzUIImOJeA7GtMARpObvKaG-RM4pHEDvVDOZx6vbAfX5hoWQHtWj
"Коробка для чайных пакетиков, Подставка для чайных пакетиков, 22х16х9 см",590 ₽,3 отзыва,"10 мая доставит Ozon, продавец ivkolab",https://www.ozon.ru/product/korobka-dlya-chaynyh-paketikov-podstavka-dlya-chaynyh-paketikov-22h16h9-sm-555530105/?asb=Nl%252B%252B%252B4OISkpA%252B0AWNqqTS69deZVOItkw8XLmV5Kp2Ag%253D&asb2=AwtVg9c1194WS9prN4bGDa74WXO978i6RnxeFgjTHYk-ugDfEQl6aAmGsdb79AxN
"Чайный домик, 20х11х10 см",255 ₽,30 отзывов,"Завтра доставит Ozon, продавец SolarShop",https://www.ozon.ru/product/chaynyy-domik-20h11h10-sm-256615328/?asb=mM6%252Bz%252BDXWu5W5h3vSRyJvcplUKErS%252Bv%252FKDfRLFOWDBQ%253D&asb2=c2zEw7Klui4y_f1iGIow4N_k9B_KXi1Dxfmp8BnoWaI0rFH-qF1mIOS2OdQI-33d
"Коробка для чайных пакетиков, Чайный домик, 19х7х6,5 см",405 ₽,3 отзыва,"10 мая доставит Ozon, продавец ПилимРежем",https://www.ozon.ru/product/korobka-dlya-chaynyh-paketikov-chaynyy-domik-19h7h6-5-sm-535013732/?asb=pVhZSrs1vKMDKr9I0qd0wg6ai%252BfuSsl8YJa6gakLg84%253D&asb2=RN8u7M7dvG72XKgt1QNGopBZN5tI5pWz-TS0O2h3NUhl15dY8e-ZYC-CtWD-_4Ps
"Чайный домик Artisanat Arbre ""Maison de the"" 18,5х15х9,5 см.",436 ₽,7 отзывов,"Послезавтра доставит Ozon, продавец Eco-Friendly House",https://www.ozon.ru/product/chaynyy-domik-artisanat-arbre-maison-de-the-18-5h15h9-5-sm-461052435/?asb=M2kCREFzPiPHascCMqWxFDchbnA8lw1DuxtWvXJRux00BNKkBtOQtbbVjcKOnWhN&asb2=8osfDdL-g2GpDkRJnSXaZyvursnh9lqyV4xHwfGfbYFIAducUwF3maXlG11SxIGsWChsd3ZnqB6i39EKnFb4UdYbu7NBxn_59uUkSJbTYn97_xcFGUf_nzNPWmLE-HHmlIfgytaauSu4LkHcNxT68A
Чайный домик,584 ₽,2 отзыва,"Завтра доставит Ozon, продавец House_tools",https://www.ozon.ru/product/chaynyy-domik-224708555/?asb=ko%252Fo81%252F8HUAT%252FCEDyr%252BKVvoYzQFd1N9p0Hs%252BKOrsaYU%253D&asb2=G-N5ElqcIOx7KhxLBjPmBySDhM8zDcd19GcDmBYkhKT6mVG0ia2oV_rCg8FjbsVx
"Шкатулка для хранения чайных пакетиков ""Белый дом"" / деревянный чайный домик / подарок на День рождения, 8 марта, 23 февраля / Подарок маме, бабушке, сестре, подруге",765 ₽,42 отзыва,"Завтра доставит Ozon, продавец Томград",https://www.ozon.ru/product/shkatulka-dlya-hraneniya-chaynyh-paketikov-belyy-dom-derevyannyy-chaynyy-domik-podarok-na-den-466723185/?asb=quoUhhnujPP3weTn3EqUTYrLB9BZMUa791AuOL8oC2UNdXbQcJ5KDRQ33qHrJJKg&asb2=FmGXCYi8yC01t7KUOLC9_j5P0WODlulPATA7RXoni3w4tLEbqtgIF-waNArchC9itRAW4dv1_Giq8h8IDNGWBWOTyLCZAz0FppjShQsxGMjcfmOq5qaVw6uolk0mBuPVO3JTze6oOfFtCTStLdNSqg
"Чайный домик Art East, 23*14*20 см",630 ₽,6 отзывов,"Послезавтра доставит Ozon, продавец Art East",https://www.ozon.ru/product/chaynyy-domik-art-east-23-14-20-sm-208436486/?asb=YFW7RSSDFR5W5d74ISQii0fPbm0ibQaP86c1LqB4MFI%253D&asb2=-7H-MuRCRgXtPqm19_qrS0BcatBifiqQZ0edbZrpzpKAWoxXdPRYG-AuGtY_-8TI
"Чайный домик ОптимаБизнес ""Париж"", 180Х100Х100 см",427 ₽,29 отзывов,"Послезавтра доставит Ozon, продавец ОптимаБизнес",https://www.ozon.ru/product/chaynyy-domik-optimabiznes-parizh-180h100h100-sm-261575076/?asb=fYp7P1477rcN01cuI6xV%252BLzfToQ96RUW5CLhRvsedKg%253D&asb2=Udmt978u5gjcSH_aVhpGQ6OsGjDuQ2y6FrsC5MZMdej7CffJ_6p85r4rZkoBm6so
"Коробка для чайных пакетиков, Подставка для чайных пакетиков Томград ""Береста"", 10*9*20 см",680 ₽,42 отзыва,"Завтра доставит Ozon, продавец Томград",https://www.ozon.ru/product/chaynyy-domik-podstavka-dlya-chaynyh-paketikov-tomgrad-beresta-10-9-20-sm-178875454/?asb=j%252BlU6pVpRskwScmCJIDypUizvxYsRWcmAImG5dQiZZM%253D&asb2=wtq3QAl9KCmt_GCTvDEABc5S9dGa1xGdWrjmm8qHA5eBg77P0w2LM-Omn7_gvlZG
"Чайный домик ОптимаБизнес ""Лаванда"", 180Х100Х100 см",427 ₽,29 отзывов,"Завтра доставит Ozon, продавец ОптимаБизнес",https://www.ozon.ru/product/chaynyy-domik-optimabiznes-lavanda-180h100h100-sm-261574763/?asb=DnIUCDbs0RmuSoYriMHPoiVAD18F6mZFJErwLK3roEY%253D&asb2=fANOZxHIx8LFVlChoRs0b0ZfA93gpREEmKH35CDqnSva262EdLSeOLB6-VJYh3fe
"Коробка для чайных пакетиков Катунь, 31.8*18.5*9 см",734 ₽,24 отзыва,"8 мая доставит Ozon, продавец Универсал-Комплект",https://www.ozon.ru/product/korobka-dlya-chaynyh-paketikov-katun-31-8-18-5-9-sm-219082043/?asb=Gw9ig5hXefBQGSy33uUp6OtE%252BIldYtH7BTcNsNl%252FO10%253D&asb2=gzeUClDtL4TM6pQk3C-iGcjCl-kKZolNrgQdJHq6bHpz90Yeai9NL0TyGOxupyFR
Чайный домик FEYT,210 ₽,1 отзыв,"Завтра доставит Ozon, продавец Nort",https://www.ozon.ru/product/chaynyy-domik-feyt-402470625/?asb=tpiNxBRF0w3207g3Kl8Tp1vRkSc5YvxP8eEeIUQ4MAeApjjoa2XRbUa3KCF1goLa&asb2=dZOpekp__QY0F4FremGg1mhXyBRUr8hFr9oYIeW2BPLcPgjbqtvuwEFulJYW-H3HmB-93-zQ8OTUqBli-C4eDE4s9CZvnFONk5MrotCbKzlACM7kk9Hn-CzYMv1lWQd4_Y3ho1vV0RfeKjUi086YbA
"Чайный домик, 13х10х14 см",450 ₽,1 отзыв,"Завтра доставит Ozon, продавец Домашний Уголок",https://www.ozon.ru/product/chaynyy-domik-13h10h14-sm-301978558/?asb=TkMCvsAzo8aPaDM%252FHjwzz0VAS4Yai%252Fyw4ZeQAXV%252BqZg%253D&asb2=_V0It2h8_i8JUBpectItOGcFQymxt06uCkEBHCSOefIv9GJWXuA5KjWfVATeczBs
"Чайный домик GudMax ""МЕЛЬНИЦА с ЗАБОРОМ""",579 ₽,2 отзыва,"Послезавтра доставит Ozon, продавец GudMax",https://www.ozon.ru/product/chaynyy-domik-gudmax-melnitsa-s-zaborom-392045738/?asb=YMxxpcAnYAJJo9b8lpSWx1WgFjqHahsxjwwf7mnIxXY%253D&asb2=MDSk2kKwhSdlq4381o5zuPU--VS6N-pkegJJr7o0r19dGcfNe04hpvmZmBX9hSIn
"Чайный домик, 10 см х 10 см х 20 см см",140 ₽,1 отзыв,"7 мая доставит Ozon, продавец MASTER STORE",https://www.ozon.ru/product/chaynyy-domik-10-sm-h-10-sm-h-20-sm-sm-263054738/?asb=jgmvLY3e5VuYoKBVP5Fl1RQ9PMyarPpSUNvp6oP6p4jYsDdBFwDEK7QryBD2r6Z4&asb2=bi9dJR6YqwpkmJG2-2fM9knIOEJXJs1HgatoeiESSx8ImntWFYcI12X7M3pShI5OAHighzUuppyTNChDQpZKmPQrkgJhfI9hXxrWja7boxBbOeW6u61snhf8apONKS8j7jnVZzsd83YiMEm05DpquQ
"Чайный домик Woodiki, 15,5*9см см",279 ₽,9 отзывов,"Завтра доставит Ozon, продавец Вудики",https://www.ozon.ru/product/chaynyy-domik-woodiki-15-5-9sm-sm-285171865/?asb=0X2zq5%252FFRjKOTMOULnM99Q0fL6Dp9oSvxD2gXwWlO7ncFUETsU%252FDjkxsdU2Xa4OH&asb2=nij2BNKHXPkCQPeKs7VOjs1AiXaEQiQO_Z4UmihhuMPjbfrV8IuWHBT6YtGRzAZg8bxFqgqMvdp3fcDknv05ZS0ue7oGxeTxKSzL68XVx8n07jS0VosTlCISswzZRfx_xqg0NgUFMPbvSoA8MXbNnQ
"Коробка для чайных пакетиков, Подставка для чайных пакетиков Woodiki",239 ₽,6 отзывов,"Завтра доставит Ozon, продавец Вудики",https://www.ozon.ru/product/korobka-dlya-chaynyh-paketikov-podstavka-dlya-chaynyh-paketikov-woodiki-260497949/?asb=Ai2cwSilO3ErbyRVq5GzDFALkiuZn9CILa5Ie4wqWXj1o9vcozeQVOTHu8YcGPfp&asb2=8mVUIMxOw7NwVgN7XXAmenxrO27A22DNEz-hgsWwvC0dCGCQew8IvMEriXJ8QVl_GNIR2EL3p2rLkt8-tfauiKtUeSA8BeA0yjx8_R9zsFKp5w6gNSJnfQayTDNGXfiJ7hBFOxL7UYNA305fuk0DZg
"Чайный домик, Подставка для чайных пакетиков WAVE kitchen, 20х25х2 см",441 ₽,1 отзыв,"7 мая доставит Ozon, продавец Дети Арт",https://www.ozon.ru/product/chaynyy-domik-podstavka-dlya-chaynyh-paketikov-wave-kitchen-20h25h2-sm-523113723/?asb=G%252F6w6Brg7n%252B1lOb%252FJVuDihVcPi9ObnUJrJt21uxtDz8%253D&asb2=bn3YB2eeQq83Kn9Tm2GAAaJnE1GgqyqSlUpHfS8JCpCngXL4OJrL_JIgNq4fQib6
"Чайный домик ""Кружечка чая""",285 ₽,20 отзывов,"Завтра доставит Ozon, продавец SolarShop",https://www.ozon.ru/product/chaynyy-domik-kruzhechka-chaya-256658735/?asb=oqjNSUq32A%252BwQIViqQGLwBJWxkdIrh7TS2Yf69bShX4%253D&asb2=7KdGAxqDzVBz-NxF0RDzQR2DnH--Voclk9RjGZqkQlm3JVkWfHonI2Q-MUleccqK
Коробка для чайных пакетиков,855 ₽,17 отзывов,"11 мая доставит Ozon, продавец WoodOwl",https://www.ozon.ru/product/korobka-dlya-chaynyh-paketikov-173010447/?asb=J3IKC9CNa%252F8kmn3a8awwaMM5s5DohDb%252FY%252Fl6wAqYDD6kT8WIA3ZQYV4Y%252F5Rg3XWO&asb2=hC7tt9f2bTqc2YDclICioAIm1AgvTwjRvdWUcnDkD7A_HjxHHugd09mbiRp5HtgtgM-oAPjdsDo1shYBbHJ6mFf4w8smwCfER9bxQ76w5Bo0nCFXfrKyHaqewsL2NEatSzkW5S43pQwbjq9Hmw3UTQ
"Коробка для чайных пакетиков Ассорти Товаров, 7х17х5 см",370 ₽,7 отзывов,"Послезавтра доставит Ozon, продавец Домашний Уголок",https://www.ozon.ru/product/korobka-dlya-chaynyh-paketikov-domashniy-ugolok-7h17h5-sm-369372951/?asb=V5UvfWbfW991TQdPx%252FnfNSFHD6PXFfzXBaQzVhwf4Kk%253D&asb2=gaytCPPW4GKjqAMgo1_KNmktIhzwlyAR0IA33m8PuxADSCQsG8WbevA3r6kXhbFN
Чайный домик FEYT,416 ₽,1 отзыв,"Завтра доставит Ozon, продавец Nort",https://www.ozon.ru/product/chaynyy-domik-feyt-429453097/?asb=AJBWnX1QYWOOY3DIAKW%252FMNA2PLn2%252FAVEWE58Jh2PT31uwk9uqDynfWlzqz8fz6aN&asb2=SJ_5kzJmNHd0-fAR0uKmR8tcuX5MYYGu2kBLMrRYHw990DLR7k6yDn5K_UMFPqMdwiVj3fYss9WyfVjdliUFOxg2Na0IzwjrTjaaBgKcn61lHjzqtUk9yKG-c6NLCx4OIAku_68KrtkLQb8pQVLdkw
"Чайный домик, Подставка для чайных пакетиков ArKgreat, 11*11*19 см",290 ₽,2 отзыва,"Завтра доставит Ozon, продавец ArKgreat",https://www.ozon.ru/product/chaynyy-domik-podstavka-dlya-chaynyh-paketikov-arkgreat-11-11-19-sm-288550381/?asb=Dx7PGy0iA%252FMLDROZwP2MELOV3%252FdgAueZlDazmp1Mu%252Fk%253D&asb2=SLBePZPM6uJlDL6-ynFtqcNUG4Tt7imCGMIhuqvLutSw8N_ndndIk_t_v4gwOQkk
"Коробка для чайных пакетиков, Подставка для чайных пакетиков ""ажурный узор чайная коллекция"", 23х15х10 см",772 ₽,6 отзывов,"9 мая доставит Ozon, продавец Razrezwood",https://www.ozon.ru/product/korobka-dlya-chaynyh-paketikov-podstavka-dlya-chaynyh-paketikov-azhurnyy-uzor-chaynaya-kollektsiya-566693044/?asb=pyGe9lWtIIcKUlyEFWYYf3avPUxJ2PmEycBVizujhg7E9BvEW610wwOYfkg%252FqdWq&asb2=nd3C4h-priqKM63kKfz3JFdGGiXb4W9PNPOKbJXbWKJSMttvi8UfUen8inOpKzMfjaHfzbRTAY0P5aayA3Vt1sejB-H_iOP3wfFwdEs16ocTq4sXMZu_HNlNGD6fPnkeI435zD0CisV1x9jHoFv7eA
Чайный домик WikkiWikki,701 ₽,5 отзывов,"12 мая доставит Ozon, продавец АБСЕЙЛ",https://www.ozon.ru/product/chaynyy-domik-wikkiwikki-468575439/?asb=DgIsX5bRF0zZM6UYZVpetBldTu18QBWwfvP3urnoKmaHAFnTdj40OTCEuEObxemX&asb2=yT9wDNEngdl6Nuc_Lno1G0hyQMWyu_KfFnqgq-Zgdm6VxxQJuFicGjDFRbBgahxHqbzs_WlbQeDxbFrbRUjAx3ElBG1nO-RtOu2mxKC8dq3-btrJ_a78ytRXbbKeAamNStLvdsvzUp-4aG_sXgiU0Q
Чайный домик Art East,630 ₽,18 отзывов,"Послезавтра доставит Ozon, продавец Art East",https://www.ozon.ru/product/chaynyy-domik-art-east-207059910/?asb=tmLSjSP33nFI8hvkmpFdQF%252Fus4d6eq6ctPZPkgKQaBw%253D&asb2=tnbWmX8ez50aJo4QMOjMoDGSwS89HoBqiBuC6gqSzr1sItvanDTQyEA6SXmkrbtJ
Чайный домик,239 ₽,6 отзывов,"Завтра доставит Ozon, продавец Фабрика счастья",https://www.ozon.ru/product/chaynyy-domik-299604163/?asb=JL8%252Fw6dNCg5k%252BmTnBGg1Wq%252BiUov%252B1AP2K1Gf6iSiGJI%253D&asb2=Mo9aBTX-HHHKgKhmglLJAArEIL__LlxlJ4oSSK-0LdPz7w2BVsD7Z2CNv27eKWdP
Чайный домик,207 ₽,4 отзыва,"Завтра доставит Ozon, продавец Фабрика счастья",https://www.ozon.ru/product/chaynyy-domik-299604401/?asb=4q9V22K46LpZDnBZouoG6iVmW4wjpGIrR5pscS9PkoE%253D&asb2=x0lMowbv9uMr1RJswN5sjmVKgT0vXIvLU6zlg5MtjBT3lckhbYZSWThi9FD0zIsf
Чайный домик Art East,602 ₽,1 отзыв,"Послезавтра доставит Ozon, продавец Art East",https://www.ozon.ru/product/chaynyy-domik-art-east-319037205/?asb=IAmLfPyEKlvZpDU2xTCfTmuDXTlkryvq%252Fue2Vg%252Biot0%253D&asb2=bamlVULWTgsKWJzLYKRq2-e1gsill5GmUMnrY6hHGGqQto56nTCl7sZuW1gSlMbP
Чайный домик FEYT,274 ₽,1 отзыв,"Завтра доставит Ozon, продавец Nort",https://www.ozon.ru/product/chaynyy-domik-feyt-402496023/?asb=hu1MREnsOYxibyxl5E5XJFS64bTHrYZJ6DIR7J9L2CqH5oH4JkDREgVhZtpgn5F%252B&asb2=tKuuB9bUzNmnku5S6nhhu5cFO941-pQLPWLAQZffLI2hMCBSXjRVIgzyMftlO5U6GyJbxQyvXO99Z3GwOAWoMYvSCFRHT7VXBULvaqD_s7P80mTXJfgjVIKHww2YUM3SZz_X1olJquh_e3rcIrRngg
"Коробка для чайных пакетиков Домашний Уголок, 7х17х5 см",351 ₽,7 отзывов,"Завтра доставит Ozon, продавец Домашний Уголок",https://www.ozon.ru/product/korobka-dlya-chaynyh-paketikov-domashniy-ugolok-7h17h5-sm-369373558/?asb=KhXOLLMwC9NIoRtCd6xv2eAc5U1n%252B7DFKAww01mOwMs%253D&asb2=9-XjnaF1q4BjJbroD6m5tXlZU5ZJxMbumzsbDPvc3Owf6LYTPezH8JTVhPfcji5t
"Чайный домик ОптимаБизнес ""Чайный натюрморт"", 180Х100Х100 см",427 ₽,29 отзывов,"Завтра доставит Ozon, продавец ОптимаБизнес",https://www.ozon.ru/product/chaynyy-domik-optimabiznes-chaynyy-natyurmort-180h100h100-sm-261575334/?asb=XEBM%252F8%252FjFwfMNpPKw7uMS5S7KlTc%252FYRyCcQaiS6aZEQ%253D&asb2=__bKVXT1dMgofEHmQxW3UJ3qiK58FSt89GEwCQtjiaehJh8DLOS01v7mxA9fhvn_
"Банка для чайных пакетиков, Коробка для чайных пакетиков, 21х10х10 см",594 ₽,3 отзыва,"11 мая доставит Ozon, продавец ДиМишКа",https://www.ozon.ru/product/banka-dlya-chaynyh-paketikov-korobka-dlya-chaynyh-paketikov-21h10h10-sm-276810116/?asb=6qh%252Bz3nsByDW1XYC882otzQtY%252FqU%252BaLcPgyMyW%252BCZNk%253D&asb2=zp8esn65sK3AxsUcfsjDZsh8iGpEPAK6hfra35NMv72frvZm5-BVXe7dCKDlpLcn
"Коробка для чайных пакетиков, Подставка для чайных пакетиков, 23х15х10 см",771 ₽,6 отзывов,"9 мая доставит Ozon, продавец Razrezwood",https://www.ozon.ru/product/korobka-dlya-chaynyh-paketikov-podstavka-dlya-chaynyh-paketikov-23h15h10-sm-565394506/?asb=mgTajSwThqDe0KpMMJT5h50zWj3Mi809s0ENr6B9EPzGZmR2qDISJqhilbI95F0F&asb2=_ILg3pPGMzPyBp_v5dX-hMM3NfZ7cAR67aUs3cW88sTTOWBtJCH_3iXgUqHvJHHR0Bgw-g5HuTwVcZ4NY_KH4G9RzLvyzFVJn9ONFLnhX1y_niR4OIj3VQs9CC8AC1J89NY_vwiVmNoo9xTm5OTbRA
Чайный домик FEYT,349 ₽,1 отзыв,"Завтра доставит Ozon, продавец Nort",https://www.ozon.ru/product/chaynyy-domik-feyt-449163882/?asb=GgQEWKG8FrWVr88CJ3NqHJi%252BmPTbFdQ8ZCp%252BKXG5w2%252FvzlvIuE3%252FrajsZHB0sHSq&asb2=LN9cqKAOf2pmyzCqi3W3Q3VqD3E8R1vX8GYU1nLqYPdzV_MXbRy8aunyZt5Zgjo_NlG5SXhkMVxbg25qSTDgHJ7s6Qs-vmddgfPxsPoPkHJoiLcLryTJJsofg9pBf-VZAFGjRtyW-0jsMzr0V5JWOg
"Чайный домик Деревянная мозаика """"Деревенский"", 200х140х230мм""",707 ₽,1 отзыв,"10 мая доставит Ozon, продавец Деревянная мозаика",https://www.ozon.ru/product/chaynyy-domik-derevyannaya-mozaika-derevenskiy-200h140h230mm-297041810/?asb=dI8MVny9l6YQn8sM2w5KHJbavUki9ibzAaJgw8g80o4%253D&asb2=jxLLSbCqGhWfrcf_WvSGo2sTROQPyIhTrvwgtconzJEHQWLwiO_VorA7si9-mp6q
Чайный домик,189 ₽,17 отзывов,"Завтра доставит Ozon, продавец Фабрика счастья",https://www.ozon.ru/product/chaynyy-domik-299603694/?asb=GLJK%252BLsIyUdydmCh4LdaiVHsKfmt3LdsrOY25N6BbWc%253D&asb2=eQPOkNh13gPBk7GuDAnSwd48xzhO5mda7Nt6_uxnNxVWHdtwbym63qPX25qL-qF3
"Чайный домик Dolodom, 320x105x180 см",511 ₽,13 отзывов,"8 мая доставит Ozon, продавец Dolodom",https://www.ozon.ru/product/chaynyy-domik-dolodom-320x105x180-sm-221239018/?asb=vWnWjFYdCycwyjdxpcUGkPKMIe%252FQemdJUgoqiG8Zpo8%253D&asb2=Sl9_1PUQxRF9LTzQGwELusIQoHgfSonD9N5eqUqY9jfoKuD8mRKZgM2iKFmw0HvO
Чайный домик FEYT,343 ₽,1 отзыв,"Завтра доставит Ozon, продавец Nort",https://www.ozon.ru/product/chaynyy-domik-feyt-402456072/?asb=6bi%252FQeZunm121jNOa0o%252FAzZsg808cm%252FWmh89uYIRI5JxzVVb5RASagkC93m6vRT1&asb2=TYk_9MCJpjWq-vWLqLl7CpK_qIBsblWEUqMEe4m6vIbnGcG3IPmFsAr8LSgzhRGlO6uQ-YNKjcEXwSzL9NvmGooTjZmwCPlyunP6f7VTeOCgbM3RCkdbSgg44pLBeIBKQgAPt1omQ02Bb6QVdmCIDw
Коробка для чайных пакетиков,712 ₽,5 отзывов,"11 мая доставит Ozon, продавец WoodOwl",https://www.ozon.ru/product/korobka-dlya-chaynyh-paketikov-173010448/?asb=u2b0QXOhmElkEVGh0GqtZFEZMG8p6Gb3T74zQxQauEENvMuM6D2lCxdk1l4%252Fzfgr&asb2=14lD8nAnnACeNsB__U40STyuShEI4s7_EzuvsbaHsNLTT_Osn-YI86pxcQZ5eLdIbgvZHMm7ks7PgSklqLZgpIID65BrMfHapIt4hK7MMqsUKruJsgotndgHa8KSnCJ7u8HisqaxOE5XKYmRJIN0Ng
"Коробка для чайных пакетиков Домашний Уголок, 7х17х5 см",351 ₽,7 отзывов,"Завтра доставит Ozon, продавец Домашний Уголок",https://www.ozon.ru/product/korobka-dlya-chaynyh-paketikov-domashniy-ugolok-7h17h5-sm-369373503/?asb=R%252BLZPjHvyer7oF9N9TWoOdYBWot8tyzqCekh3dhUfIk%253D&asb2=2kRiiIHpPqRYBos-DuICNawLLZXdbpFiMwZyMmQb3-oF0OeFxz-zepd2ofe0jJBx
"Чайный домик, Подставка для чайных пакетиков ArKgreat, 11*11*19 см",290 ₽,1 отзыв,"Завтра доставит Ozon, продавец ArKgreat",https://www.ozon.ru/product/chaynyy-domik-podstavka-dlya-chaynyh-paketikov-arkgreat-11-11-19-sm-288716238/?asb=jfFyNsRzR3wJO4e7nnmBPgAKjUGLtZEPboyXK3a9%252Bp0%253D&asb2=SYQHWhtcEs_HSj9N_6YG_noe0J-F-XywMDBzS9AAaWH397O5gJycq0H0bsL8KOp2
Чайный домик FEYT,328 ₽,2 отзыва,"Завтра доставит Ozon, продавец Nort",https://www.ozon.ru/product/chaynyy-domik-feyt-429423701/?asb=Jl9E7KEYT0A7RD4yVwBvtFLcbc%252BQz1kr3L3y8YvsGzptQsjKpeerudlthRY3%252FJBE&asb2=ryERpfLMsgJONUr27lHI6FKI4rw5MZ-L-DAl5qrK9k5SU0RK2WFwniFbOry-3mpVkAxupkpXnx6E-_svt8fgqfwxqV2rjPLuE-biH6OM8vhNRcoEoIzLPkwnwyFJrKzwUUqh1AsvU5RiRM9WE124jA
Чайный домик FEYT,569 ₽,2 отзыва,"Завтра доставит Ozon, продавец Nort",https://www.ozon.ru/product/chaynyy-domik-feyt-402504996/?asb=2sxpM5O00Cts3IG19%252BDbc4Kpwo4wpbIlcCnyaM41H5%252FWxO3NSpS%252B24bX%252BTMLyZvH&asb2=M0qmt8mskDIE8YaTQavYcYywV5OhdgY3vRhu4sB8MuRvtgwnXl1p5mPOMv48yeg4Q-zp9gI9aCOj-XOVg_2F0tvDOT235wLtIVfHeFSbggFlq1t6Qhw-NqYWmJ8v3G6_OdjwXAjp3SRkfWgiG0tYmw
"Банка для чайных пакетиков, Коробка для чайных пакетиков, 9,8х9,8х17,4 см",349 ₽,1 отзыв,"Послезавтра доставит Ozon, продавец Настюрий",https://www.ozon.ru/product/banka-dlya-chaynyh-paketikov-korobka-dlya-chaynyh-paketikov-9-8h9-8h17-4-sm-507479203/?asb=odJk712D3S6k1s0Ji%252BZ261lmdpZK5KbU6szPFYU1JFs%253D&asb2=SfTScdzScaV79nr5uWRIPVS4251sGVZvVMVEaBy_OwncNmYi_s-3sXzuNqEESBVp
"Чайный домик Дарим Радость, 18,5х10,5х9,5 см",449 ₽,32 отзыва,"Завтра доставит Ozon, продавец Дарим Радость",https://www.ozon.ru/product/chaynyy-domik-darim-radost-18-5h10-5h9-5-sm-493249002/?asb=c%252BxhKkdOh2GjJn3w%252FtPby8bXB%252FvxQH65yL%252FJUKAW%252BIpxedNLVPCofiSFLi85qIlz&asb2=0OcQ8qQ822y6Av_exFFYDEjI916eIykKU9RVhGWcjBvN6NRjaIo0goEzknJ93OBxzzosXLu2gwOzb3847Kp2hN9Zus2RR9o9r-jBY1yvTNHW4mY9NBw97PUUs1AX1ESwO1jGHXy-aCSLdgCmdTzkQQ
"Коробка для чайных пакетиков, Подставка для чайных пакетиков Home-Smile",810 ₽,3 отзыва,"9 мая доставит Ozon, продавец Home-Smile",https://www.ozon.ru/product/korobka-dlya-chaynyh-paketikov-podstavka-dlya-chaynyh-paketikov-home-smile-470241138/?asb=kHWdD01hzX7cmy9ozsjcdgc%252FwKxDZjM5v8haSMEZG9E%253D&asb2=eJkT8pcZcAdHNQraG_cp1R2kBXfLEtV0PfOgf0vFYGHKgWXGBzFTqOfglK3VygPh
Чайный домик,465 ₽,2 отзыва,"7 мая доставит Ozon, продавец GolDViktorY",https://www.ozon.ru/product/chaynyy-domik-245732319/?asb=pOnKF77dZ6wI3mJfcRdE4wnYlvrwizcrHWN5Y4x1f5M%253D&asb2=DCRHnyYZQVJs38V9GdOZOghLK7RWGbAuemTT83RQu5qKA6S8MKNE8o3u9p7MZO0m
Чайный домик Art East,630 ₽,5 отзывов,"Послезавтра доставит Ozon, продавец Art East",https://www.ozon.ru/product/chaynyy-domik-art-east-207007441/?asb=5N2Bg0fdcYpg23IE7rDo7jF6L61478dsvxnpf%252FwKGxM%253D&asb2=1DWvz89XOzAkZf8WdTqiCkOkFxVTseo61V5ic5qgbT-KMHHpz-GU8PhnDneWJFx_
"Чайный домик Ecodecor54 ""Клетка жар-птицы""",455 ₽,3 отзыва,"12 мая доставит Ozon, продавец Ecodecor54",https://www.ozon.ru/product/chaynyy-domik-ecodecor54-kletka-zhar-ptitsy-249007422/?asb=vYFnxTJbqjIgSaax3QhOBHVnLOWGd4FzcM%252Fdl2kVGLcRMV0ZjKNxTI%252FRdwfQ7Oav&asb2=wEDqFhGgfmmte9yPKeoinBxOpwcZeHHgloDmuyrN4RYXckHyMw-i8TOE--4F9gQ7haJKxipNu04NtrBepOCuHmgkpyCCQQlStHqAYqnIq0xmn8KLoiR3Fx0kofVaI9hOh4ZSOhBKb0RUx9t4doR9OA
Чайный домик Art East,630 ₽,5 отзывов,"Послезавтра доставит Ozon, продавец Art East",https://www.ozon.ru/product/chaynyy-domik-art-east-200213196/?asb=pxxbOYQQ74hKAGRI5M63PWEUoikTfNecKeHer1Yjp5o%253D&asb2=DGBYbayNzoVeSAq5aqIDHp-3UMeS2iPq5lNHZCeQ0fgLOc6pgPbmFgAvHhS6ARPD
Чайный домик,312 ₽,1 отзыв,"8 мая доставит Ozon, продавец Tiara",https://www.ozon.ru/product/chaynyy-domik-500267906/?asb=iQkmxzuN15%252FpmQbPTtFYPrZd%252FZt5567iQ%252FuepRP0mKo%253D&asb2=v3ZlYHPYxGpMDJwEuUSYg-Q3-c4X_a9AaIlGbzqV4U_uqNwJsnqlY3COUpMYYYqy
"Чайный домик ""Время чая"", 9,8×9,8×17,4 см",449 ₽,2 отзыва,"Завтра доставит Ozon, продавец Интернет магазин ALLITHAVE.RU",https://www.ozon.ru/product/chaynyy-domik-vremya-chaya-9-8-9-8-17-4-sm-403759720/?asb=7%252Fsi%252BUZdGi0zRCygBpv%252BPI9w10285AVMwMWsrZ%252ByPBIawdx0bZmUlrv1MNt6pJaq&asb2=SFXC4Zoptd0ii5Ow52qtLU_XzvGsz0orJODR3PJzOjFmkdlPC0BrzPp68GqEZc69ABgconEIJPmeuoxshRUeIkzbwrDcssdb3ZHf517KAuv9SuijKE3tZvDFer5MbyKCr_4febFqMR9AQ3L74CELtA
"Подставка для чайных пакетиков, Чайный домик",210 ₽,18 отзывов,"Завтра доставит Ozon, продавец SolarShop",https://www.ozon.ru/product/podstavka-dlya-chaynyh-paketikov-chaynyy-domik-367465717/?asb=0XYj3vMkFY7vpPbgqGhxS81W3tJU0wuNym%252BsVISgO44%253D&asb2=H_Km3IpzfQ_amReBkFx4Mfpoutd1N3gMQypsRi717ydcPE4QYuvPHaEiYM-w6VeJ
"Чайный домик Woodcarver, 12х9х9 см",290 ₽,3 отзыва,"11 мая доставит Ozon, продавец Woodcarver",https://www.ozon.ru/product/chaynyy-domik-woodcarver-12h9h9-sm-226168850/?asb=fnE7sLRdR5N1v3h8k8LcmuReNx9oqG7%252FisvHLI05mro%253D&asb2=YzuWVuXZgf8NyR0F_12uF244domuKpZsCVNjuqtgv1_8z2U7HRvUvUa7t06ckE3S
Чайный домик WikkiWikki,485 ₽,1 отзыв,"12 мая доставит Ozon, продавец АБСЕЙЛ",https://www.ozon.ru/product/chaynyy-domik-wikkiwikki-468568402/?asb=FUTy%252F600Qk%252B9kTUOPyde6JkaXcBnZ8Yul5tGSb6WrjafemBSAEke4M5ZxBrBbkg%252F&asb2=ILuNEAUD3Kgaf3FUbaZHmZx_Sj5heAngEEnpUcW4fy7yz_LX05gZU4xY9LfIO_DiQDzV2-RgOLdGpxADEkzmQOPcxs-NdwL2ePoHd4-EujZ7KjXAWsfbkPVSPVM0EAf2Y0eLs9dAxrGZEyeeqs_rgA
Чайный домик,188 ₽,2 отзыва,"Завтра доставит Ozon, продавец Фабрика счастья",https://www.ozon.ru/product/chaynyy-domik-299605909/?asb=eghUHHRry2LdNjDQb1aJQysZzGCsWmeDEbtq5BWNEmg%253D&asb2=dT-tx-Jf34N2HP1SS6sh5j72fMnAiqO7MUe2w_ZBOyvcKDj8c-Jg3pT14TxsAoCb
"Чайный домик EcoWoods, 19х18х9 см",688 ₽,3 отзыва,"7 мая доставит Ozon, продавец EcoWoods",https://www.ozon.ru/product/chaynyy-domik-ecowoods-19h18h9-sm-282481163/?asb=ez41eJoLp8kpB%252Fb8g7Ny3b%252Foswz0VzJGC32tStcL%252BoosoZbgU8gil7GFnR%252FQqfyi&asb2=AV7B8wJzkLSpHQx848OapYJBCT3KY8MZ___Z4GwXUzkZ6FUQ70fyT0hIbllauyIaiYTkv_-gw5TH7PzfFAh23LIvh-C0mt1wpLQ6UYpu4TMzr7EPneO6m_fCplPxhWGrY-dJbWLeu1SumyMJxRUBBg
Чайный домик,584 ₽,3 отзыва,"7 мая доставит Ozon, продавец House_tools",https://www.ozon.ru/product/chaynyy-domik-224709636/?asb=oVpm%252B9y72oWrQd8HcLVtUxXwASpkvESmL6QpJRU2b0U%253D&asb2=LKaJhCt8NUAhV56L90Cr1EF7LazWNvhZXtPvIrmjBmiJnZiYgyz9Ws8Eo5A4I2Fl
"Чайный домик, 10х10х17.5 см",270 ₽,12 отзывов,"11 мая доставит Ozon, продавец Reseller Group",https://www.ozon.ru/product/chaynyy-domik-10h10h17-5-sm-242920933/?asb=kivG5v1vcrCKxk4ss5dH6aapewCcKaR01ybyiqitpIS%252Fb6NgUO7EarYn6k6%252FdtlD&asb2=Vj5fXJ1yQhQPtRzU3BE-qNvarIaCn25AutTkzaJNfT0tClX5mmUPL2aq6VrG3yRqPM7dBKzsmj0YUUUl00y5BmZZ_HpLzxOlP1i_kf2OhbQr8xEUPOUiUkz4DNqWJWxQJDz86UTb3nKv5SmxFZ2KDA
"Коробка для чайных пакетиков, 600 мл, 1 шт",502 ₽,7 отзывов,"Завтра доставит Ozon, продавец House_tools",https://www.ozon.ru/product/korobka-dlya-chaynyh-paketikov-600-ml-1-sht-192788716/?asb=r1bVv%252B8p%252BMBDcL7nYMiTNLdsbMQiVZVPWVgaplAa6KA%253D&asb2=p5WQEDF8eLjxOOT0YKUhXQqeBRn__rqhtYGruh_z2DUdmyLqBdiF6UtWgq8trFep
Чайный домик ЧайЧай,381 ₽,3 отзыва,"Завтра доставит Ozon, продавец ЧайЧай - интернет-магазин чая и посуды.",https://www.ozon.ru/product/chaynyy-domik-chaychay-202910141/?asb=%252B3Nj37h6ng3uVrXBNp19iE8F5MlMt4P%252BWKjxX2xSEkAYZHUiL8Aoj7dYOd1IUd0g&asb2=wM7qWMehXvI1KPBhXt2oHZP8uvoMdkpp1UXyRyPofrgDFUsqJQtZd9qp4LOOdICGM7mMeByzEBmqxZLpSV-IXYLlGSb7-lqQ1DTzyurEQUKWmKnrL6refQ0OSxhdbZK6rhALJV7H4yyORVsxxEUMEg
Коробка для чайных пакетиков Grifeldecor 6 отделений,688 ₽,8 отзывов,"10 мая доставит Ozon, продавец ООО ""Хэппи Хата""",https://www.ozon.ru/product/korobka-dlya-chaynyh-paketikov-grifeldecor-6-otdeleniy-492417687/?asb=%252BIEcZPa99Bvb8k1H4oZAP03ieJXfNJnJjKIfeym%252BKPY%253D&asb2=vwLO-gW7JRJZaca3gI65y1LHPAGavfbFIfysW0io9XZ6cJpge8cKS-HUOLp0dLzJ
Чайный домик,383 ₽,2 отзыва,"9 мая доставит Ozon, продавец ИП ПАНКРАТОВ МАКСИМ АЛЕКСАНДРОВИЧ",https://www.ozon.ru/product/chaynyy-domik-431466752/?asb=xHKsyeIeb17%252Bg8l68O%252F1gbT%252BRquUMXDdcGVqg8ADUo0%253D&asb2=lDZiUV-HQPYhttSrYX5J68b6kS4oF8jI2EGZazq4kkAswuBCmJHBhi15rRRED2X9
Чайный домик FEYT,226 ₽,1 отзыв,"Завтра доставит Ozon, продавец Nort",https://www.ozon.ru/product/chaynyy-domik-feyt-402505942/?asb=eMwNTjWREq5%252BR%252Bem%252FbyWURkYqhvmiZ04pAkEcOU6w9UoiA1ibUKMpmzt1jDum2Yx&asb2=rV_t3j6TME0EAlwqDtqUKbTbFt1sLV12lYFRVhk41b3FexXnOCQeqaTbCpT35KAsb6ImzBw1lJ-YSMm2mdkLJ2Uz5NTDRbEjAErluFKW7Ot_p-n3cFo3wnNHN9NvfEeEyxgtQKQS0wUk5zHr8L7TXg
Чайный домик FEYT,356 ₽,1 отзыв,"Завтра доставит Ozon, продавец Nort",https://www.ozon.ru/product/chaynyy-domik-feyt-402498540/?asb=fcxjwX%252FrKbEmVHoYLexHRGJdCjOgTi3fs%252FOl%252FGN3t7gd29O7gVKVcIsmariG4kOf&asb2=KUeWJ5DZ7Oq1VCK4S1dx9-PkDoYuVf9uCQcWqp9o8EXAEbIkZaxlxt9aOA0uXaAd7C5oH5OT2jTBOfE79kA_SqF66OAet5f0JoI-2IPo3-yS0TQo_hQlyYfYXRW79brg4RN_7zzJnhI7IhmIbvJfHg
"Коробка для чайных пакетиков, Подставка для чайных пакетиков, 22х16х9 см",590 ₽,3 отзыва,"10 мая доставит Ozon, продавец ivkolab",https://www.ozon.ru/product/korobka-dlya-chaynyh-paketikov-podstavka-dlya-chaynyh-paketikov-22h16h9-sm-555529955/?asb=QibPvO4Yv%252F7FA65oXXgtZvtubTnMMji6wwWnCbzsp3A%253D&asb2=2Hdk-of6kypSJ5XUpoG-jXTv-mdX8Yhu5J9O2Ol20FJsZzyZcs4xQzYw3l4KV4-z
"Чайный домик Dolodom, 239х86х145 см",307 ₽,3 отзыва,"8 мая доставит Ozon, продавец Dolodom",https://www.ozon.ru/product/chaynyy-domik-dolodom-239h86h145-sm-221238938/?asb=oLo4AEwNrMR1aQ%252FIjiWJu%252B1KwyRTG2ux5jiWSfi0qPc%253D&asb2=26CZB53YDzmNJkSnfqw2X2JXij2plyUYJNnlTf8-03QdiXRG5b_vziviWvxq4aFD
"Чайный домик Feniks, 10*10*18 см",180 ₽,3 отзыва,"Завтра доставит Ozon, продавец Feniks",https://www.ozon.ru/product/chaynyy-domik-feniks-10-10-18-sm-402550946/?asb=MJhJMWmhIpGML82hzmsIDjV%252BGZyWRUJbRNKNBT8wq2M%253D&asb2=9rOSd_mG5x9S7GXlUbMY8tqYPVwkHLzL7rM2xI62CwhWxqz25_MKcS9lV8RdfDSC
Чайный домик Art East,630 ₽,1 отзыв,"Послезавтра доставит Ozon, продавец Art East",https://www.ozon.ru/product/chaynyy-domik-art-east-200213197/?asb=KDrvjCnhF%252BKFLutdal%252FDkvghyVlriDbbKgwH36mFkUQ%253D&asb2=d_sRydBc9wlMRpHI_msRzw7OApn_6zTlw0rgUcrWIETVI0jfPAvPnx6fP7g8Ekex
"Чайный домик ""Домик с корзинкой цветов"", 9,8×9,8×17,4 см",300 ₽,2 отзыва,"8 мая доставит Ozon, продавец Oskar Family",https://www.ozon.ru/product/chaynyy-domik-domik-s-korzinkoy-tsvetov-9-8-9-8-17-4-sm-500593349/?asb=Htx1pm0LqFUcMNZxYMqMn5nz%252FhavfMrWN%252Fs0VHfaNw4%253D&asb2=is0wpClE3UBTioZrmDqvFkXqeUT5Db8eceu12kzujZ-jUIeiQRn1qn-k6H_Ztlxs
"Чайный домик Feniks, 10*10*18 см",180 ₽,3 отзыва,"Завтра доставит Ozon, продавец Feniks",https://www.ozon.ru/product/chaynyy-domik-feniks-10-10-18-sm-402553994/?asb=XIgG5NPP57L3n3EWOnOK9pLvDqoLhwPlRW%252BEbgCjti0%253D&asb2=Apnv-Wu1vnGBGLv7uGqdaOEoNTg2q50eC4BIVQ8PtdNUwNi95zy3qITdy3kapVWH
"Чайный домик Ecodecor54, 239х86х145 см",319 ₽,2 отзыва,"12 мая доставит Ozon, продавец Ecodecor54",https://www.ozon.ru/product/chaynyy-domik-ecodecor54-239h86h145-sm-249007984/?asb=8vh6kBDYgJxD899zS2eBWv1q2mG4vFcHbfVm%252BMMgBqg%253D&asb2=_5D8TNFq3ljc7VbDGvkihtXo8osbm9BbBpnhDsIJZ9qkaZBkQeCgnwTJhejLt7cV
"Банка для чайных пакетиков, Коробка для чайных пакетиков, 10х19х10 см",256 ₽,1 отзыв,"Послезавтра доставит Ozon, продавец Настюрий",https://www.ozon.ru/product/banka-dlya-chaynyh-paketikov-korobka-dlya-chaynyh-paketikov-10h19h10-sm-511466332/?asb=PJjrn6w33IfF3GTQdGCk39AFefhlpMG3qg5Zpnm2%252B8w%253D&asb2=T-j2ThLt-pptp77S82HjqJW4F7Xfspr1N3adVcyqDgZx_SkjzTjWWrrue-IXREhf
"Чайный домик Dolodom, 315x130x250 см",460 ₽,1 отзыв,"8 мая доставит Ozon, продавец Dolodom",https://www.ozon.ru/product/chaynyy-domik-dolodom-315x130x250-sm-495264574/?asb=aVSxiXFqW0XJePwSeHRWKngq%252FET0LM%252FLV1O%252B7YC5kjzzno5aFAntn4xQe5qtbACV&asb2=RTH5ylF1zeze7xQ9it0ANITfljg4r8Sp40DPThqHPWZteUl1DtlgvQluSaG4rXZZxeLpdUtAcj2IoamYjM29r5EVDY43zPnd1Cx8Yf5vwSs1AES_GmONu32oh4nWuIiwB74jtlDIqh4FzZs16UyCXQ
Чайный домик,327 ₽,1 отзыв,"7 мая доставит Ozon, продавец GolDViktorY",https://www.ozon.ru/product/chaynyy-domik-234501651/?asb=APQLM8e9tsOmoePScn2%252F9BRb4LdvHIQHMr4bELGT%252B9U%253D&asb2=yl0pvxry78RZ1uYBkuGIchVR9BZadVJ85MLUcWnG0qweDvNUx46bNgNk9QYKGYKK
"Чайный домик Dolodom, 200x100x180 см",327 ₽,1 отзыв,"8 мая доставит Ozon, продавец Dolodom",https://www.ozon.ru/product/chaynyy-domik-dolodom-200x100x180-sm-495271691/?asb=4CMTu5b3a5hR8YNjfCX2a4p27oLO0WMaavccNvwQ2UJlxahOSbBC4n%252FO0gnlUi%252Bg&asb2=ogP36Uq3VT9mwDDfSCjJWM3yxJ9rFH8N7YDEXnCYLLNW60BrrAbRM4sGrltidilPHZc07fT30gLzd0UgNk2GNfUk4yS6NaMlxXWm8OTzc3SpF-IfjpgIKxQD7ybSxd3pFVI2zMyR3MimLFwMxTIkrw
"Коробка для чайных пакетиков Ассорти Товаров, 7х17х5 см",370 ₽,7 отзывов,"Послезавтра доставит Ozon, продавец Домашний Уголок",https://www.ozon.ru/product/korobka-dlya-chaynyh-paketikov-assorti-tovarov-7h17h5-sm-561832834/?asb=%252FMfw1aWERvQnTdytT57IAG6Q5bSBZZVoayWJXODbzqc%253D&asb2=lsAIeis93-gTTdq-d_VWY2gn65BJxY7qt97kxfkvLUyC6MVRWGTKFnTw1Ol_1NwU
"Чайный домик Dolodom, 110x95x185 см",307 ₽,3 отзыва,"8 мая доставит Ozon, продавец Dolodom",https://www.ozon.ru/product/chaynyy-domik-dolodom-110x95x185-sm-221239134/?asb=s16Z%252FO7vBkWwO%252BijtbEKAeqoJU6%252BOPy3pIKa05JpcFA%253D&asb2=i-MaRYpKTDz3tmA37Mkiv9lu_3I-lD5VJPz075m53z6Q0D90whfLJmx7g7naBdhy
Чайный домик,395 ₽,4 отзыва,"9 мая доставит Ozon, продавец Ais Laser",https://www.ozon.ru/product/chaynyy-domik-482950722/?asb=YhVBT98g7pseIpgUzXDTBCW7p3Er%252FZGyIwWXh%252BSHNAMxcBEcTZHqmdAO26Oebfjz&asb2=uPhkbL8-MAWMLl4mG7DUEzRzsiAAaVePMYqnNpluAEDbQKw9ghAdx9lbF9EApj0YNIkq6tB3VSwP6sE1DzC9fDuH0vdOhodvuuF1xjX3bkCtKFpM9gMd4Pq-yka046DQRla3rMPUnfYQNYYdVVdUUw
Чайный домик 10/10/21,290 ₽,1 отзыв,"8 мая доставит Ozon, продавец Студия НД",https://www.ozon.ru/product/chaynyy-domik-10-10-21-467553310/?asb=wJSR5ahrNZ%252Biv7xCSPilxqPNTr6Lj2z8TIml2v5rdWU%253D&asb2=GJfbGF5tJVGGM0bT8Tj25NBfjxLj1CHx30n0fxrtqHvuGtGVSzFNEVJ89LjTtDnU
"Чайный домик, 22х10х10 см, 1 шт",584 ₽,1 отзыв,"Завтра доставит Ozon, продавец House_tools",https://www.ozon.ru/product/chaynyy-domik-22h10h10-sm-1-sht-205739272/?asb=mvZ4FIxHsPIt3109jSjAbX2XvAUMML6W9o2%252BBfnRWzA%253D&asb2=DMWtwWKvASmCLlVIKTB8b1vvRd8s7WTRpEyb-YAlCIx-Dy2ckSojQh98yEAkz319
"Чайный домик ""Home""",347 ₽,1 отзыв,"Завтра доставит Ozon, продавец ООО СимаЮг",https://www.ozon.ru/product/chaynyy-domik-home-362117434/?asb=c2gasNOy5dWUlqCzUQBlVHoqXzKcTIJHIXxjVdbHQNH0mVHiRZ4b7Z6zUvLkXyju&asb2=2lQi-qy_uBfAqJ3IrOkKoCYgryrfgrpE8IqvejQPWaol_zd9znPF6Mtf-0fOpVGShdHD23OfG8jg7H8f5siHD8gugBUjCvB2xaCBm_gab4ZFbVgZcWZu7KVQO1XDHE-wAmqOPLsYNRbAmQl7cXm6Lw
"Коробка для чайных пакетиков Ассорти Товаров, 7х17х5 см",370 ₽,7 отзывов,"Послезавтра доставит Ozon, продавец Домашний Уголок",https://www.ozon.ru/product/korobka-dlya-chaynyh-paketikov-assorti-tovarov-7h17h5-sm-561833512/?asb=nQZpJGJ%252By%252B18G49tQeuPvuEK1%252FIOvX0myfXwAg2ZNac%253D&asb2=jPyktqpIq0ASxDRAH2p7Vw3tW3JyA1sHq2gr9tLoSS-Lf0p4NEJZbENQ3TV6_bE_
"Чайный домик, 20 х 20 х 2.2 см",379 ₽,2 отзыва,"Послезавтра доставит Ozon, продавец Магазин Артёма Фонарёва",https://www.ozon.ru/product/chaynyy-domik-20-h-20-h-2-2-sm-312814847/?asb=2lZ%252BLay8Tf9MFIvVhQzm2%252FgjOzPyUVBX4p0crep%252FMi8%253D&asb2=rpjGmg8cQEMk-pR3rZjWJFpDt9xmLwu9TpWEY8tA9l4DlfDrisAMuSE63ECvksSU
"Чайный домик Dolodom, 315x130x250 см",460 ₽,2 отзыва,"8 мая доставит Ozon, продавец Dolodom",https://www.ozon.ru/product/chaynyy-domik-dolodom-315x130x250-sm-221238981/?asb=4mSctyJDMFTrJP%252FGy8mQlr0hG8sNTb8Jr68376HsxgA%253D&asb2=ZP8bN-L6TaAegXr-uokMa4k-OhvXhtqx7tmkjD0bbRx0biXMNVcis6SqmQTnHEye
"Чайный домик DEREVOSTORE ""мопсы"", 90х90х190 см",409 ₽,1 отзыв,"8 мая доставит Ozon, продавец DobryyYA",https://www.ozon.ru/product/chaynyy-domik-derevostore-mopsy-90h90h190-sm-478608761/?asb=Qp7cppFjMA7eeiH44bCXO1h3Hmn1PsgDr2kZFGsZJt04X1JStgcRNWblreA9fo0Y&asb2=3L2aN-ijNDg81ClbfOJPdWqf-VczI3E8Ey3g3O2CZFU6pBZoz5iZLyhdWCTWiSu77gqMWnNu9GAXFFClBrzC-16wVe-_1E7hhZFsOSpbKOXYGBTvol21scTz5GEV_csTKeJ1I7FwkWuDrdBbl41Pdg
"Чайный домик Dolodom, 110x95x185 см",307 ₽,3 отзыва,"8 мая доставит Ozon, продавец Dolodom",https://www.ozon.ru/product/chaynyy-domik-dolodom-110x95x185-sm-221239082/?asb=ye0mV0xmZv5OaPKc8NqJZS3Xl1NvTij1UizKHTt%252BHIc%253D&asb2=unYzehLa5tX9fLwpF0R74p3wonRhTHvfrJ9JaMBLvtex6Ro8oDMQuPamhIQ3rO0k
Чайный домик RAFECOFF,260 ₽,2 отзыва,"8 мая доставит Ozon, продавец Oskar Family",https://www.ozon.ru/product/chaynyy-domik-rafecoff-328040500/?asb=sL6nI92lzoX0QWEFGzl%252Bq9B0GZuHDUkIx%252BKkvlRHpWA%253D&asb2=RCKlUxZbJzlPjV4P2uSfzML23_snDH3E2n9W1cofjaxSlwNQ9M0qybXZ2CrU9ALb
Чайный домик Solia,568 ₽,1 отзыв,"12 мая доставит Ozon, продавец Tasolide",https://www.ozon.ru/product/chaynyy-domik-solia-348044011/?asb=1R%252BWtNhdALfjdE9CWuR8j38qKEmCOycKPMiJxo6oRaN1lIHRPK4c%252BarmA2lcEK66&asb2=fnuWuGAZ85qDFlRE2rMldsFMh7BLeJNrzvvV2M7YkjSdVVxHiTCQ0gvdgF8RXhFULERDfItRxkWdsfMtMaaVO_NO9SH8j0bKwyWnCi9P1CQbs0wZwiq-Al1eETkT5tr9WiEsKunx2U9UxFR6cnQM5Q
"Чайный домик Dolodom, 110x95x170 см",307 ₽,1 отзыв,"8 мая доставит Ozon, продавец Dolodom",https://www.ozon.ru/product/chaynyy-domik-dolodom-110x95x170-sm-495265454/?asb=4dUl%252FOw6Lz41%252Bbs0E1ga0dPxDb5ANJxEQlz9Ch0uKa5Irg8tw4W61Q3XTkXLlu%252Bk&asb2=906J5BYO_qsWXiR5ZFZP3h5yWob0-4bhmtnWmcS362jIho7glV7ReCctJHrn3kcsned30JtB_7mAQeDC4kVka7WrXufm_b80ohfHWBHBptbXI3ZNcYudjDtSqotVr5mAFDei9suxpd-QNW9SSMxFDQ
"Чайный домик Dolodom, 140x107x170 см",358 ₽,1 отзыв,"8 мая доставит Ozon, продавец Dolodom",https://www.ozon.ru/product/chaynyy-domik-dolodom-140x107x170-sm-221278255/?asb=D4Ml%252BymwcKgT2h57Z0F5rQUjvBARrMYwzWbqB9%252Byu2c%253D&asb2=ReeuZjCfklCFCoVM9_mx3MIJN1oTje3AQiSXAdDiTAnXDvlr97Qx5nDx3KdP53aE
"Чайный домик Solia, 9,5 см х 9 см х 1 см см",706 ₽,1 отзыв,"9 мая доставит Ozon, продавец FAMILY SHOP",https://www.ozon.ru/product/chaynyy-domik-solia-9-5-sm-h-9-sm-h-1-sm-sm-437639068/?asb=Idv7W83W77nUG469r7yfadagZbVu9F2n8diGSGOH%252BXY%253D&asb2=yUBjX68GDbfvUKdIhU8UXkSIfyvhQJX8tsatX7l5xyLFLpveaP-VpnL9ZNQiplL9
"Чайный домик, Коробка для чайных пакетиков, 22Х18Х10 см",700 ₽,1 отзыв,"7 мая доставит Ozon, продавец ByJulie",https://www.ozon.ru/product/chaynyy-domik-korobka-dlya-chaynyh-paketikov-22h18h10-sm-399017469/?asb=gxdWdAud8qLjmgfhjZeTTe01FOrOl%252Bug%252BAINub9dsIM%253D&asb2=Fz36kavKStyv7Un_AddIEfcAasIQYklBEnLvkO_BjQR-nEhS6MWKZnWOY3U9VTSc
"Коробка для чайных пакетиков, 700 мл",502 ₽,1 отзыв,"Завтра доставит Ozon, продавец House_tools",https://www.ozon.ru/product/korobka-dlya-chaynyh-paketikov-700-ml-192938660/?asb=pGBOdhuaZmJwHomE8G8YYWzkBeF9z9tkghMNAOh58MQ%253D&asb2=9uQLcK8Zqk-FVgGt_-NYOuD_dbryMjVzLuRiYCn-7Vtk1hwgOCj3ou5o0U6-N4lJ
"Чайный домик AR, 22х10х8 см",616 ₽,1 отзыв,"7 мая доставит Ozon, продавец Market plus",https://www.ozon.ru/product/chaynyy-domik-ar-22h10h8-sm-226645556/?asb=xM20FFe%252Bf9qoU7roETV9%252Fesc6%252FJoKjn3EjTtmO8IYxk%253D&asb2=Ygr4ALJWc2wnKVSQO8RtLfKnSq4H48O-sfe4sF_-YYwOzmrSFrvPYBlSIVnhvWFx
"Чайный домик Деревянная мозаика ""Танцевальный"", 150х140х230мм""",707 ₽,1 отзыв,"10 мая доставит Ozon, продавец Деревянная мозаика",https://www.ozon.ru/product/chaynyy-domik-derevyannaya-mozaika-tantsevalnyy-150h140h230mm-297748543/?asb=JqTCtT0A0IxyTrjCOsdDjwlP05v1K2h%252FA3dTsmBCFKo%253D&asb2=aiJ622zmvlf2qgaqeRRGmVCekiHuVnMOhZ4vrlgy9cKO8xNAs5SsNf8Joy_2ku92
"Чайный домик Dolodom, 110x95x185 см",307 ₽,1 отзыв,"8 мая доставит Ozon, продавец Dolodom",https://www.ozon.ru/product/chaynyy-domik-dolodom-110x95x185-sm-221239125/?asb=B3HUJNOvENNMp8viP6hjBYPANpJryA1ycI83tJMU%252B7c%253D&asb2=fnFgzK_igIm1oXgFRpH8aGW6kHMIDHhIzWNDdU-_207UQMhNdNy_DRuF4jpboIlc
Чайный домик China,387 ₽,1 отзыв,"9 мая доставит Ozon, продавец ВСЁШОП",https://www.ozon.ru/product/chaynyy-domik-china-399403546/?asb=GvdU7gPf6c%252FnsbcqFAJMa6sH2YqaiFowI3O9OfSiIDs%253D&asb2=M_6GX3dv4Y-JopnaiKQfoGsx1w_v7iEvOR2qtD4jIaZrwPq6wUOLc1LbfHscZr0o
Чайный домик,477 ₽,1 отзыв,"9 мая доставит Ozon, продавец ИП ПАНКРАТОВ МАКСИМ АЛЕКСАНДРОВИЧ",https://www.ozon.ru/product/chaynyy-domik-431466904/?asb=O9x8UEzdQBS%252FRNDFFU%252BZp%252B%252FAXPDYb8j%252BT6GcarRZ5Ew%253D&asb2=N8U_Qb-wZMybeMaQebCWZgbfV0QSps72QHoD-BjPM5NNPbm3hKRWfg3t2HgsDzCJ
"Коробка для чайных пакетиков Ассорти Товаров, 7х17х5 см",370 ₽,7 отзывов,"Послезавтра доставит Ozon, продавец Домашний Уголок",https://www.ozon.ru/product/korobka-dlya-chaynyh-paketikov-assorti-tovarov-7h17h5-sm-561832762/?asb=wAavGcLJxZ3xoYcMeY9ecUrEdmkLfu%252FzPnJ9UKjWrMA%253D&asb2=_Uv5UeiTCVbr2gQyHe3UtU0AGDX5vBprr9OoYNVUsNMTzulcMOJVnWiO_LGvT-2C
Коробка для чайных пакетиков Сувениры и Подарки,540 ₽,1 отзыв,"Послезавтра доставит Ozon, продавец Домашний Уголок",https://www.ozon.ru/product/korobka-dlya-chaynyh-paketikov-suveniry-i-podarki-302531919/?asb=YeqU31tM7Zzyb2MlB6Imq%252BQe1O9sQlTVu63%252BNlT4NKI%253D&asb2=tIjyJ6BHRX3DYb9uQxaocfaaqpv_rkTtyBJLY_MUckrOVopIOKDVK7ly-aFhMx9U
"Подставка для чайных пакетиков, Чайный домик VD Master ""домик, чайник""",259 ₽,1 отзыв,"8 мая доставит Ozon, продавец VD-Master",https://www.ozon.ru/product/podstavka-dlya-chaynyh-paketikov-chaynyy-domik-vd-master-domik-chaynik-288077871/?asb=lUqIE%252FC7ZILY8Mv3MLTQnNK0eRol9Pip03kHv1WG0Mw%253D&asb2=2Ws_FCdZIuNgI8K7i6KmggeYxxl7RqeSct9EmUf0w8XJnFXDgUZ6m2WlCKpTChLo
Чайный домик Покусандро,250 ₽,1 отзыв,"11 мая доставит Ozon, продавец ИП Покусаев Алексей Николаевич",https://www.ozon.ru/product/chaynyy-domik-pokusandro-365281713/?asb=f1uaURAx8j0v141plC1PcHL6AoTTdUAH2OwnYMxjHFb%252F%252BXLPFz0RuUlViNI%252FQZxh&asb2=8IB7uuvGAOMhAI2h7KVbDE3Y-xmbUylJwcmC_Eb8cxyrmVKFP1MnP4S4HIqsxUaCaRXuQOOCgXIPqryiqnsSH4t84DBrfd9cOA7r7aFuXGNeNn-wiaABlddopiqoO1QzmzLoomL0TsYA3OQWdaDtsQ
"Чайный домик Dolodom, 240x140x200 см",563 ₽,1 отзыв,"8 мая доставит Ozon, продавец Dolodom",https://www.ozon.ru/product/chaynyy-domik-dolodom-240x140x200-sm-495264777/?asb=E2BcWCrQyzkEPpTOG%252FSqc%252FA2UXN%252FeMklYJvfOC5jXEVbnFA8jRXBakNXigHAkFjv&asb2=KGBBLbww_kzAMubYyb7pdOX28PG1PnJNz9sDEe_BOZbroxBUx3dMVl_EmduvYQgrnIH6oNOUGdwSIojzOoQ-_6iETH5k8zrnkmx7A8r2HbN1qRWBHQoBziW8f1BJa_yH9niKYsNzxd2r9CEnDUUZVA
"Чайный домик ""Дом"", 10,5х12 см для хранения пакетиков",420 ₽,1 отзыв,"Послезавтра доставит Ozon, продавец Настюрий",https://www.ozon.ru/product/chaynyy-domik-dom-10-5h12-sm-dlya-hraneniya-paketikov-533528807/?asb=38PYTvqLtBc8jmMzUmrJC9s9S2zBbGoHLRNFu1n6jWM%253D&asb2=cMumPPfZn-a7bajOAmUd9XVrTy93qD7t-LHKydMQFoPfcn-2QIT0Wd36DVU87sLs
