"Когтерезка для кошек и собак, ножницы для животных, когтерез для груминга, 8 см.",189 ₽,10 отзывов,"Завтра доставит Ozon, продавец BDA",https://www.ozon.ru/product/kogterezka-dlya-koshek-i-sobak-nozhnitsy-dlya-zhivotnyh-kogterez-dlya-gruminga-8-sm-506402884/?advert=mi4lR4ve--Lx88sE8c9CaruwNhQklFL2zaCuYfFitkDUzw30Zf9Q327whsdlLLmAjuT5D0SzMJfl8_-5H-MESSsDxV2GSEl1exEZLMkEtYcAEvcpRgqBl8kCFIxxRJVI9qx66kfDqz16NkmBRT3WSzbLapZlYJPKZ1TDvF5GWTJ6biXOYs8cvP_jo-501eDG2oT6ICvmSRVRmxTrZ9EZ826HS85DsmegwTsAVjpANllrjeCyfGLcr2g8hBYT9ZEubnY4FUAtC0EwZziMq1x5rtqqffoCbAFEIKs-AMpT_ouCFep6rG_293s2BUbfKQDLSQSWyUQ8uvv9GVgPP_Hd7wtJQA4OCMp6y7Nj2pYzlT5GJ8SsA0TyVMmkZMSisnCw_FKxLKnFC8h13X3otN1r7_mAUjGfsqN9NuLfCm5leMF_4LOQfKfyTSFShxmhVBSAI7QbbHUayoiy27c_hENhpvP31XuWtBdPp5wfAKIdYgDC0E_m26x_0hmX6MGkg21sc9n3um9qbEqCK_8bSXzhkDg_YGWbyKQg6OB8O3l7lNyKXFSClG_6lW7nx2m_yX9k
"Когтерез-ножницы для кошек и собак / Ножницы для животных / Когтерез для кошек / Когтерезка для собак / Когтерезы для животных, для кроликов / Ножницы для груминга.",173 ₽,30 отзывов,"Завтра доставит Ozon, продавец proМАРКЕТ",https://www.ozon.ru/product/kogterez-nozhnitsy-dlya-koshek-i-sobak-nozhnitsy-dlya-zhivotnyh-kogterez-dlya-koshek-kogterezka-513913767/?asb=A8hF%252FLyyYrs5aEFiHUyLu3dm7%252BmS65JwcfovduQW5Tll%252BqjlDJN6ox%252BswU6eNXgh&asb2=ObahICqBzf3XknSbuEfoyn2UDjNrAW5F58ioMrT5BcSALqYtG9z1WcFlIHnMw_JCLxzdBcnLTM6Mir4xn7JfkuzJu66eUsB51d0iUdNAfHg9y0GoYhusnG1Q3uGJCltoE_Tz45PANKfDhg-Rv2464Q
"Когтерез-секатор для животных, малый со стопором / Когтерез для кошек и собак / кусачки для когтей",269 ₽,7 отзывов,"Завтра доставит Ozon, продавец Free Shop",https://www.ozon.ru/product/kogterez-sekator-dlya-zhivotnyh-malyy-so-stoporom-kogterez-dlya-koshek-i-sobak-kusachki-dlya-kogtey-340447960/?asb=DhKiz4ow1yds7qw3CGaO5mA0JtEROoK4ywhp%252BXY5x0Bb4TrRX%252BBNeZIr1rHyW9DL&asb2=rKnMZiBDXRrYsaCARZwIP8f9bgu-EN7KqaTdMQicdnZichNfMJnncmB6SdrZEtBbCJIHbOm1XW7SuP9Es1x7B0YGqxaxUkmZwML80Nv8UkWHkjjneGpJTAtVhBm9Ud3x
Расческа для вычесывания шерсти у кошек и собак / дешеддер для животных/ пуходерка,435 ₽,188 отзывов,"Завтра доставит Ozon, продавец renaissance store",https://www.ozon.ru/product/rascheska-dlya-vychesyvaniya-shersti-u-koshek-i-sobak-deshedder-dlya-zhivotnyh-puhoderka-461609290/?asb=ejCYzS0hCiprSD4O42i5HrxJAedVzXxWv9m0J6SjC0%252F4lYYCeSOj9RnpbMJLJOWU&asb2=uic1ViTKiGoMxCfaR8c5ek-EcZ9vIkupu_I_58aPvsS2ISsYA91AxBA7Hs1AKGGI_Wfw6Uxqdm8pi_0uWh7tHtrA83P-vpNR7np1yLFsBlbc0XPp6yT03Up39P3sgpX1nqARlHCUytf_6MglPrpKBg
Колтунорез для кошек и собак. Чесалка расческа щетка для длинношерстных животных. Дешеддер,305 ₽,3 отзыва,"Завтра доставит Ozon, продавец Profit Market",https://www.ozon.ru/product/koltunorez-dlya-koshek-i-sobak-chesalka-rascheska-shchetka-dlya-dlinnosherstnyh-zhivotnyh-deshedder-563772972/?asb=ukNuhyGduCqTY61gz3tOVnP5e0kmxEczocmIPSmhjVs%253D&asb2=fEq7uvCEf2FIlXBvP-LsMeMD2vEKmH1S6Eo7mAWsgLpdkAo4vJxFoTBHOmlb0cIZ
"Расческа для животных ""Гребень""",341 ₽,9 отзывов,"Завтра доставит Ozon, продавец Усы Лапы Хвост",https://www.ozon.ru/product/rascheska-dlya-zhivotnyh-greben-464522903/?asb=89y8fClPT4aQMQ41jkN66D1UBFsMmPhGy4v%252FHF5zY0g%253D&asb2=TtOYycQKnZo7rl1I-OaNHOsKJUfDjSRAsqedkU6xnaWallgmpAm1XbJNRLEZL2LA
"Щетка для удаления шерсти двухсторонняя. Скребок от шерсти, пуха и волос. Щетка-скребок от шерсти животных. Щетка для ковров. Ролик для удаления шерсти.",315 ₽,17 отзывов,"Завтра доставит Ozon, продавец ИП Тякмаева О.В.",https://www.ozon.ru/product/shchetka-dlya-udaleniya-shersti-dvuhstoronnyaya-skrebok-ot-shersti-puha-i-volos-shchetka-skrebok-523021734/?asb=BF7vm9lPDQ%252BjnrcKn3IMzmBDUw7H1GT68j7G0%252F%252BSAurXyRSu0Jym0%252Be%252BIfZu%252F8NK&asb2=1DpXoVZUmIYDEMN5iGdrafaNDdiUEQDtWU4HsxvoRkTG3Jin-h72Er-61uKsvlo-ZjSxIMxYwpJ-q0WC2uJLyw0xZhuLl8JAVaipOWwCd3nZn2MOJt4ReBDmpEacGkSMZ2-CjphilJmbyMvhA7niUw
"Пуходерка DeLIGHT, пластиковая, с мягким кордом, малая, 36821S",606 ₽,153 отзыва,"Завтра доставит Ozon, продавец Пет Лайн",https://www.ozon.ru/product/puhoderka-delight-plastikovaya-s-myagkim-kordom-malaya-36821s-232940188/?asb=VbdXGhg%252BPb2qmP8C96ntl6ArZ0CnIqpBM%252FjloQUriqYTgoKejA%252F4d8cW2ECEusUW&asb2=LW9mPPQhxoqdMX3BXh--lPt2OWHX3iyEjhy0of1ps6YdW9CNcCpZVdujLE4Sa7NZvvxjcftPksfd6HAhAjkwFk3APtcJkMp78A2qBecjeivdEjkd-xQeJhS_AEAIIlTFn6cf5vEpZawM2_9JWioHMg
Щетка- триммер для кошек / Щетка- триммер для собак / вычесывание кошек / для кошек,679 ₽,47 отзывов,"Завтра доставит Ozon, продавец Медвежья Берлога",https://www.ozon.ru/product/shchetka-trimmer-dlya-koshek-shchetka-trimmer-dlya-sobak-vychesyvanie-koshek-dlya-koshek-389394916/?asb=ymU2GoOEehKxx5jf5M6F2pBTUP5E1W2K3Nk1%252BFSjzThlukNYZLYfUNVetSPOLnOI&asb2=AAhLflNwRoumr00bD1gKnAqB-wqhmUv9jc-699qSFMQpWZjG_3FFf5cHi34-tOeMSycOS56Iai3bc1nb97oWU2oKU5F1aHQq_lEkPbOkNoqNAlipBVlTlJWqSWuJZama2yrTgD3AgKZFdP5WcazxAQ
Дешеддер / Пуходерка / Пуходерка для кошек / Пуходерка для собак / Дешеддер для кошек / Дешеддер для собак / Расческа для собак пуходерка / Щетка пуходерка для кошек / Щетка пуходерка для собак / Расческа дешеддер / Дешеддер для собак и кошек .,577 ₽,44 отзыва,"Завтра доставит Ozon, продавец Timeless Store",https://www.ozon.ru/product/deshedder-puhoderka-puhoderka-dlya-koshek-puhoderka-dlya-sobak-deshedder-dlya-koshek-deshedder-dlya-463882853/?asb=A4uNId%252FNARcyLvBSjHpfveWaBFiXDXLK8pLA4QtznDc%253D&asb2=dFURDAODc2wNww0vMw66KFRqdObVw4aqxf1tQFH90liLXfCMmagNx6BWc0Fg77wY
"Когтерез-ножницы для животных, когтерез для груминга, ножницы для кошек и собак, длина 11 см., черно-красный",164 ₽,144 отзыва,"Завтра доставит Ozon, продавец Mira",https://www.ozon.ru/product/kogterez-nozhnitsy-dlya-zhivotnyh-kogterez-dlya-gruminga-nozhnitsy-dlya-koshek-i-sobak-dlina-11-sm-462915472/?asb=%252BQwvAXHGoCmlp6HMNpVJKc8Xdx15yfw%252FhkDtSjzY3cmtKQo36mVF75BATyNI0MwS&asb2=yDqVyAMge740aQux6BIjq4JkBMkSAhb36wa7WOumrJO2fSsUZZF8pHS_qDYpalfr9dXobdp5UZZ5l_YB0Lh4BHpNteDy0wRz2PUjVDNPLe9yE0U4aS7PdLHPBzYGHYdSMfzlFOI3Yx6euDAeIGH0BA
Массажная щетка / Щетка с дозатором / Мочалка для животных / Щетка для мытья собак / Щетка для мытья кошек / Щетка с дозатором для животных / Расческа для кошек / Расческа / Массаж / для собак / для животных / Силиконовая щетка / Лапомойка для собак,254 ₽,19 отзывов,"Завтра доставит Ozon, продавец Semesha",https://www.ozon.ru/product/massazhnaya-shchetka-shchetka-s-dozatorom-mochalka-dlya-zhivotnyh-shchetka-dlya-mytya-sobak-shchetka-516394065/?asb=rl5y%252FjHG4qyCy57kLX02ygtvWHh0O%252FQzpPFNHRiYhXjVgetnqF%252BhkO1mfOfYRIOL&asb2=Sc_AW5n0YDdUqNSOu_eHsc0ltXoU8Gue0AJR0yxPRqxb_KNWO8ORpb3VK-KCGlswoRwmNF2wyu9ffb2ofBIXMqV5OAU1rvbmDY8_MuKJqBD8dyVLh8h18p1xuSPUKCYqKY7AmGPc2wGlSor94wjnpA
Когтерез-ножницы для мелких животных.,157 ₽,16 отзывов,"Завтра доставит Ozon, продавец AG SHOP M",https://www.ozon.ru/product/kogterez-nozhnitsy-dlya-melkih-zhivotnyh-456066356/?asb=czCcE%252BcI0pk44%252FeXE%252FwICMYPzdAjgcUXne8dKtVKcxo%253D&asb2=bCWR4gQX-COHQLbgZ_9GkmbhnV0hcEM5bdd4qYE4A9U3PzEOpKlB0Wq36IRFGiN-
"Когтерез. Ножницы для груминга, стрижки ногтей / когтей у кошек и собак.",363 ₽,72 отзыва,"Послезавтра доставит Ozon, продавец Shop-for-Everyone",https://www.ozon.ru/product/kogterez-nozhnitsy-dlya-gruminga-strizhki-nogtey-kogtey-u-koshek-i-sobak-375133844/?asb=AR01wup%252Fm%252FZnvtjrog%252B3dcOE6t6dtZZaZmVIWiaUQ4uSZ%252FwOhsspO4TBdrv4fMbC&asb2=S8ynmGyHOM3hvIp0h4vDrLL-6ovXionv48nQfoextM0DiRvJnjS4NTw4kpdyST45kzwCZK7_H5ESo0WG7yQrjIg1sVe9aTEAwWxHi9JHLm6-NJOedSmHnOMYu0iqV1E7eWnNN4y_Xuv8pex4JVRysw
Когтерез-ножницы для мелких животных.,157 ₽,16 отзывов,"Завтра доставит Ozon, продавец AG SHOP M",https://www.ozon.ru/product/kogterez-nozhnitsy-dlya-melkih-zhivotnyh-456070868/?asb=6DMTZCONrGqVKXE5mcz6faU0ltoxqSChfkw%252B4XGOWyk%253D&asb2=xc2fOXFwCkpGAayRXz23UhCORJdHNb1wjS_BenNR-z6GCo1tIEoufTv2NxDHxWGZ
"Массажная щетка для расчесывания животных, Green Meadow, черная",219 ₽,98 отзывов,"Завтра доставит Ozon, продавец Miango",https://www.ozon.ru/product/massazhnaya-shchetka-dlya-raschesyvaniya-zhivotnyh-green-meadow-chernaya-260680750/?asb=X93iIo0jtofdM7o4e64wNXON6Uy1AB2n2l6bmN8UF4tSd0MOWijs3FKlzAVA%252BvSr&asb2=3cZBQEhPETTro9jrsEak-Q3R7RuGCRyJgWyGUWDN14r6gxM3PeDwG6Xn0OQi_VYL7KhJW-KWzY7_z8gGn_jCqHVlByr8n0tn0-JnBtPRq85toz74MgneszK_5MxDZWEPhtbKN59nnOn817zRWlSqyQ
Когтерез для собак / для кошек / товары для собак / товары для животных / когтерез + пилка в подарок,339 ₽,14 отзывов,"Завтра доставит Ozon, продавец Медвежья Берлога",https://www.ozon.ru/product/kogterez-dlya-sobak-dlya-koshek-tovary-dlya-sobak-tovary-dlya-zhivotnyh-kogterez-pilka-v-podarok-379530729/?asb=RyJ9AKmxSrfz%252F0lZo5EnC%252BO5416T3J%252BjrDvB8OUbZ4xmAAWdQiO3Y6mdRV%252BcmjDN&asb2=YA5S80e8MwdEW8N3Q2slkofJ1rNIfvd-qAG-gj-m_bIvly1BSjDZajkG1Qa3rIIOCZekQMSYXbD6w0T1W2_GBG2aTIjHamLrlMvULO3v3pxZujb5O5lkVgquIR1_cpAm
Перчатка для вычесывания шерсти / Расческа для кошек / Чесалка для кошек / расческа для собак / массажер для кошек / чесалка для собак / Щетка для кошек вычесывания / happy cat / Перчатка для вычесывания кошек,162 ₽,55 отзывов,"8 мая доставит Ozon, продавец КУПИ МЕНЯ!",https://www.ozon.ru/product/perchatka-dlya-vychesyvaniya-shersti-rascheska-dlya-koshek-chesalka-dlya-koshek-rascheska-dlya-sobak-473940803/?asb=6MCDN47owAd43XrG5Cz6%252BCQbi%252B2hsV1jT1FKiMZDCgs%253D&asb2=NTp3Xzgs0Zx36IBeeBx1n8OWCAZRtyjehnXcU5yuW6evYbCzys1S-Qpg3S8HuYJv
Когтерез для собак / для кошек / Когтерез-гильотина,333 ₽,2 отзыва,"Завтра доставит Ozon, продавец Zooshop",https://www.ozon.ru/product/kogterez-dlya-sobak-dlya-koshek-kogterez-gilotina-530246392/?asb=m8%252BeB8%252BZbNwqzAF6n5Qdu1I6n5hzf1yc75qqY7jmXLQ%253D&asb2=i4gUgVbuTGmYjvL72ZfVhKdBoyQp-ZN0Cg1u3H_2dn-6W_vicvQ2yiF_mr3f6FRI
"Когтерез-ножницы ""Hello Pet"" для кошек, малый, прямой, 1903. красный",313 ₽,60 отзывов,"Завтра доставит Ozon, продавец STEFANPETS",https://www.ozon.ru/product/kogterez-nozhnitsy-hello-pet-dlya-koshek-malyy-pryamoy-1903-krasnyy-224295723/?asb=ByKhTciWsCeyYG%252FCHB3qqX1BC61cpAo4aDe8hjmIP0q%252BMWaFj%252F7iYKkU4LZbZtQa&asb2=4LZ_DRUFBqo0HT2oPKCEsYDtJM0sBkZE3G1QNQ-5Wckv3DQz7uXnspM9ueT9a_lhTLfS-uwqSGFFVpTBM_T10l0PbdrPhtz5nyYiCA6VQjveBN8fWFGdQ6FCX7iSAdXi7tN4weTGkR0KE7PPVKCX0Q
"Когтерез-гильотина для собак малых и средних пород и кошек DeLIGHT, малое отверстие (S), с покрытием ПВХ, в блистере, 3781",657 ₽,41 отзыв,"Завтра доставит Ozon, продавец Пет Лайн",https://www.ozon.ru/product/kogterez-gilotina-dlya-sobak-malyh-i-srednih-porod-i-koshek-delight-maloe-otverstie-plastikovye-229291080/?asb=pu9DhwGgDwmsCkF2mO7pXmYPQiqeaiKJIN5htfxenRgjllHBSd3X9MRJ%252BI5BppAF&asb2=DQIQSHKKELYIvfQHK-Akqp7xezyQAWATR7oyuzfRXZhrvSNDtxuCnfzOw1VJFa8HJlXCjfxz5OAMFbe9o0sAkpfQSX2J_8ZnPJppcfv5bsQyqvz998UAAzsMNhFbxzYs8ggkUO_DhnynlHu3JBki-w
"Когтерез для собак, кошек с пилочкой для когтей, ножницы для груминга, гриндер, когтерезка, кусачки",330 ₽,105 отзывов,"Завтра доставит Ozon, продавец Товары для дома",https://www.ozon.ru/product/kogterez-dlya-sobak-koshek-s-pilochkoy-dlya-kogtey-nozhnitsy-dlya-gruminga-grinder-426612130/?asb=r4oPZ7LBX92KqCvzY1N4BmDfIsJouRLDp3Xmorg8kXzaqJBciVRmJFKppVOy%252B3dc&asb2=LDhuAbhomltxavyhijM6NVlPZDGTY33RegVec0LzUUY8JicTmUS5gatZAKDpYiPGE6QSj6sBh3YLBX6AHsV86pkNiEpIP5LrLIUhpMAMR2bIemBFPdyLbOmw3jT2W9xTqoXpZQGx3Omsq9KtUaNZ9A
"ЗООМАНИЯ, Когтерез для кошек, Когтерезка для собак, Когтерезы для животных, для кроликов, Ножницы для груминга, 10 см.",183 ₽,108 отзывов,"Завтра доставит Ozon, продавец Салон дома",https://www.ozon.ru/product/zoomaniya-kogterez-dlya-koshek-kogterezka-dlya-sobak-kogterezy-dlya-zhivotnyh-dlya-266654693/?asb=QhIEX4Io5ruMS1SVxTIxazYZxS05uhZFKbjinJ5lRXw%253D&asb2=9AQLph_F7siQ9JuZIJ9CruMB_g2xOtmj5aoF6IbdEVF6rOZPJ0vffgRQ1bZ9YOCg
Пуходерка / Перчатка на правую руку для вычесывания шерсти домашних питомцев. Цв.Синий с черным,162 ₽,43 отзыва,"Завтра доставит Ozon, продавец Ve-day",https://www.ozon.ru/product/puhoderka-perchatka-na-pravuyu-ruku-dlya-vychesyvaniya-shersti-domashnih-pitomtsev-tsv-siniy-446871519/?asb=JLK5KIKbZeBwjbqEbfBHNMw2E0Xso7V84God3l4z3WQ%253D&asb2=HwTRpIwavsT3AvL13AOXhwPtaV6HkgNGT2ibjin-dMIxLLcXADLRj8PtlanXWlna
Массажная силиконовая щетка для мытья животных с дозатором для шампуня,238 ₽,7 отзывов,"Завтра доставит Ozon, продавец RunaShop",https://www.ozon.ru/product/massazhnaya-silikonovaya-shchetka-dlya-mytya-zhivotnyh-s-dozatorom-dlya-shampunya-518806189/?asb=s4Lgkw0g6eQa6BktFc4Ega6eZgKtlSo%252BQjgAFArTcYF5ddYp79VTWjn%252BmiOSjq5t&asb2=-s6v07lkDBzunmWjzvHvX1e1WfMT3Qqpn4ULE2fn2Dx5IqvsWtpmWcUpl9aBqopig9foXhWXAeGM56u9kyJ0KyHj9SOV8cs6WWon_11XBOVQ1xMEdMmN9FInJNwFJa20IXm_5J4uwC_V2delI-AC4Q
Расческа для животных Xiaomi Pawbb Shedding Brush MG-PCQ001,799 ₽,15 отзывов,"8 мая доставит Ozon, продавец ElectroShop",https://www.ozon.ru/product/rascheska-dlya-zhivotnyh-xiaomi-pawbb-shedding-brush-mg-pcq001-357702801/?asb=ifn1s86lxQWSQ%252FUQqHP08%252FYCZHxsUd9iKjHXld%252BdBs%252FsfM24pxuH33a3JqOkPu8d&asb2=ZwaP_ljiE2-nz5_8MkJzZjojRWve-9Y4uHes8MEVoDfA_SVeiYzYXEa0Sb5iMxpBMLTGCNMIION2HTZNLC_6opNQXqbDH04-6UoQnU2ZtATKenPRszbXiM9A5_kAPg4N8hinO5SFmuG5V8cdAvPbZA
Пуходерка для кошек и собак / Расческа для вычесывания шерсти/ Щетка с кнопкой самоочистки для длинношерстных животных,550 ₽,1 отзыв,"8 мая доставит Ozon, продавец HyggeStyle",https://www.ozon.ru/product/puhoderka-dlya-koshek-i-sobak-rascheska-dlya-vychesyvaniya-shersti-shchetka-s-knopkoy-536292507/?asb=I2YmU%252B%252BnIjHntMN32uSeL4x4Faer%252FbszBiJQcNa67KY%253D&asb2=r8V8uT0T-mggI-2g_i4i96-kkLetxeCDL7X1jHyqkFzKrzwJBLQEp6MCFOLhvq-J
"Когтерез триммер для стрижки когтей кошек и собак Зоопарк, когтерез гильотина, черный",330 ₽,15 отзывов,"Послезавтра доставит Ozon, продавец Котофей",https://www.ozon.ru/product/kogterez-trimmer-dlya-strizhki-kogtey-koshek-i-sobak-zoopark-kogterez-gilotina-chernyy-163412204/?asb=QEQozMbL19xZxZhQcj7EUL7c3P%252BWcQ%252F9TIfZrWaQChfMqvPBTh%252BSNu7ihYj8e7kX&asb2=130oGFWUZZLlFClD5x4XB7wwsTqw5bU0TlUYWCjcWCfVCPEfj3B0xPdLKKBw_dhyqGFSsxHvOZSH5nBc17jdWPxkvz80_C5Nt5gw4Rkkmqz-5MMw0zsFeB1os7RjDKa4gpPhZXyi48o_kw6_OYWBiw
"Когтерезка секатор для кошек и собак мелких и средних пород / Длина 12 см - размер М (кусачки для когтей, ножницы для когтей, когтерезы, когтерез секатор) / Когтерез-секатор для когтей",279 ₽,4 отзыва,"Завтра доставит Ozon, продавец Happy shopping",https://www.ozon.ru/product/kogterezka-sekator-dlya-koshek-i-sobak-melkih-i-srednih-porod-dlina-12-sm-razmer-m-kusachki-534365123/?asb=PJpz0ZdIUbT2G96fWi1oJm9axCPuAlUHczrt79LA0UVnJkqE6hhDZmRjuvEbBab%252F&asb2=_kmQfsxkelNfP-8crGsRUu6_6BlJI5D_yyDSXQlR-OVnay0A8Ai-yOEqDhMA48cvg0tVJJPKhEXRWcXeV0A5IaWJyNExdxWlKnMvkmLIv0V-fspPC2xT7qsRUZBNHX4rhts_Hu3wD9lv5idUBFpc7g
Щетка для удаления шерсти животных / щетка для уборки шерсти / щетка для ковра / щетка для одежды / ролик для одежды / ролик для удаления шерсти,406 ₽,158 отзывов,"Завтра доставит Ozon, продавец Pets78",https://www.ozon.ru/product/shchetka-dlya-udaleniya-shersti-zhivotnyh-shchetka-dlya-uborki-shersti-shchetka-dlya-kovra-521094582/?asb=PxlK4f3Fi5Q4JO23AZXyx5bjMUFaOi8Of8HJiRb8y0c%253D&asb2=V3I47SenJXLfAKJbUuNvy-L6Duo_nHS0QzKLqi3wEVj1RWipHb2jRSBJGYVTHorC
Расчёска для животных деревянная 20 зубов,209 ₽,1 отзыв,"Послезавтра доставит Ozon, продавец ЛОТОС",https://www.ozon.ru/product/rascheska-dlya-zhivotnyh-derevyannaya-20-zubov-435736454/?asb=ZCb6XwkJuv6jAE3e5q3S9rP0%252F1KEEROPKDL6qP%252FoHTg%253D&asb2=-kFz5Rtw8vOBDVpYDosWnL0MWqBsY1PQnHP2rXvygpbjyCJNDK6OuOyVX2vAJkAf
"Перчатка для груминга Dog Gone Smart Grooming Mitt серая, 25 х 18 см",686 ₽,13 отзывов,"Завтра доставит Ozon, продавец КОНТИНЕНТЗОО",https://www.ozon.ru/product/perchatka-dlya-gruminga-dog-gone-smart-grooming-mitt-seraya-25-h-18-sm-500999664/?asb=mR5H%252BTRFOOJKJVFGyivB%252BdAXTkpiXgyVjHpNiST9vP4%253D&asb2=eLJ8z9bTVnWghEbMhUlUqRmqu6-X-u6djg7btVUGUIsEZrReeQEVRKY3oJNDFw0t
"Когтерез для животных, кошек, собак, кроликов. Ножницы для стрижки когтей. Когтерез для груминга",299 ₽,108 отзывов,"9 мая доставит Ozon, продавец WAROZ",https://www.ozon.ru/product/kogterez-dlya-zhivotnyh-koshek-sobak-krolikov-nozhnitsy-dlya-strizhki-kogtey-kogterez-dlya-gruminga-313537708/?asb=wwpwH4aZ4N3tbaav4Pm%252BPDYdc2Vr5weEqQCpgYSebXo%253D&asb2=yKIRVYG4VZVgP61xgYEnboOpP6l6S9islmqYxk20HptOxPfSZCtYBgmc_COt4jmp
"Когтерез-ножницы для животных с пилочкой малый, 14*6см",291 ₽,7 отзывов,"Послезавтра доставит Ozon, продавец ""Your""",https://www.ozon.ru/product/kogterez-nozhnitsy-dlya-strizhki-kogtey-pilochka-goluboy-412124636/?asb=D9RUZM%252BdI%252FXaPfL%252FEYjEBCGH70VXoLK5zBqC13NmVF0NJW0l0fJKasApuxnS6f8a&asb2=dg7Hkwyg9ivzkB8aGHUYZNlBLsir_Bob-uV-OCzUcU9fPwTYmI4d9DS5O6FtRXkmhabilorCQn9UsTwwgAvkglD4fNN3Zo5RnLOaDR_nAITqqT0LNPsxx0YsfWewau2_D8vdfugBtdhFVouboJAETQ
"Когтерез-ножницы для кошек и собак малых и средних пород DeLIGHT, малый (S), с упором, синий, 3904",507 ₽,41 отзыв,"Завтра доставит Ozon, продавец Пет Лайн",https://www.ozon.ru/product/kogterez-nozhnitsy-dlya-koshek-i-sobak-s-uporom-delight-malyy-s-3904-229293451/?asb=n6IPVMkozn%252BfJXEdZL%252Bs7svDxIKvHnft00jsBBeql%252BrdWYXQ1Rc9dO%252BBAwA1QwfI&asb2=eoItkrEhgLnXlo_tOrYkAe04KUulT8FbIW3Z8TL6AMrU3VEyNyHHJ8vYQFy9L8dzWCOTSf4tbLYiDlFNNNy-W3TdmTEQsmakrXqVBdoR0D8WXH31wFvYN0g5bMJ1WfZ9KJL1mI158dTMCaw2n8wuBA
"Когтерез-гильотина для стрижки когтей (зоотовары , товар для ухода за животными , когтерез , для животных , собак , кошек , с покрытием ПВХ)",542 ₽,34 отзыва,"Завтра доставит Ozon, продавец CityNature",https://www.ozon.ru/product/kogterez-gilotina-dlya-strizhki-kogtey-zootovary-tovar-dlya-uhoda-za-zhivotnymi-kogterez-dlya-203570276/?asb=TPsiRUUKeSTLunz8dekJdl0lYVoLINvT%252Bqaxg%252B%252FoR34Eu1o%252BhQ0sjICthHn5TTgv&asb2=Wm1ORu_R0Z4v6sejQmtEir3-7P6NQOq3mdY3vmWJ59jkvLNahb_r8lzkqh6f_KjpzCBfGvh31z76V66NxNKrNdKBztRHdEy764ZGxzhoIyCAxHPwLIwr7ADQyGvSY2HEFEDWo3nJmIjbaClirXII0A
"NGPETS Pakeway, щетка чесалка, расческа для кошек, для собак, для всех животных, серая",808 ₽,12 отзывов,"Завтра доставит Ozon, продавец POTSPOTS",https://www.ozon.ru/product/ngpets-pakeway-shchetka-chesalka-rascheska-dlya-koshek-dlya-sobak-dlya-vseh-zhivotnyh-seraya-402023524/?asb=4NaKw4amNjmHhH%252F8uciciLRGjWown6ZUy6eSI%252BtJh90%253D&asb2=aZYxkLenNGc0_qHVbJQOm2OBtwB0rdHCIEekUoz2rBJOYyNIq8QZMQu4c6ZvKXw3
"Впитывающее полотенце из микрофибры для собак кошек для груминга и ухода , синее / Полотенце для животных / полотенце для собак / полотенце впитывающее / полотенце для питомцев / полотенце из микрофибры для сушки животных / полотенце махровое",318 ₽,5 отзывов,"Послезавтра доставит Ozon, продавец Едоки",https://www.ozon.ru/product/vpityvayushchee-polotentse-iz-mikrofibry-dlya-sobak-koshek-dlya-gruminga-i-uhoda-sinee-polotentse-432828053/?asb=M8OkI3crtZJkxCL1gCbtZcmCmXffl7NvqUYryaK9dQ4%253D&asb2=Tr00NenKoiX90U4QNL2LvlcaIAS2q4r-KHwvlcQv598Pc_Dmxjf3DYZTP0TZvXqg
Пуходерка / 179 пинов / Перчатка-щетка / рукавичка для расчесывания шерсти кошек и собак / Расческа для кошек и собак / перчатка для вычесывания шерсти / груминг перчатка для вычесывания шерсти домашних животных / щетка-варежка / синяя,179 ₽,2 отзыва,"8 мая доставит Ozon, продавец Churchelka",https://www.ozon.ru/product/puhoderka-179-pinov-perchatka-shchetka-rukavichka-dlya-raschesyvaniya-shersti-koshek-i-551794084/?asb=LIE5VblCsqbot7lCRLZjPOS141ufc1dq0m%252B7sXkFbv%252BfNWJ7GfFG1mh6Fc%252FITsJP&asb2=m9ErKCZOvD_TTH5TDsBuFhE3qgTBv4805I4ozVfotrNI5ii0RUdNohj-eaHduaPGTeo-0IOntn9Rd8mwl_F3JmGsbluTC320Pk8bSUQ2OzyS37x5oGwbE7exwYEc10Lh
"Когтерез-ножницы для кошек и собак малых и средних пород DeLIGHT, средний (M), с упором, прямой, синий, черный, 3908",735 ₽,41 отзыв,"11 мая доставит Ozon, продавец Пет Лайн",https://www.ozon.ru/product/kogterez-nozhnitsy-delight-pryamoy-3908-231691539/?asb=mqe0EN5ehNalD0LEXN5iEPrQX7S2TvLWWAJxdvoFC6DbZRBikLS8ZnhrnAW7B%252Bmd&asb2=s_26v8KA9wh9mfeVq9bEz2RCa9WYfQxPn9i4zaTNxhj_gGNaD8GDfHB_8uDWTd_D3KnIsrANsv7H34wJFNbS_9o3j37LVP1gvP5c1kPftpEbO4iDYV_ue55-1nJdvU3tjrE-OSD1rpvFEFIVA8uPpg
"Перчатка-расческа, пуходерка, груминг перчатка для вычесывания шерсти кошек, собак, кроликов",293 ₽,96 отзывов,"9 мая доставит Ozon, продавец optmobilion",https://www.ozon.ru/product/perchatka-rascheska-puhoderka-gruming-perchatka-dlya-vychesyvaniya-shersti-koshek-sobak-krolikov-372414728/?asb=DxAmXxJ4UMQPePhgQPowGXV8UwpA%252By8DIZLBkUx5t8EwEKIGtXdnfPlBY3k%252FJTo2&asb2=rVueXlC4nmhP3xIVLGo7STVR9gDyxjTLyW5IMwHENxLIo3VYGbds4EoDwiVwmzyEHP25RA5ZLba_n8pglb3EY6IGSePraYV6iEZs5hOz-pDLQNUP8wGVwgQVL2sv189nHEfuL7aAcbuw-7bXsChXtg
Когтерез-ножницы для кошек и собак малый Homy,199 ₽,28 отзывов,"Завтра доставит Ozon, продавец Homy",https://www.ozon.ru/product/kogterez-nozhnitsy-dlya-koshek-i-sobak-malyy-homy-250470550/?asb=aPGil7uDf5rpfx1Cve1K7zaPuWNP1iSV9ILaC8K8XkISG%252FzQ3031rxq4WP%252BNoxBD&asb2=AUJjX9yXTLMJmPvF6RFwFQwnxSyNQ0oWDFfGIfFWDCRNQLrab8PGeWSGFCCRCdqexv7MhzMELUzeCRgBf4j_LbNyvCcSUwLKFM8B77a-ELojlbYygEILwGkxnLThXGZmIaRpfkMNnDOzKJ99y5AnAQ
"Когтерез-секатор для кошек и собак маленький ножницы 8,6 х 1,8 см (Черный)",175 ₽,25 отзывов,"Послезавтра доставит Ozon, продавец Котофей",https://www.ozon.ru/product/kogterez-sekator-dlya-koshek-i-sobak-malenkiy-nozhnitsy-8-6-h-1-8-sm-chernyy-307557499/?asb=PeupPfWAF4Nr3wy%252BqtLFU%252BrCbMgxeoxi%252BmTlOHCTQbrkFrPEIkyzJYHM29pn%252F2CQ&asb2=EWk8kgPx76gQVDmzQ3pW-HmuWXLOi1fvGgJkktLikYRaKYYVmAPsrPAXtoqWQ7k7yjGgOF4LHK7qpM34oPqs0WHsibcJz2bIsCwwxeLY-EArrjey8wzPgIUOcnBJuzbOFoqAdBXVpq13hxSy8Qax7A
"Когтерез ""Стандарт"" / Товары для животных",331 ₽,2 отзыва,"8 мая доставит Ozon, продавец WetNose",https://www.ozon.ru/product/kogterez-standart-tovary-dlya-zhivotnyh-258620005/?asb=gF4XVZHMurcwb9by7V1hE0huI7sLKssaSO2dkdM2VWQ%253D&asb2=Qj1-MMghoDS5l47ytjfUZLwLgV4tI2O4r9wDKXHy6v0jBZrzMbQeb8VrOZwkG50l
"Когтерезка для животных, кошек, собак, кроликов. Ножницы для стрижки когтей. Когтерез для груминга",299 ₽,108 отзывов,"9 мая доставит Ozon, продавец WAROZ",https://www.ozon.ru/product/kogterezka-dlya-zhivotnyh-koshek-sobak-krolikov-nozhnitsy-dlya-strizhki-kogtey-kogterez-313920886/?asb=8UU5Pxa0btmHKRbeiM%252F6YxFC6jM9IxouHgUuwA1RI6A%253D&asb2=ZE4B_0dVgNKtoujQwomuOdyocfJVsznn-QnKICEHyxJwFhuqHBYpc_HM5kK_kPle
"Когтерез-секатор для животных с ограничителем, длина 12 см",349 ₽,1 отзыв,"13 мая доставит Ozon, продавец MarVI",https://www.ozon.ru/product/kogterez-sekator-dlya-zhivotnyh-s-ogranichitelem-dlina-12-sm-518302573/?asb=f1DMR7d9%252BTsOGDcUYVFgMUKN0BhUWxwkYM%252BgGf6CGOgeejWpP4T%252BYlE6Tw%252F1LRPO&asb2=sz99ELEXmoRFKu_oqrlQNwhvrvAtMJo59tDVa_tEByx4oSKjexodi7N3oXshk7j5QLItm2ZYWzCTAVoCqruOFo2nqAU4oUfyfk3Py2X-chfm-GsKhdEKVTNP52jxjOGY6QPOuDx77p8EPcfV346_XQ
Когтерез TopPet Секатор Средний,259 ₽,2 отзыва,"14 мая доставит Ozon, продавец Мир Хвостатых",https://www.ozon.ru/product/kogterez-toppet-sekator-sredniy-455090836/?asb=3l05OHKvbZ2rAJnDCf0LyVASf44Q%252B8KckdtpmWMKUNc%253D&asb2=nf3jaKmYhWCktjuYDzvkUACW16HAedLTwMrJ7S1YO5nl1KtjMdhu-vImsQKhOhjY
"Пуходерка для вычесывания шерсти домашних животных, груминг - перчатка, рукавичка для расчесывания шерсти кошек и собак, ZOOWELL, красная, правая",190 ₽,4 отзыва,"Завтра доставит Ozon, продавец ЗОДИАК БЕСПРОВОДНЫЕ РЕШЕНИЯ",https://www.ozon.ru/product/puhoderka-dlya-vychesyvaniya-shersti-domashnih-zhivotnyh-gruming-perchatka-rukavichka-dlya-181817793/?asb=rObCigPgHraoQEUzkyXL5hrn7aadjEtJ3AfhyRvv132F9td7rBfnH51KUSftNGRD&asb2=O0DXQYX10LsHK2uDKPCj0nQ1SRAjUWvVCqjm-jgdzy0vEHTMe4h6wJgm2d1Pj9jR08S_gvRNeaFifIqqHiMle5A-dtEQhD7SduK3oT-MHet5_Ae1S3Se0M3IQEnWTQI3-Kyg6nSY3nCbXFjmPdPAkQ
"Перчатка щетка для расчесывания кошки, собаки, кролика, лошади",280 ₽,3 отзыва,"8 мая доставит Ozon, продавец Магазин ""ABILIP""",https://www.ozon.ru/product/perchatka-shchetka-dlya-raschesyvaniya-koshki-sobaki-krolika-loshadi-417638970/?asb=zhVb1XhzywwPSi%252BUcxwS%252BV25sg3saorByCcYeFbgQKs%253D&asb2=YwxlgCCPJqSvoG4CW-_dvuKbrreG1BjVz4suAadfTTVeRxGqADcNQZJnHA4vGsSW
"Когтерез-ножницы для кошек и средних пород собак DeLIGHT ROSE большой (L) загнутый, в блистере, розовый, 3901R",687 ₽,41 отзыв,"Завтра доставит Ozon, продавец Пет Лайн",https://www.ozon.ru/product/kogterez-nozhnitsy-dlya-koshek-i-sobak-malyh-i-srednih-porod-delight-rose-bolshoy-l-zagnutyy-3901r-411456028/?asb=ktKFByCpDRAmaCCw6qkzHZYKBn8%252BqEiKSLHuhNBFswqr9ouCvxqYdnwl1kBWGy6F&asb2=MFry-rwwr9h1V3lmCknXZ4ZhRjrg_B-ti8aVreSCoFxG3M1LFYxnQ8iQVBYIxU0MuxrUTifaM5txHP5w0a-4-K1GVKYOWLGpFGro5FPrFZczMt-buX58Vc5x_71bo5RUFZpXhgEPUCG2aZFZvL7y5g
"Впитывающее полотенце из микрофибры для собак кошек животных для груминга и ухода , розовое / Полотенце для животных / полотенце для собак / полотенце впитывающее / полотенце для питомцев / полотенце из микрофибры для сушки животных / полотенце махровое",350 ₽,5 отзывов,"8 мая доставит Ozon, продавец Едоки",https://www.ozon.ru/product/vpityvayushchee-polotentse-iz-mikrofibry-dlya-sobak-koshek-zhivotnyh-dlya-gruminga-i-uhoda-432824482/?asb=5ph8ENi2L0pdaV%252BDPa4pkmqlS%252FoDNEEQ9ZxUML50E1Q%253D&asb2=47osTBYsuZ8_OBoeT7kH-u46zLrsUrAWDAfqCoB_0CMM0TND9JpUp5WO5qdOm4ra
Goods Home Фен-щетка (2 в 1) для вычесывания шерсти кошек и собак / Расческа для кошек и собак / Дешеддер / Чесалка для кошек / Пуходерка для к мелких и средних пород,809 ₽,8 отзывов,"Завтра доставит Ozon, продавец Goods Home",https://www.ozon.ru/product/goods-home-fen-shchetka-2-v-1-dlya-vychesyvaniya-shersti-koshek-i-sobak-rascheska-dlya-koshek-i-280791886/?asb=%252BgFeg5YBuVTFSoEwL2xMMkx4RPgghBctZQFt0fSzEXs%253D&asb2=KtgPbrRfDyrKIgNiTzxUVwXuaxeXAsPMInh_W3xXoujSxbHMYviSz0k5xGQOLJk5
Перчатка - Пуходерка для животных Fat Pet (перчатка для вычесывания шерсти),205 ₽,80 отзывов,"Послезавтра доставит Ozon, продавец ООО ""ТРЕЙДИМПЭКС""",https://www.ozon.ru/product/perchatka-puhoderka-dlya-zhivotnyh-fat-pet-perchatka-dlya-vychesyvaniya-shersti-172256299/?asb=kjc9qAanOSRtMSCNy%252FMJDqCTvDhmcRIWA71Oz7acgOU%253D&asb2=qW-1hqlWNrCLd0f5F3iQ1Su-jGqj1yD3GDXwAqp05bfakBhWu7AgNJvcENZCC64N
Инструмент для вычёсывания шерсти / расческа для кошек и собак / чесалка для животных / дешеддер / пуходерка / щетка триммер для животных,589 ₽,18 отзывов,"8 мая доставит Ozon, продавец ИП Сальникова",https://www.ozon.ru/product/instrument-dlya-vychesyvaniya-shersti-rascheska-dlya-koshek-i-sobak-chesalka-dlya-zhivotnyh-257384878/?asb=iTAZ0Qk3G5N9doTgmPVM2qOwlcTzUwlPZYXFEIFmMKE%253D&asb2=EcynmLmRgQj_xYH4nhBsojdNGGXVzZtkAhyiNCXGJ97siB4vRKJl6H-dw9jl6iUf
"Перчатка для вычесывания шерсти / Пуходерка для кошек и собак ZOOWELL Grooming, Левая, синяя",284 ₽,6 отзывов,"9 мая доставит Ozon, продавец ZDK",https://www.ozon.ru/product/perchatka-dlya-vychesyvaniya-shersti-puhoderka-dlya-koshek-i-sobak-zoowell-grooming-levaya-sinyaya-431672437/?asb=mYv188yhKFKGvN4bOkqkc3AhkJY1afKt1ZWTvWF0rOkYzKjLy5fiYgP4IU5faH6x&asb2=2zmzDMqFLDdHGJE2Z99RUaTbrBED3d7XXux_BDlVH6mY703xQ-_lY2Ssip-IRgcJqxhCyIJ2SjsovGQu2FRTMC-km1-g8MOjMf94pZDTyvi_u_b_HuEAsZ70B6BXOE4vzy2KJK52JMSq3gPj8BoNOw
Пуходерка (груминг-перчатка) Zoowell Grooming Red Left (на левую руку / Перчатка-щетка / Рукавичка для вычесывания шерсти,272 ₽,1 отзыв,"Завтра доставит Ozon, продавец Homium",https://www.ozon.ru/product/puhoderka-gruming-perchatka-zoowell-grooming-red-left-na-levuyu-ruku-perchatka-shchetka-527131130/?asb=Gmxnj5Zmzy3pc6YvfrCVzsa8qYMbp6LXPBzvyz6%252FNiYnp8oLT01m5DRCOqpwpjZA&asb2=_jKPfFNxum3hEIj41c2NL3e4jb1KT_zza0tvKgF9UQRAShuayBmHG5ptEVHNosIue5N0LOg8hQP7u_hmHuu_gTUXksxGi4lX7Rykw6tEMRuspIqmdVKQDZ4ophr6N4H1_ZyNqm49viTCB1tE2Rna_Q
Когтерез /1781/ гильотина малое отверстие с лапками (блистер) 1/12,782 ₽,2 отзыва,"10 мая доставит Ozon, продавец Зоостар",https://www.ozon.ru/product/kogterez-1781-gilotina-maloe-otverstie-s-lapkami-blister-1-12-268431378/?asb=Wfm70AaOPUkOgifzJJsPDP1pWAXPbFqly9T2Oauqrf8x9orIQyxWzNz5Ux908Ql1&asb2=j1iMgo4iYpKH9FrsDb2nA17u8C2JEnULhETln3T-Lm5DRcQRkkNYW4h6CtFXSwihnmsQFgrV7n0W53EJaM7NsBVwS4BfDL8LSYGOqA92xGS7feOi90SyvwdPIfZo5ZYoypT8nq8NjSfEiEv2hzAWEA
Moser Когтерез-ножницы Moser 2999-7225,1 041 ₽,1 отзыв,"10 мая доставит Ozon, продавец DiBiDi shop",https://www.ozon.ru/product/moser-kogterez-nozhnitsy-moser-2999-7225-265627752/?asb=FqjnmSflLh874q1pukznkAtF0ix%252BZYYID7eVMA794LpCw237it7KMjPOoTlUv1Sp&asb2=uDQp9wKbT27O4abjD7S7rxr4FDchPBZX0xyXWnka0y0_rqy9IFzsb_5_aHqZnAYWQDI-uzyDroFYNJ4W9_zE0jWO-Fgnv6XLduDCtqCVfFW2SSTrGqqbUWveVnT6c7E8pCyCwKVo4eV1ttx9I98IDA
Перчатка для вычесывания шерсти кошек и собак зеленая левая 256 пинов / Пуходерка для кошек / Щетка для кошек,195 ₽,6 отзывов,"8 мая доставит Ozon, продавец ТеплоДом",https://www.ozon.ru/product/perchatka-dlya-vychesyvaniya-shersti-koshek-i-sobak-zelenaya-levaya-256-pinov-puhoderka-dlya-381985561/?asb=ikAvV1YAuhvrVcKEfT3mPxQ1fkmWCDKSXXh%252B%252F5w94oQ2vbyPgqo1Y2Th%252F8ZTi5VQ&asb2=JmPRPR7LUqgzlNx-FfvScCjDxsTKukjxCTc4f0Skhve-QICPyjc6mKXIkhHtbX5Cd9awYvkCtdTF_yr3-wck1wzrrrIrFOIriv8klz6BhqsUq-S-Zsqw9B0hTj-CyqzBqR8C0uEtSRp3CMycDofHJQ
Перчатка для вычесывания шерсти кошек и собак / Пуходерка для шерсти животных / Щетка рукавица,309 ₽,25 отзывов,"9 мая доставит Ozon, продавец Опт Бизнес Торг",https://www.ozon.ru/product/perchatka-dlya-vychesyvaniya-shersti-koshek-i-sobak-puhoderka-dlya-shersti-zhivotnyh-314070523/?asb=Fs3geCJBbk1BQKnZ4gxVjxPGcoi6lFMmiw69nSJuRrSLHXnhzNkv5OjBFWAX6o9g&asb2=IBIocC3z2hu4YQ5XbAV2qNc7xkscBdzN1NPaPXTJ4kHGX4pC_Q5rkmCudnyYzaSlqslbNkQg4ww3KqAaOGNF9PvRXfWtPY6wY85DTJIYKFgjz-DvaKyjmII4jPX7ZZUg7O3xqIRy0zvELsZOv0OBNg
