"Гипсовая плитка КАСАВАГА 200 x 65 мм. Саман арт. 0245 (1уп-0,5кв.м)",620 ₽,2 отзыва,"13 мая доставит Ozon, продавец ИП Ашуркова О.А.",https://www.ozon.ru/product/gipsovaya-plitka-kasavaga-200-x-65-mm-saman-art-0245-1up-0-5kv-m-544236992/?advert=Lwz4VEP5ZldKCKunEmGqEYomrJWjhlGDVsD6eeggV0LDihne-8npRyt9qnNrhs6GIYbejA141Cx3WxckPaQwGCfOgvqCQlMU9DIC_l7rscWD72gbYMtpG2dMkbcMQH6BV6ez1Lxl7CulBANl9zPZrGXEBHGplFCHyXfqj7tozZXs8vRgi-dusdSN4pciyraDaskYkq92aLDEp3YBlbQjGFw9A1yHQaxGAaXmOlN7Sx72nASHOkKrVU2Vmm0X9pAn4lsvjjTC433EYsIJ72gVJjm4gPYWssvayHo6Qin1WMa38XZ7geYv4np4OracmEWPLw3jZcoXBUZD0REivykk7gW5R874imqJtebtGFigc24FlswPIMWzPz2dFG3pksUTmWgLgEL1hSzZYhlIm6U5iBY_BxpH8fzwaYUatekSNMlEQo7lJNog0BfxGAb_DPzy3rFshYZuBAwMLfb_ZRxu1fqmD3oPThtT9yTZ8zR7CvmHyLEraG9QAfbElPGSijHXNTYlwvcJItSpkci66Uom2XCqtlVAmBPrzvzCAqYF6ydJ03UmkNwu0iZ27QQYGung
"Декоративный камень, декоративный кирпич",899 ₽,37 отзывов,"9 мая доставит Ozon, продавец SeToys",https://www.ozon.ru/product/dekorativnyy-kamen-dekorativnyy-kirpich-461041878/?asb=UrrBVXCY1Kffz4PGW4Tj7LKo1qK4bsFvgO4MfJ6EyIA%253D&asb2=KT-wJ4-hD5Gw_94fRPVjIVC1JSKS8BrLC_QalIOec-9gLYox1_HEvZW9jNTS1hoN
"Декоративный камень, декоративный кирпич",899 ₽,114 отзывов,"12 мая доставит Ozon, продавец SHEV STONE",https://www.ozon.ru/product/dekorativnyy-kamen-dekorativnyy-kirpich-278049452/?asb=hHhwV65Dkmd6Sx4aJMvJaeJ3FZfHL6JQHIRqVJmiAyY%253D&asb2=ndVRDUiaNkH-bj6tcFpl7PGSmnYe5wrQywxbhPYzNcScIAmTvXAe4FYkSRVZUDeS
"Затирка для камня, плитки, кирпича,4.5 кг цвет белый",870 ₽,12 отзывов,"Послезавтра доставит Ozon, продавец Piatto.shop",https://www.ozon.ru/product/zatirka-dlya-kamnya-plitki-kirpicha-4-5-kg-tsvet-belyy-322435425/?asb=qXE6u68NRb4jHWyPoKgj3azNd45qvk2YIZ%252FMrmUV4iYDE2S6OSkv44RCyiDz2CuH&asb2=-71RX-2cR47d4CEFHEhC3-U05CsqVlOOtFF6vpW1pGmCvZ6U8rc_j2_PHCDVmB3Gtm_lNRoYtbaTZqRq7juHWp2EAf3d31zQciVEt_YJYgRDj-qEHd7RhV5TvZ8nLvwwFqrFpAsahPRvrkBKovXcZA
Полимерпесчаный Колпак на столб забора 385*385,900 ₽,3 отзыва,Завтра доставит продавец Kolpaki_na_stolb,https://www.ozon.ru/product/polimerpeschanyy-kolpak-na-stolb-zabora-385-385-492100786/?asb=25dJ3vIVIfchQZC35qlxKKzDpbcS512qfecKqpldI%252BpDGpRdawxfCN66mMvv0XN%252F&asb2=KCt2JfpcKhHlhhvIJRyq1Zrp8nOoHuY-y6NPTJmm0g805O1IRjfUtUOZPA-yf3gGyDZjr2V5Bkoeof5BQZyMHki2EGYUvpcZuGsFW4kTVdyIie5-Bfxt2FOZOe8xQDMpxxpbBoZilGcdf9MI0p_E6w
"Декоративный камень, Декоративный гипсовый кирпич ""Античное дерево"" 23х6 см",690 ₽,31 отзыв,"9 мая доставит Ozon, продавец Astony",https://www.ozon.ru/product/dekorativnyy-kamen-dekorativnyy-gipsovyy-kirpich-antichnoe-derevo-23h6-sm-529278332/?asb=KcNidKniKRAGKUY7eV1L7%252FFaNYHXCUHd2vSAn9eKw%252FA%253D&asb2=Dexd7Qr9fzR3dlFq8DYxYaO90MxV2bsctkLQWZu7oAIYjmkFJRPxTY4tTw1BFE1F
"Декоративный камень ""Старый кирпич""",662 ₽,14 отзывов,"12 мая доставит Ozon, продавец Lion Stone",https://www.ozon.ru/product/dekorativnyy-kamen-staryy-kirpich-262805396/?asb=jW52WkSQ4iv5qmFHF3dnWTgHYK408k5JaXHF8rI9OreIhfQFbWs13o19xeXjHghc&asb2=yizt7q3A9zwntNJtMxcgbsddQRgbUz2j0MOtYWC5nVGURYSWJP8sdpR-GU0_T-6N9Wd4ha6sPGAnr5ZiO2Ge_HmmJgyouU-Gy_jX7EJoDjexVIUAard75OHn4USWiwiA1wEuK0TiAfuzsH4cmZSTlw
"Декоративный камень, декоративный гипсовый кирпич ""Старый кирпич""",932 ₽,7 отзывов,"9 мая доставит Ozon, продавец Astony",https://www.ozon.ru/product/dekorativnyy-kamen-dekorativnyy-gipsovyy-kirpich-staryy-kirpich-237059920/?asb=gHp7xKLSoc%252BOG%252Bu7OSjV8XFYaNGJDy%252Fd7fMBmLzmAS%252FKJc7wu08mdYC2%252B2nzr55i&asb2=HTlYZnENmPhmxNSVb1qneIRRStxdj1FhQVIXH5Er7yJDrP8--pgyO_nb5gwEppJuRh9YTatoeSVDj3-77jmWqwT6imwvNROAokMckPYsNFb3LOUGpaorIi_AKstgnKbw0DgOCGJmX4CHagA9dA-Q8g
Плитка из шунгита полированная 15 см натуральный камень декор для дома,670 ₽,2 отзыва,"8 мая доставит Ozon, продавец Shungite Club",https://www.ozon.ru/product/plitka-iz-shungita-polirovannaya-15-sm-naturalnyy-kamen-dekor-dlya-doma-476899450/?asb=hFZKUF78E2NjvAGM24xtVuM3O8hzqll9iD1UK8NszKQbTXHVVHv5jxB%252BSvMIoWk5&asb2=aR7JnC7Xm3A5kswJ5rtDhXs66uhnDfbMIedksMkuHltGK_wfV1dcXDcrXd3SfX4vLNVI-5Bk_pVwooJ7sdkYAZE3-NwxuwlDWfnuFWSz1wx7xVYmuUzukPpx6KmlRsYlFBJyvvQq9ucqbObofdAHKw
Полимерпесчаный Колпак серый графит на столб забора 385*385,873 ₽,3 отзыва,Завтра доставит продавец Kolpaki_na_stolb,https://www.ozon.ru/product/polimerpeschanyy-kolpak-seryy-grafit-na-stolb-zabora-385-385-552486684/?asb=rSf4wVHrv8tbHYk46XPUMVhG6XysKI0FfDkMicy1X2xVA%252FPeHyq5pbWHx3N4aVqT&asb2=OygUgs_9owtNMuPSzVighZ4YE4JdvP5OzYVXbtMjGLLRHy9iDLs4xHlp9RxegPQh8OfIBaUMxhl_VGT81cZPUEClCRbr-pQ4KGbSro5fzzb4nmi51qJJAOHWbv3NQj6ScmmjnBcBs7Lz5R5aTYWLKA
"Крошка мраморная UralEco 1 кг, белая / Фракция 0,5-1 см.",307 ₽,7 отзывов,"11 мая доставит Ozon, продавец UralEco",https://www.ozon.ru/product/kroshka-mramornaya-uraleco-1-kg-belaya-fraktsiya-0-5-1-sm-354654977/?asb=tDxAlMYr%252BsWn7qBxlpvu39AwZSYUU3aYrSCp0%252F9b9jOyTAxJ6KpLqEeOt893a7sh&asb2=yOBiS2wg7Kx4Ksg77QogLFyT_FODaTMhbtZU7brSqPSqy3xRLWOBbrzj_HepsnnCmGr5qXLu6JIZeDPtpjil0NO7odA9P7VDEe-PE81KTrteOsNcqOOS43dfN88qzGMtYLtDTp0-E629bj-VRjemgw
Полимерпесчаный Колпак на столб забора 385*385,873 ₽,3 отзыва,Завтра доставит продавец Kolpaki_na_stolb,https://www.ozon.ru/product/polimerpeschanyy-kolpak-na-stolb-zabora-385-385-550923086/?asb=Q7NFqBck%252FeBRh1pkatAlH7up3rjqXnAHKGgrQ4dP8oQmsdVNHINkltG3Wk6k0T9x&asb2=N-y2zdjFXERjXSzYeVbT5GtV8OsPNUr3LtD7B3xHX0CFOiEoUMnfrqTcAtuK1-LhTMDHkO_02EaxP2MkCRzZHyKvnkuPZSuU6nvO1vtjifofbzFIGQETB9ImpdxHlbEZvWSgYMLqdiFgfDpMg6s95A
Almella plit eco,841 ₽,1 отзыв,"10 мая доставит Ozon, продавец Almella plit ECO",https://www.ozon.ru/product/almella-plit-eco-248895917/?asb=IYLGqiKtGoS2fTbJbPq07jlwcq1ZkdC2NewnHjUq2es%253D&asb2=QwLgm9JUkFasfI3t0CsokxbAStjdNE_vY9AkwutTmQuBKRmM_WN1ehAkN8eXTw42
Крестик для монтажа стеклоблоков под шов 5 мм,904 ₽,1 отзыв,"10 мая доставит Ozon, продавец Группа Б",https://www.ozon.ru/product/krestik-dlya-montazha-stekloblokov-pod-shov-5-mm-310020115/?asb=jZo5StSuDpEVjKx3cibuIDyH%252B7lahg7KGkZJqDWG428TeNYGkMfUuV0V%252BEDlm9lV&asb2=AKn8BOCggTPxicFo6jaFgaDtveIdsdqYu5n5ROVwjQHraWzzFqIvP6jgeEvejF55pLxQXlHjuPkF1q9p2uqJTFlt-0x9zXrqNUl7wy-AwYW90bjTrpH96xth3SL4w-DBKdOpZDE9Ll5ZWMA27DRNbg
Almella plit eco,841 ₽,1 отзыв,"10 мая доставит Ozon, продавец Almella plit ECO",https://www.ozon.ru/product/almella-plit-eco-248896444/?asb=uaaNOkwDZmKLL%252BSU331W%252BqFUta2PQM1A1f96TwM7%252Fyk%253D&asb2=Jj6rJ1A4PleVXr5908pmtVeXNeK1R7taVodK2aymf34pI7fnpP6DTa5lPEtZaSnq
