Манжета арм. 25X35X7 TC OTP,235 ₽,1 отзыв,"10 мая доставит Ozon, продавец Техноберинг",https://www.ozon.ru/product/manzheta-arm-25x35x7-tc-otp-475707309/?asb=0y8IpVWid0m3WstkKXSrnFT2rO6i%252FZLQeVDsgydEPxc%253D&asb2=ceXQ52FyCnNcZy4HmR8xjXohjDKaQ2q_GFFa9sVy1E-N_fKLpXltjfaU_th9-59S
Манжета арм. 45X62X8 TC OTP,320 ₽,1 отзыв,"10 мая доставит Ozon, продавец Техноберинг",https://www.ozon.ru/product/manzheta-arm-45x62x8-tc-otp-475697442/?asb=Xx6df%252BCpwY49lDAzLzi%252FmK0nwcNhJXsIEIhF6vVB03k%253D&asb2=CsCdIqqAe7nvOS8aw0e79_nVw1IWTP9wylcoVhQnWYhk1oq-AKMT3tSP4dXDjrip
Манжета арм. 20X32X7 TC OTP,240 ₽,1 отзыв,"10 мая доставит Ozon, продавец Техноберинг",https://www.ozon.ru/product/manzheta-arm-20x32x7-tc-otp-475694114/?asb=bZQ5MO%252BWaC2XKyiJoRN7ljtJQeDhsu75y8%252BKGvATdLc%253D&asb2=NtgVXyV1T9C0FyfKtq_YUocXea_DL9b819qHJGsj_2Nv9b1BY-FpBS5e8OfqR-Mb
Манжета арм. 17X28X7 TC OTP,227 ₽,1 отзыв,"10 мая доставит Ozon, продавец Техноберинг",https://www.ozon.ru/product/manzheta-arm-17x28x7-tc-otp-475699014/?asb=eDfdsftBDZOpn43%252BkB1swKqPBwwZk8gSvfFRaYH%252FobA%253D&asb2=YVzqFx7a8gZHbOn6Z5WIZmTo9z_E_O-ZqFXrkmr1vTJ3gUL2UZ0tXUke2QYWy72U
Манжета арм. 10X19X7 TC OTP,223 ₽,1 отзыв,"10 мая доставит Ozon, продавец Техноберинг",https://www.ozon.ru/product/manzheta-arm-10x19x7-tc-otp-475698997/?asb=zja6OmBkI6vXmQm9N1NWUYVdytuUtpkEYf4Q3WGmuNE%253D&asb2=Ev2l2vyq01ZtQVoudrqXliiJ-K0EmsGlTaJcLWnzaQkh1o6cjuPJ_ulcEkV9MzJF
Манжета арм. 45X62X7 TC OTP,320 ₽,1 отзыв,"10 мая доставит Ozon, продавец Техноберинг",https://www.ozon.ru/product/manzheta-arm-45x62x7-tc-otp-475698978/?asb=uIO7MSOrFnxu9Tc4gIc0zCmK%252BnblOLuVclsIWAQY1ZE%253D&asb2=q7LdXkShHctqjfRK2ItORBLY8_mljRjusGEQv8GVaftRpEy7nBePVKbkwwaEI0iB
Манжета арм. 8X18X5 SC OTP,220 ₽,1 отзыв,"10 мая доставит Ozon, продавец Техноберинг",https://www.ozon.ru/product/manzheta-arm-8x18x5-sc-otp-475699126/?asb=Nx%252Br7d7ns48Soq4dwFrZlAwlWHqkrNTQ563c8Ko5t6E%253D&asb2=X1rf-LwhYEUjBeYfPDqPeZ2gymaXO9FUoQj0nCnkTAveR1GKQgnyzkeQYX4DBWdG
Манжета арм. 16X28X7 TC OTP,227 ₽,1 отзыв,"10 мая доставит Ozon, продавец Техноберинг",https://www.ozon.ru/product/manzheta-arm-16x28x7-tc-otp-475698588/?asb=sAYYCdBsOjjWfe6GOKPHAZiNfmGDOQMsE8hePUL4hQc%253D&asb2=jXy_Q1rVT_9W98vVh1D-X5t3rGJAOxH2uCLWPkBYIKUEXLoKgGUiDJypohdoNLRc
Манжета арм. 45X58X7 TC OTP,314 ₽,1 отзыв,"10 мая доставит Ozon, продавец Техноберинг",https://www.ozon.ru/product/manzheta-arm-45x58x7-tc-otp-475697829/?asb=09dpY6L48%252B2uVO6TBDolMEj%252FQhBnAyE40XSS3KOimcA%253D&asb2=t6pKGNHyruVwIp1LIIYYufOz2JMhEjaBexcw01OrVYg1kSalpDRqNwT5mIGyBlye
Манжета арм. 16X24X5 TC OTP,226 ₽,1 отзыв,null,https://www.ozon.ru/product/manzheta-arm-16x24x5-tc-otp-475698885/?asb=1%252FOYbypfAJyWD5k5iND%252B9YWmJwq5kkItzbqlRH9DYjY%253D&asb2=T4B6O5cc0O2wTb4iOMbo2vC55ugvjdUJPZl14W641qqJLJRv0sWLj57rpDKPJkkf
