"Kamill –ö—Ä–µ–º –¥–ª—è —Ä—É–∫ –∏ –Ω–æ–≥—Ç–µ–π CLASSIC, —Å —Ä–æ–º–∞—à–∫–æ–π, 100 –º–ª",199‚Äâ‚ÇΩ,3 –æ—Ç–∑—ã–≤–∞,"–ó–∞–≤—Ç—Ä–∞ –¥–æ—Å—Ç–∞–≤–∏—Ç Ozon, –ø—Ä–æ–¥–∞–≤–µ—Ü –û–û–û ""–¢–†–ò-–≠–°""",https://www.ozon.ru/product/kamill-krem-dlya-ruk-i-nogtey-classic-s-romashkoy-100-ml-554049395/?asb2=uS1FzOmz249PjoKZFx_oqcySESSLqT7VjiLg6PMIygcjFvet0zR4jm5MTeKUSS4OnHvP2xvBta-MqemTFC_3tA
"–ß–∏—Å—Ç–∞—è –õ–∏–Ω–∏—è –Ω–æ—á–Ω–æ–π –∫—Ä–µ–º-—Å–æ–Ω –¥–ª—è –ª–∏—Ü–∞, –ò–¥–µ–∞–ª—å–Ω–∞—è –∫–æ–∂–∞, –¥–ª—è –≤—Å–µ—Ö —Ç–∏–ø–æ–≤ –∫–æ–∂–∏, 45 –º–ª",153‚Äâ‚ÇΩ,7 –æ—Ç–∑—ã–≤–æ–≤,"10 –º–∞—è –¥–æ—Å—Ç–∞–≤–∏—Ç Ozon, –ø—Ä–æ–¥–∞–≤–µ—Ü –¢–î –ú–µ–Ω–¥–µ–ª–µ–µ–≤",https://www.ozon.ru/product/chistaya-liniya-nochnoy-krem-son-dlya-litsa-idealnaya-kozha-dlya-vseh-tipov-kozhi-45-ml-422164032/?asb2=-tn6xxKpE6-4tdlQsclzH2zopRfhdotjxkmDob8h4vLm7mdN9AcaeHor4lzcZ-6h
"IMAGES –ì–∏–¥—Ä–æ-–≥–µ–ª—å —É–≤–ª–∞–∂–Ω—è—é—â–∏–π —Å –Ω–∞—Ç—É—Ä–∞–ª—å–Ω—ã–º —Å–æ–∫–æ–º –∞–ª–æ—ç –≤–µ—Ä–∞, —ç–∫—Å—Ç—Ä–∞–∫—Ç–æ–º –∑–µ–ª–µ–Ω–æ–≥–æ —á–∞—è 220 –º–ª",369‚Äâ‚ÇΩ,115 –æ—Ç–∑—ã–≤–æ–≤,"–ó–∞–≤—Ç—Ä–∞ –¥–æ—Å—Ç–∞–≤–∏—Ç Ozon, –ø—Ä–æ–¥–∞–≤–µ—Ü CosmeticOptTorg",https://www.ozon.ru/product/uvlazhnyayushchiy-gidro-gel-images-s-naturalnym-sokom-aloe-vera-ekstraktom-zelenogo-chaya-220-gr-162232563/?asb2=jIXu9CcYWgCF71LwzFYlQPZ93_kd1YlL-uv9moiuOgLfZiIjMCSlz_YK4GrGEGdb
–ê–∫—É–ª—å—è —Å–∏–ª–∞ / –ö—Ä–µ–º –æ—Ç –º–æ—Ä—â–∏–Ω / –ê–∫—É–ª–∏–π –∂–∏—Ä Q10 —Å —ç–ª–∞—Å—Ç–∏–Ω–æ–º / –ª–∏—Ñ—Ç–∏–Ω–≥ / –¥–ª—è –ª–∏—Ü–∞ –æ—Ç –º–æ—Ä—â–∏–Ω / –æ–º–æ–ª–æ–∂–µ–Ω–∏–µ / –¥–Ω–µ–≤–Ω–æ–π / 50–º–ª / –õ–£–ß–ò–ö–°,297‚Äâ‚ÇΩ,190 –æ—Ç–∑—ã–≤–æ–≤,"–ó–∞–≤—Ç—Ä–∞ –¥–æ—Å—Ç–∞–≤–∏—Ç Ozon, –ø—Ä–æ–¥–∞–≤–µ—Ü –õ—É—á–∏–∫–°-–§–∞—Ä–º",https://www.ozon.ru/product/akulya-sila-dnevnoy-krem-q10-s-elastinom-167337712/?asb2=aph4H2KsV_1drMIxYeSPWqdaqshDLTRp0tPwsG3bz6C_dekbRYTzXwGabDJsA7S_
"Lebelage Sun High Protection –£–ª—å—Ç—Ä–∞–∑–∞—â–∏—Ç–Ω—ã–π –∫—Ä–µ–º –æ—Ç —Å–æ–ª–Ω—Ü–∞ —Å –≤—ã—Å–æ–∫–∏–º —Ñ–∞–∫—Ç–æ—Ä–æ–º SPF50+PA+++, –∫–æ—Ä–µ–π—Å–∫–∞—è –∫–æ—Å–º–µ—Ç–∏–∫–∞. 30 –º–ª",424‚Äâ‚ÇΩ,62 –æ—Ç–∑—ã–≤–∞,"–ó–∞–≤—Ç—Ä–∞ –¥–æ—Å—Ç–∞–≤–∏—Ç Ozon, –ø—Ä–æ–¥–∞–≤–µ—Ü –ò–Ω–µ—Å –¢—Ä–µ–π–¥",https://www.ozon.ru/product/lebelage-sun-high-protection-ultrazashchitnyy-krem-ot-solntsa-s-vysokim-faktorom-spf50-pa-30-ml-200456917/?asb2=dW_vHsiOfg9s14J5SaHBIQD7UF90ozZwb0YI60gPPU_fPfp3nbIte9FxnM8kbt0r
"–ö–∏—Ç–∞–π—Å–∫–∏–π –∫—Ä–µ–º –¥–ª—è —É—Ö–æ–¥–∞ –∑–∞ –∫–æ–∂–µ–π –æ—Ç —É–≥—Ä–µ–≤—ã–π —Å—ã–ø–∏, –∞–∫–Ω–µ, –ø—Ä—ã—â–µ–π, –ø–æ—Å—Ç–∞–∫–Ω–µ, 20 –≥—Ä",199‚Äâ‚ÇΩ,187 –æ—Ç–∑—ã–≤–æ–≤,"9 –º–∞—è –¥–æ—Å—Ç–∞–≤–∏—Ç Ozon, –ø—Ä–æ–¥–∞–≤–µ—Ü Home in",https://www.ozon.ru/product/kitayskiy-krem-dlya-uhoda-za-kozhey-ot-ugrevyy-sypi-akne-pryshchey-postakne-20-gr-257114192/?asb2=mGfFl_8mg5W2pAVpBUHgywtH5WXBSmQwGPRYYG4jhv4MU7g5YBr6vvpP1bIg8lq4
Iris –ö—Ä–µ–º –¥–ª—è –ª–∏—Ü–∞ PHYTOTHERAPY –õ–∏–º–æ–Ω –∏ –ü–µ—Ç—Ä—É—à–∫–∞ –æ—Ç–±–µ–ª–∏–≤–∞—é—â–∏–π 180 –º–ª,290‚Äâ‚ÇΩ,66 –æ—Ç–∑—ã–≤–æ–≤,"–ü–æ—Å–ª–µ–∑–∞–≤—Ç—Ä–∞ –¥–æ—Å—Ç–∞–≤–∏—Ç Ozon, –ø—Ä–æ–¥–∞–≤–µ—Ü –ò–ü –õ—É–∫—å—è–Ω–æ–≤ –ê.–°.",https://www.ozon.ru/product/iris-krem-dlya-litsa-phytotherapy-limon-i-petrushka-otbelivayushchiy-180-ml-264607027/?asb2=LmUruMMkkPhKRdDZLyly3OVZglVEdNGPoJKOhIMDf1UHy1RP1P96bBLMhHQnWRMX
"Isme –û—Ç–±–µ–ª–∏–≤–∞—é—â–∏–π –∫—Ä–µ–º –¥–ª—è –∏–Ω—Ç–∏–º–Ω—ã—Ö –∑–æ–Ω, –∫–æ–ª–µ–Ω–µ–π –∏ –ª–æ–∫—Ç–µ–π, –æ—Ç –ø–∏–≥–º–µ–Ω—Ç–∞—Ü–∏–∏ —Å –ê–ª–æ—ç –í–µ—Ä–∞ –∏ –∑–µ–ª–µ–Ω—ã–º —á–∞–µ–º, 5 –≥—Ä.",589‚Äâ‚ÇΩ,9 –æ—Ç–∑—ã–≤–æ–≤,"13 –º–∞—è –¥–æ—Å—Ç–∞–≤–∏—Ç Ozon, –ø—Ä–æ–¥–∞–≤–µ—Ü Green-Life üå±",https://www.ozon.ru/product/isme-otbelivayushchiy-krem-dlya-intimnyh-zon-koleney-i-loktey-ot-pigmentatsii-s-aloe-vera-i-545172066/?asb2=Lkx9IQE0DTgUq5G1c2rkrLqjwlZSrIjh6UssYXOit9xV85fGLJOQ3E9jN-vFTRutROrXgKurNSUKi_NImpNa8w
Pani WALEWSKA –∫—Ä–µ–º –¥–ª—è –ª–∏—Ü–∞ –ø—Ä–æ—Ç–∏–≤ –º–æ—Ä—â–∏–Ω .,590‚Äâ‚ÇΩ,9 –æ—Ç–∑—ã–≤–æ–≤,"14 –º–∞—è –¥–æ—Å—Ç–∞–≤–∏—Ç Ozon, –ø—Ä–æ–¥–∞–≤–µ—Ü 101 –∞—Ä–æ–º–∞—Ç",https://www.ozon.ru/product/pani-walewska-krem-dlya-litsa-protiv-morshchin-263340975/?asb2=SJhu1aQhqnJHwLWA0CdE9BpqRD4kpsOf2Uz3fLyfquP7vhWwX9lfK5I6xulVvBAt
"–ö—Ä–µ–º –¥–ª—è –ª–∏—Ü–∞ –ú–æ—Ä–∫–æ–≤–Ω—ã–π, 40 –º–ª",245‚Äâ‚ÇΩ,70 –æ—Ç–∑—ã–≤–æ–≤,"–ó–∞–≤—Ç—Ä–∞ –¥–æ—Å—Ç–∞–≤–∏—Ç Ozon, –ø—Ä–æ–¥–∞–≤–µ—Ü –ü–æ–¥–∞—Ä–∫–∏@–°—É–≤–µ–Ω–∏—Ä—ã",https://www.ozon.ru/product/krem-dlya-litsa-morkovnyy-40-ml-369000634/?asb2=nQgzsEw5n01O1ik8TLSGjzwicUDKefk_ivEsUa3o4lx9FpUsygvoIsflZV6Vd4QNDufu8zyR9tbxMatn_kVCDw
"MILV –ö—Ä–µ–º –¥–ª—è —Ç–µ–ª–∞ ""–ú–∞–Ω–≥–æ"" 250 –º–ª",188‚Äâ‚ÇΩ,111 –æ—Ç–∑—ã–≤–æ–≤,"–ó–∞–≤—Ç—Ä–∞ –¥–æ—Å—Ç–∞–≤–∏—Ç Ozon, –ø—Ä–æ–¥–∞–≤–µ—Ü MILV",https://www.ozon.ru/product/milv-krem-dlya-tela-mango-250-ml-343118530/?asb2=VKpalnlkJp051CXFUnxhOfIU-tfh6DVH5AM7RqM_klvSDot6bupS8KA_WRVWHog8
"MILV –ö—Ä–µ–º –¥–ª—è —Ç–µ–ª–∞ ""–ë–∞–Ω–∞–Ω"" 250 –º–ª",188‚Äâ‚ÇΩ,111 –æ—Ç–∑—ã–≤–æ–≤,"–ó–∞–≤—Ç—Ä–∞ –¥–æ—Å—Ç–∞–≤–∏—Ç Ozon, –ø—Ä–æ–¥–∞–≤–µ—Ü MILV",https://www.ozon.ru/product/milv-krem-dlya-tela-banan-250-ml-343118831/?asb2=tG9f9_giRZj8W6NK1DLaefT_Z0StHp0wAwabj01o1tv2QtI8ogX8hLm2lYEUJbE-
Floresan –û—Ç–±–µ–ª–∏–≤–∞—é—â–∏–π –Ω–æ—á–Ω–æ–π –∫—Ä–µ–º –æ–±–æ–≥–∞—â–µ–Ω–Ω—ã–π –≤–∏—Ç–∞–º–∏–Ω–æ–º –° –∏ —Ñ—Ä—É–∫—Ç–æ–≤—ã–º–∏ –∫–∏—Å–ª–æ—Ç–∞–º–∏ –ë–µ–ª—ã–π –ª–µ–Ω 100 –º–ª,178‚Äâ‚ÇΩ,192 –æ—Ç–∑—ã–≤–∞,"–ó–∞–≤—Ç—Ä–∞ –¥–æ—Å—Ç–∞–≤–∏—Ç Ozon, –ø—Ä–æ–¥–∞–≤–µ—Ü –ê–∫–≤–∞–∫–æ—Å–º–µ—Ç–∏–∫–∞",https://www.ozon.ru/product/floresan-belyy-len-otbelivayushchiy-nochnoy-krem-obogashchennyy-vitaminom-s-100-ml-160259326/?asb2=9UqikdSPelhCM7a9Nx4JIDRJC-F0C-6tvg6JUGpKW8XNGeNzUuzr3VMi_AkT41TQ
"VITEKS / –ê–ù–¢–ò–¶–ï–õ–õ–Æ–õ–ò–¢–ù–´–ô –º–∞—Å—Å–∞–∂–Ω—ã–π –ö–†–ï–ú –æ–±–µ—Ä—Ç—ã–≤–∞–Ω–∏–µ –¥–ª—è –ü–û–•–£–î–ï–ù–ò–Ø, –ë–µ–ª–æ—Ä—É—Å—Å–∫–∞—è –∂–µ–Ω—Å–∫–∞—è –∫–æ—Å–º–µ—Ç–∏–∫–∞ –¥–ª—è —É—Ö–æ–¥–∞ –∏ –∫–æ—Ä—Ä–µ–∫—Ü–∏–∏ —Ñ–∏–≥—É—Ä—ã, –°—Ä–µ–¥—Å—Ç–≤–æ –æ—Ç —Ü–µ–ª–ª—é–ª–∏—Ç–∞ –í–ò–¢–ï–ö–°, 2 –®–¢–£–ö–ò –ø–æ 200 –º–ª",359‚Äâ‚ÇΩ,119 –æ—Ç–∑—ã–≤–æ–≤,"–ó–∞–≤—Ç—Ä–∞ –¥–æ—Å—Ç–∞–≤–∏—Ç Ozon, –ø—Ä–æ–¥–∞–≤–µ—Ü –ú–∞—Ä–∫–µ—Ç–°–ø–µ–π—Å",https://www.ozon.ru/product/viteks-antitsellyulitnyy-massazhnyy-krem-obertyvanie-dlya-pohudeniya-belorusskaya-440992140/?asb2=gerVJ8JQvJwqitZSCIxK3HtWd4GY0Ia2jSD-4QsNgo6fCm8LWMrgQvv2lVhD3uybJWwfczFDzUf_HYutFM_YYg
LIBREDERM SERACIN/ –°–ï–†–ê–¶–ò–ù –ê–∫—Ç–∏–≤-–∫—Ä–µ–º —Ç–æ—á–µ—á–Ω–æ–≥–æ –Ω–∞–Ω–µ—Å–µ–Ω–∏—è –¥–ª—è –∂–∏—Ä–Ω–æ–π –∫–æ–∂–∏ –ª–∏—Ü–∞ –∏ –∫–æ–∂–∏ —Å –∞–∫–Ω–µ 20 –º–ª,328‚Äâ‚ÇΩ,141 –æ—Ç–∑—ã–≤,"–ó–∞–≤—Ç—Ä–∞ –¥–æ—Å—Ç–∞–≤–∏—Ç Ozon, –ø—Ä–æ–¥–∞–≤–µ—Ü –û–û–û ¬´–ë–ò–û–§–ê–†–ú–†–£–°¬ª",https://www.ozon.ru/product/librederm-seracin-seratsin-aktiv-krem-tochechnogo-naneseniya-dlya-zhirnoy-kozhi-litsa-i-kozhi-s-akne-307976005/?asb2=vb0D0QbW8FjtTyIF1M7Nvz2zzNeeL6yRXtyX-BfHVeFv44_-sT-GIlCNy--X-ahm
–ö—Ä–µ–º –¥–ª—è —É—Å—Ç–∞–≤—à–∏—Ö –Ω–æ–≥ —Å –º–µ–Ω—Ç–æ–ª–æ–º –∏ –∫–∞–º—Ñ–æ—Ä–æ–π MILV 150 –º–ª,151‚Äâ‚ÇΩ,50 –æ—Ç–∑—ã–≤–æ–≤,"–ó–∞–≤—Ç—Ä–∞ –¥–æ—Å—Ç–∞–≤–∏—Ç Ozon, –ø—Ä–æ–¥–∞–≤–µ—Ü MILV",https://www.ozon.ru/product/krem-dlya-ustavshih-nog-s-mentolom-i-kamforoy-milv-150-ml-280534599/?asb2=fjfn9Rvd2ZZccN4FLQD-sBh_a34qNtuiAFB8j-KwYr-dsEUiRMWwiiUA-5oi01B_
AEVIT BY LIBREDERM –ö—Ä–µ–º –¥–ª—è —Ä—É–∫ —É–≤–ª–∞–∂–Ω—è—é—â–∏–π —Å –∞–ª–æ—ç –≤–µ—Ä–∞ 80 –º–ª,130‚Äâ‚ÇΩ,156 –æ—Ç–∑—ã–≤–æ–≤,"–ó–∞–≤—Ç—Ä–∞ –¥–æ—Å—Ç–∞–≤–∏—Ç Ozon, –ø—Ä–æ–¥–∞–≤–µ—Ü –û–û–û ¬´–ë–ò–û–§–ê–†–ú–†–£–°¬ª",https://www.ozon.ru/product/aevit-by-librederm-krem-dlya-ruk-uvlazhnyayushchiy-s-aloe-vera-80-ml-301366184/?asb2=3dzQjR7Iqvqk6jGJUX9YaZ7AEHWz0VQjY0t-DjATDShn0c8tnqvZDgAwaDaBqZDW
"HCHANA –ù–∞–±–æ—Ä –∏–∑ 5 –∫—Ä–µ–º–æ–≤ –¥–ª—è —Ä—É–∫ —Å –Ω–∞—Ç—É—Ä–∞–ª—å–Ω—ã–º–∏ —ç–∫—Å—Ç—Ä–∞–∫—Ç–∞–º–∏, —É–≤–ª–∞–∂–Ω–µ–Ω–∏–µ, –∑–∞—â–∏—Ç–∞, –≤–æ—Å—Å—Ç–∞–Ω–æ–≤–ª–µ–Ω–∏–µ –∏ –µ–∂–µ–¥–Ω–µ–≤–Ω—ã–π —É—Ö–æ–¥ –∑–∞ –∫–æ–∂–µ–π. –ù–∞–±–æ—Ä –∫—Ä–µ–º–æ–≤ –¥–ª—è —Ä—É–∫ 5—à—Ç.",269‚Äâ‚ÇΩ,12 –æ—Ç–∑—ã–≤–æ–≤,"–ó–∞–≤—Ç—Ä–∞ –¥–æ—Å—Ç–∞–≤–∏—Ç Ozon, –ø—Ä–æ–¥–∞–≤–µ—Ü MANOLOWEAR",https://www.ozon.ru/product/hchana-nabor-iz-5-kremov-dlya-ruk-s-naturalnymi-ekstraktami-uvlazhnenie-zashchita-vosstanovlenie-524518392/?asb2=Tmi8m89EQm9eE87ExuF_JisytyhijZ0QoWkSRpJWK3GFh5y4rxAul-Pr7HN3xkHSyiNFhDhPkXiBBXwcReHZeg
Bossom Professional –£–≤–ª–∞–∂–Ω—è—é—â–∏–π –∫—Ä–µ–º –¥–ª—è —Ä—É–∫ —Å —Ü–µ—Ä–∞–º–∏–¥–∞–º–∏ –¥–ª—è —Å—É—Ö–æ–π –∏ –æ—á–µ–Ω—å —Å—É—Ö–æ–π –∫–æ–∂–∏ –æ–º–æ–ª–∞–∂–∏–≤–∞—é—â–∏–π –ø–∏—Ç–∞—é—â–∏–π 240 –º–ª,250‚Äâ‚ÇΩ,63 –æ—Ç–∑—ã–≤–∞,"–ó–∞–≤—Ç—Ä–∞ –¥–æ—Å—Ç–∞–≤–∏—Ç Ozon, –ø—Ä–æ–¥–∞–≤–µ—Ü Bossom Professional",https://www.ozon.ru/product/bossom-professional-uvlazhnyayushchiy-krem-dlya-ruk-s-tseramidami-dlya-suhoy-i-ochen-suhoy-kozhi-531397967/?asb2=4OeLsh8hGRNGq_4POsbmPdpAB9yPPeZwKBV1jbQ-K4Szo78Dds5eCjzS-fREVQaptx2SB4t5htLZ21qGZZ_d4A
MILV –ö—Ä–µ–º-–±–ª–µ—Å–∫ –¥–ª—è —Ç–µ–ª–∞. 340 –º–ª,300‚Äâ‚ÇΩ,29 –æ—Ç–∑—ã–≤–æ–≤,"–ó–∞–≤—Ç—Ä–∞ –¥–æ—Å—Ç–∞–≤–∏—Ç Ozon, –ø—Ä–æ–¥–∞–≤–µ—Ü MILV",https://www.ozon.ru/product/milv-krem-blesk-dlya-tela-340-ml-343118537/?asb2=HgSzE1ePrMyu0Hs2wpNBOlvhhJTEIOpp-B50VhaqIfhq0LyyiX1W_ETG_f9CNl1B
Floresan –õ–æ–∫–∞–ª—å–Ω—ã–π –∏–Ω—Ç–µ–Ω—Å–∏–≤–Ω—ã–π –æ—Ç–±–µ–ª–∏–≤–∞—Ç–µ–ª—å-–∫–æ—Ä—Ä–µ–∫—Ç–æ—Ä –ø–∏–≥–º–µ–Ω—Ç–Ω—ã—Ö –ø—è—Ç–µ–Ω —Å –º–æ–ª–æ—á–Ω–æ–π –∫–∏—Å–ª–æ—Ç–æ–π –ë–µ–ª—ã–π –ª–µ–Ω 15–º–ª,167‚Äâ‚ÇΩ,41 –æ—Ç–∑—ã–≤,"–ó–∞–≤—Ç—Ä–∞ –¥–æ—Å—Ç–∞–≤–∏—Ç Ozon, –ø—Ä–æ–¥–∞–≤–µ—Ü –ê–∫–≤–∞–∫–æ—Å–º–µ—Ç–∏–∫–∞",https://www.ozon.ru/product/floresan-lokalnyy-intensivnyy-otbelivatel-korrektor-pigmentnyh-pyaten-s-molochnoy-kislotoy-belyy-473498945/?asb2=1sERhrSXnEm806YsMQWOlxsX6dzuHeviBtWFgB6ZUvhSyKcirhxy-S13accP4Zjb
–û—á–∏—â–∞—é—â–∞—è –ø–µ–Ω–∫–∞ –¥–ª—è —É–º—ã–≤–∞–Ω–∏—è —Å —â–µ—Ç–∫–æ–π –ö–æ—Ä–µ—è / –£–≤–ª–∞–∂–Ω—è—é—â–∏–π –≥–µ–ª—å –¥–ª—è –æ—á–∏—â–µ–Ω–∏—è –∫–æ–∂–∏ –ª–∏—Ü–∞ —Å –∞–ª–æ—ç / –ö–æ—Ä–µ–π—Å–∫–∞—è –∫–æ—Å–º–µ—Ç–∏–∫–∞ / –©–µ—Ç–æ—á–∫–∞ –¥–ª—è –æ—á–∏—â–µ–Ω–∏—è,399‚Äâ‚ÇΩ,41 –æ—Ç–∑—ã–≤,"9 –º–∞—è –¥–æ—Å—Ç–∞–≤–∏—Ç Ozon, –ø—Ä–æ–¥–∞–≤–µ—Ü Golden Rose",https://www.ozon.ru/product/ochishchayushchaya-penka-dlya-umyvaniya-s-shchetkoy-koreya-uvlazhnyayushchiy-gel-dlya-441331045/?asb2=Fm7GCQ4fh9WbAnC2gXj-sKMI2DDjGX-zC40QfO4sb760gF4aEHkHLJ9zROoqEYAJ
EVELINE –ö—Ä–µ–º –æ—Ç–±–µ–ª–∏–≤–∞—é—â–∏–π –¥–ª—è –ª–∏—Ü–∞ –∏ —Ç–µ–ª–∞ Extra soft Whitening 200–º–ª,195‚Äâ‚ÇΩ,155 –æ—Ç–∑—ã–≤–æ–≤,"–ó–∞–≤—Ç—Ä–∞ –¥–æ—Å—Ç–∞–≤–∏—Ç Ozon, –ø—Ä–æ–¥–∞–≤–µ—Ü –≠–í–ê COSMETICS",https://www.ozon.ru/product/eveline-krem-otbelivayushchiy-dlya-litsa-i-tela-extra-soft-whitening-200ml-178238857/?asb2=0VotZ3UZQ9dManPeEonFAa5mBzcAG9pAY2iA_iQA_ff9fSRpmffcX5dZ9qK0JMbc
"Planeta Organica / Turbo Berry / –ë–∏–æ –∫—Ä–µ–º-—Å—ã–≤–æ—Ä–æ—Ç–∫–∞ –¥–ª—è —Ä—É–∫ ""–≠–Ω–µ—Ä–≥–∏—è –∏ –º–æ–ª–æ–¥–æ—Å—Ç—å"" 30 –º–ª, —à—Ç",95‚Äâ‚ÇΩ,77 –æ—Ç–∑—ã–≤–æ–≤,"9 –º–∞—è –¥–æ—Å—Ç–∞–≤–∏—Ç Ozon, –ø—Ä–æ–¥–∞–≤–µ—Ü –û–û–û –û—Ä–≥–∞–Ω–∏–∫",https://www.ozon.ru/product/planeta-organica-turbo-berry-bio-krem-syvorotka-dlya-ruk-energiya-i-molodost-30-ml-sht-240228813/?asb2=-EuK8X_JGyYxdNEXhtjtAsl8hvCJ4q3BdGfggSVhrUEEUrytliw1i0RsIQ2ykr1a
ACNE MONSTER / –ö—Ä–µ–º –æ—Ç –ø—Ä—ã—â–µ–π –∏ –∞–∫–Ω–µ —Ç–æ—á–µ—á–Ω–æ–≥–æ –¥–µ–π—Å—Ç–≤–∏—è / –ö—Ä–µ–º –¥–ª—è –ø—Ä–æ–±–ª–µ–º–Ω–æ–π –∫–æ–∂–∏ –ª–∏—Ü–∞ / –û—Ç –ø—Ä—ã—â–µ–π –∏ –∞–∫–Ω–µ,260‚Äâ‚ÇΩ,9 –æ—Ç–∑—ã–≤–æ–≤,"–ó–∞–≤—Ç—Ä–∞ –¥–æ—Å—Ç–∞–≤–∏—Ç Ozon, –ø—Ä–æ–¥–∞–≤–µ—Ü QIANZI",https://www.ozon.ru/product/acne-monster-krem-ot-pryshchey-i-akne-tochechnogo-deystviya-krem-dlya-problemnoy-kozhi-litsa-484050386/?asb2=hTXZZd4_JK5CS8kEgWJAO9Ipm4sQts3Kvku5pwoZd_jl0jPUzELjXQhxiUEaEgjK
"–ö–∏—Ç–∞–π—Å–∫–∞—è –º–µ–¥–∏—Ü–∏–Ω–∞. –≠—Ñ—Ñ–µ–∫—Ç–∏–≤–Ω—ã–π –∫—Ä–µ–º –¥–ª—è –æ—Ç–±–µ–ª–∏–≤–∞–Ω–∏—è –≤–µ—Å–Ω—É—à–µ–∫ —É–¥–∞–ª–µ–Ω–∏—è –º–µ–ª–∞–∑–º—ã –¥–ª—è —É–¥–∞–ª–µ–Ω–∏—è —à—Ä–∞–º–æ–≤ –æ—Ç –∞–∫–Ω–µ, –ø–∏–≥–º–µ–Ω—Ç –º–µ–ª–∞–Ω–∏–Ω —Ç–µ–º–Ω—ã—Ö –ø—è—Ç–µ–Ω –ø–∏–≥–º–µ–Ω—Ç–∞—Ü–∏–∏",501‚Äâ‚ÇΩ,2 –æ—Ç–∑—ã–≤–∞,"16 –º–∞—è –¥–æ—Å—Ç–∞–≤–∏—Ç Ozon, –ø—Ä–æ–¥–∞–≤–µ—Ü KAPSULA",https://www.ozon.ru/product/kitayskaya-meditsina-effektivnyy-krem-dlya-otbelivaniya-vesnushek-udaleniya-melazmy-dlya-udaleniya-432909675/?asb2=YwJsxhYNKjFRTo-rrKX1hjrNwgazVZR7lhxLkp1nrgxBdVlt2OGB1Pqi4WJcZoe3WTg8O-0ED-H4Je1EqN3ZGg
"–ö—Ä–µ–º –¥–ª—è —Ä—É–∫ –∫–æ–º–ø–ª–µ–∫—Å–Ω—ã–π —Å –º–∞—Å–ª–æ–º –ø–µ—Ä—Å–∏–∫–∞ ""passion"", 75 –º–ª.",102‚Äâ‚ÇΩ,19 –æ—Ç–∑—ã–≤–æ–≤,"–ó–∞–≤—Ç—Ä–∞ –¥–æ—Å—Ç–∞–≤–∏—Ç Ozon, –ø—Ä–æ–¥–∞–≤–µ—Ü Mirrolla",https://www.ozon.ru/product/krem-dlya-ruk-kompleksnyy-s-maslom-persika-passion-75-ml-526153814/?asb2=_FhEYPOwhHmbiFEUHQOe8TUCql_ls9NHzbA2uvs9A2jV2aBqJl64Y7SPp3d0G6XZ
"BIOAQUA –°–º—è–≥—á–∞—é—â–∞—è, —É–≤–ª–∞–∂–Ω—è—é—â–∞—è –±–∞–∑–∞ –ø–æ–¥ –º–∞–∫–∏—è–∂, —Å–∫—Ä—ã–≤–∞—é—â–∞—è –Ω–µ–¥–æ—Å—Ç–∞—Ç–∫–∏ –∫–æ–∂–∏ –ª–∏—Ü–∞",199‚Äâ‚ÇΩ,91 –æ—Ç–∑—ã–≤,"–ü–æ—Å–ª–µ–∑–∞–≤—Ç—Ä–∞ –¥–æ—Å—Ç–∞–≤–∏—Ç Ozon, –ø—Ä–æ–¥–∞–≤–µ—Ü –ò–ü –§–∏–ª–∏–ø–ø–æ–≤ –°.–í.",https://www.ozon.ru/product/bioaqua-smyagchayushchaya-uvlazhnyayushchaya-baza-pod-makiyazh-skryvayushchaya-nedostatki-159647555/?asb2=gX2CeXUtpWm93h2BtY03xpx0L2Bg71AFUCkw9ONqdaCZTGvmNDiOPa9YkrztmK1p
EVELINE –∫—Ä–µ–º –¥–ª—è —Ç–µ–ª–∞ –§–ò–¢–û –õ–ò–ù–ò–Ø –û–ª–∏–≤–∫–∏ + –ø—Ä–æ—Ç–µ–∏–Ω—ã —à–µ–ª–∫–∞ 210 –º–ª,174‚Äâ‚ÇΩ,98 –æ—Ç–∑—ã–≤–æ–≤,"–ó–∞–≤—Ç—Ä–∞ –¥–æ—Å—Ç–∞–≤–∏—Ç Ozon, –ø—Ä–æ–¥–∞–≤–µ—Ü —Å–µ—Ç—å ""–ü–æ–¥—Ä—É–∂–∫–∞""",https://www.ozon.ru/product/eveline-krem-dlya-tela-fito-liniya-olivki-proteiny-shelka-210-ml-364471387/?asb2=P-1OdM4q_eWYYtGQTy5ozNruI2poFd3nQ4dIFf1IIb5nQfKaY7oIpq0Ndccjabhs
"Dalan d'Olive –ü–∏—Ç–∞—é—â–∏–π –∏ —É–≤–ª–∞–∂–Ω—è—é—â–∏–π –∫—Ä–µ–º –¥–ª—è —Ä—É–∫ –∏ —Ç–µ–ª–∞ —Å –æ–ª–∏–≤–∫–æ–≤—ã–º –º–∞—Å–ª–æ–º, —Ç—É—Ä–µ—Ü–∫–∏–π, 75 –º–ª.",167‚Äâ‚ÇΩ,38 –æ—Ç–∑—ã–≤–æ–≤,"–ó–∞–≤—Ç—Ä–∞ –¥–æ—Å—Ç–∞–≤–∏—Ç Ozon, –ø—Ä–æ–¥–∞–≤–µ—Ü Turkish Cosmetics",https://www.ozon.ru/product/dalan-d-olive-pitayushchiy-i-uvlazhnyayushchiy-krem-dlya-ruk-i-tela-s-olivkovym-maslom-turetskiy-345964544/?asb2=LQRN0LgWymFroCzFGKuyZZyQi1l7TLYaRvOBlJqqOcan3gqAPyTGi1M5y06SYKgo
"Shine Is –£–≤–ª–∞–∂–Ω—è—é—â–∏–π –∫—Ä–µ–º –¥–ª—è –Ω–æ–≥ —Å –º–æ—á–µ–≤–∏–Ω–æ–π (10%) –∏ –≤–∏—Ç–∞–º–∏–Ω–∞–º–∏ A, E, F Magic Moisturizing Foot Cream, 300 –º–ª",345‚Äâ‚ÇΩ,99 –æ—Ç–∑—ã–≤–æ–≤,"–ó–∞–≤—Ç—Ä–∞ –¥–æ—Å—Ç–∞–≤–∏—Ç Ozon, –ø—Ä–æ–¥–∞–≤–µ—Ü –®–∞–π–Ω –∏–∑ –†–∏—Ç–µ–π–ª",https://www.ozon.ru/product/shine-is-uvlazhnyayushchiy-krem-dlya-nog-s-mochevinoy-10-i-vitaminami-a-e-f-magic-moisturizing-547579548/?asb2=iFpsSwPcysmN--JWQq5gmQj5KdpAMGJ3q2xuDzFD_BQJS6HngI5ekzWEXGoZZc34gDegJg2qyCSPZ-W67JwwoA
"–≠—Å—Å–µ–Ω—Ü–∏—è –¥–ª—è —É—Ö–æ–¥–∞ –∑–∞ –Ω–æ–≥—Ç—è–º–∏ –∏ –ª–µ—á–µ–Ω–∏–µ –≥—Ä–∏–±–∫–∞, —Å—Ä–µ–¥—Å—Ç–≤–æ –ø—Ä–æ—Ç–∏–≤–æ–≥—Ä–∏–±–∫–æ–≤–æ–µ 15 ml",399‚Äâ‚ÇΩ,114 –æ—Ç–∑—ã–≤–æ–≤,"12 –º–∞—è –¥–æ—Å—Ç–∞–≤–∏—Ç Ozon, –ø—Ä–æ–¥–∞–≤–µ—Ü BBQ",https://www.ozon.ru/product/essentsiya-dlya-uhoda-za-nogtyami-i-lechenie-gribka-sredstvo-protivogribkovoe-15-ml-454765125/?asb2=RDHqx1-w04K_leBWzA9IktwcrduofI8Ae668IfQqpnYcnsq8JrODB0Ol-NDMda16D5uc4g4f2hvPRfMgkSN6fw
"MILV –ö—Ä–µ–º –¥–ª—è —Ç–µ–ª–∞ ""–ü–µ—á–µ–Ω—å–µ"" 250 –º–ª",188‚Äâ‚ÇΩ,32 –æ—Ç–∑—ã–≤–∞,"–ó–∞–≤—Ç—Ä–∞ –¥–æ—Å—Ç–∞–≤–∏—Ç Ozon, –ø—Ä–æ–¥–∞–≤–µ—Ü MILV",https://www.ozon.ru/product/milv-krem-dlya-tela-pechene-250-ml-343118826/?asb2=obboDUcy5l19wYEJxdV3S5lqWajpwo6WZyo66jt33dc4UcK9Xgy8CaDnB4xCBbGs
"EVELINE –ö—Ä–µ–º-–∏–Ω—Ç–µ–Ω—Å–∏–≤–Ω—ã–π —É—Ö–æ–¥ –¥–ª—è —Ç–µ–ª–∞ –§–ò–¢–û –õ–ò–ù–ò–Ø –∫–∞–∫–∞–æ+–º–∞—Å–ª–æ –∞–≤–æ–∫–∞–¥–æ, 210 –º–ª",169‚Äâ‚ÇΩ,132 –æ—Ç–∑—ã–≤–∞,"–ü–æ—Å–ª–µ–∑–∞–≤—Ç—Ä–∞ –¥–æ—Å—Ç–∞–≤–∏—Ç Ozon, –ø—Ä–æ–¥–∞–≤–µ—Ü –≠–í–ê COSMETICS",https://www.ozon.ru/product/eveline-krem-intensivnyy-uhod-dlya-tela-fito-liniya-kakao-maslo-avokado-210-ml-343267626/?asb2=zsPWi30Mg15r7R5R1l2ZudKMdEBKW6vniqZ_K1ncThwHz4CzyDOaT4hUi-LHoqoV
AEVIT BY LIBREDERM –ö—Ä–µ–º –º–∞—Ç–∏—Ä—É—é—â–∏–π –¥–Ω–µ–≤–Ω–æ–π —Å —Ü–∏–Ω–∫–æ–º –∏ —Ä–∞—Å—Ç–∏—Ç–µ–ª—å–Ω—ã–º–∏ —ç–∫—Å—Ç—Ä–∞–∫—Ç–∞–º–∏ –¥–ª—è –∂–∏—Ä–Ω–æ–π –∫–æ–∂–∏ –ª–∏—Ü–∞ 50 –º–ª,287‚Äâ‚ÇΩ,173 –æ—Ç–∑—ã–≤–∞,"–ó–∞–≤—Ç—Ä–∞ –¥–æ—Å—Ç–∞–≤–∏—Ç Ozon, –ø—Ä–æ–¥–∞–≤–µ—Ü –û–û–û ¬´–ë–ò–û–§–ê–†–ú–†–£–°¬ª",https://www.ozon.ru/product/aevit-by-librederm-krem-matiruyushchiy-dnevnoy-s-tsinkom-i-rastitelnymi-ekstraktami-dlya-zhirnoy-301684342/?asb2=jFe1_eQr8DcVglEtmNvqXhSZuhVbuYd8AyXFaLEs8tXkPezH69V7JbVgSE3Pw520
"Ekel –ö—Ä–µ–º –¥–ª—è —Ä—É–∫ –ø–∏—Ç–∞—Ç–µ–ª—å–Ω—ã–π —Å –ø–µ–ø—Ç–∏–¥–∞–º–∏, 100 –º–ª",140‚Äâ‚ÇΩ,202 –æ—Ç–∑—ã–≤–∞,"9 –º–∞—è –¥–æ—Å—Ç–∞–≤–∏—Ç Ozon, –ø—Ä–æ–¥–∞–≤–µ—Ü Q-Way Inc.",https://www.ozon.ru/product/ekel-krem-dlya-ruk-pitatelnyy-s-peptidami-100-ml-317046996/?asb2=r_yC3OXg0C2Mx9D8SlT-ntEoWsHwh_bRPhJjzYtsfb17jRgegNbAgzofjRd7HlA7
