"Фруктовый лед Slime Яблоко-ананас MAX, 54 г",49 ₽,16 отзывов,null,https://www.ozon.ru/product/fruktovyy-led-slime-yabloko-ananas-max-54-g-547851346/?asb=3Ff5vpvxvVmqoX%252FG1F%252FtaTw8Kj1CovheeF26DnUlSmY%253D&asb2=oyUQHZ0EiQ6H-ppRxblEr-mpgTjbixe65P_1B0XvPPWlxw9Yb-V4CQjLjdeHQstk&ectx=1&miniapp=supermarket
"Фруктовый лед Ледяная кола MAX, 60 г",33 ₽,17 отзывов,null,https://www.ozon.ru/product/fruktovyy-led-ledyanaya-kola-max-60-g-547851334/?asb=tPT8S54KhXE17osm%252BYBntBux0oAGxq27Fh90TZ7%252BF7U%253D&asb2=ji9ihFuaoIaS4hKTcYQo5FnQ4rSlo9ioDK2cAxSdaq5NcjXXrrHCSrBkUUST9fJ3&ectx=1&miniapp=supermarket
"Фруктовый лед Суперсилы MAX Twister, 67 г",64 ₽,14 отзывов,null,https://www.ozon.ru/product/fruktovyy-led-supersily-max-twister-67-g-547851846/?asb=OXKsfnMOO4uuDLQqrpEKv7K80o0K1WDAYIf5YbdD6vU%253D&asb2=rwF499vmbbamOfGvBBnoLVDGFzQk1zyYaje54NHc-obtEJEibZDykqXzVeX3_rDS&ectx=1&miniapp=supermarket
"Мороженое двухслойное крем-брюле с кешью и ванильное с брауни Вкусландия, 450 г",419 ₽,15 отзывов,null,https://www.ozon.ru/product/morozhenoe-dvuhsloynoe-krem-bryule-s-keshyu-i-vanilnoe-s-brauni-vkuslandiya-450-g-498693512/?asb=sLNaQqDao4k0mGfNOb87HUlbuAEhWKlopzBF5SdB%252BWQ%253D&asb2=tlGNfywGhua_7PlowWk-ZiiQjmP_c4e8YyWotpD0SBtKxytUaMhDPxDGATaaR1zJ&ectx=1&miniapp=supermarket
"Мороженое Cornetto Мексика чуррос-манго-авокадо, 73 г",59 ₽,165 отзывов,null,https://www.ozon.ru/product/morozhenoe-cornetto-meksika-churros-mango-avokado-73-g-259493624/?asb=7xA1o3WuRC%252B8oTx6Ia0hMI0z7ACpTwzf7Ba06LtphR8%253D&asb2=Dd8I8RiajnYm4tfgrD2jYTy0mE5M6mkGHo8WVLMtivNWaD1sIullQTvjYCm1uhRM&ectx=1&miniapp=supermarket
"Мороженое на кокосовой основе Манго-Маракуйя Веган Ekzo, 70 г",119 ₽,6 отзывов,null,https://www.ozon.ru/product/morozhenoe-na-kokosovoy-osnove-mango-marakuyya-vegan-ekzo-70-g-547851431/?asb=MLyfMjx6LCPwV8BsUW0lrsZwY0w04ZC2gZuUUcmlFLk%253D&asb2=U_pkjhsh70fzXhz8LOP3jVPUII_LRq4HoMOYxJYajpYeFm5GoE2FTIgxmHVrDGnw&ectx=1&miniapp=supermarket
"Мороженое в вафельном стаканчике Шоколадный пломбир и брауни Золотой стандарт, 86 г",99 ₽,4 отзыва,null,https://www.ozon.ru/product/morozhenoe-v-vafelnom-stakanchike-shokoladnyy-plombir-i-brauni-zolotoy-standart-86-g-547851380/?asb=yfAfSxmi7Y6IGbZb3R1uZPWtYazHhQNv8AQOQczKXR0%253D&asb2=eU1F2dRXxAcDTfnl3XP6yIUatpDDwKXW71nYxRJFDsH25yMObyBCEguWaysoWkAI&ectx=1&miniapp=supermarket
"Мороженое Б.Ю. Александров Пломбир Эскимо, с розовым грейпфрутом, в темном шоколаде, 80 г",134 ₽,152 отзыва,null,https://www.ozon.ru/product/morozhenoe-b-yu-aleksandrov-plombir-eskimo-s-rozovym-greypfrutom-v-temnom-shokolade-80-g-284703751/?asb=sKD%252BuGR6xTf5741nRT0dBofTOzIgtbXNZEi9pjDaPKk%253D&asb2=udqOe0eZnxc6AqiqKB3fjMfeyfUwvlNcqfPuatHp9alEmHdaaO0Pgz1NCuvtiabC&ectx=1&miniapp=supermarket
"Мороженое двухслойное малиновое с маршмеллоу и черничное Вкусландия, 450 г",409 ₽,7 отзывов,null,https://www.ozon.ru/product/morozhenoe-dvuhsloynoe-malinovoe-s-marshmellou-i-chernichnoe-vkuslandiya-450-g-498693526/?asb=KHnBXGpZBpjObqgpz3k%252B%252FmiZRXXWQ17TH7x8fgBH%252Fzo%253D&asb2=pa3h-SDM2BGmlk-WL9QF3u2h1HEVnyLOA7B1Uwqh9O2q7LtwXcNcoYuAzCw11UcH&ectx=1&miniapp=supermarket
"Пломбир с черной смородиной Вологодский пломбир, 250 г",159 ₽,24 отзыва,null,https://www.ozon.ru/product/plombir-s-chernoy-smorodinoy-vologodskiy-plombir-250-g-498693499/?asb=AkXYwrBNY%252BTY0fRLYPiClWjHC4jPvlFsQzM4x5voopc%253D&asb2=Pm9cma6EDY5xtrguNgWLuqTLpFr8j0BkRTTqElJTGVNZYZ0mAqUVTNnJvZWTeSuV&ectx=1&miniapp=supermarket
"Мороженое в глазури Пломбир с печенье Золотой стандарт, 61 г",79 ₽,7 отзывов,null,https://www.ozon.ru/product/morozhenoe-v-glazuri-plombir-s-pechene-zolotoy-standart-61-g-547851413/?asb=7ziZ9rDqKlLyraJXIoDafaJpGg3uIVnAGLKYZA9vvps%253D&asb2=AA2UvffevFKSaCiVSD9oJz-hTbmDjdIa5Q9Oz_Fz_CrHuZmkKNnvEKkn_OQqrQ70&ectx=1&miniapp=supermarket
"Мороженое батончик Snickers, 48 г",85 ₽,184 отзыва,null,https://www.ozon.ru/product/morozhenoe-batonchik-snickers-48-g-275252343/?asb=DJqMrF0gT9699lsrYu%252BIXCrXVVz6iX4HsVZs%252BBxYqlE%253D&asb2=LIVRGLJmU_l7Ext7xw0wHYc1SB1ayTBYOHyjf0J80JJtY2d71_9o3gmH3NA7DtsT&ectx=1&miniapp=supermarket
"Вафельный рожок Ванильный с кусочками печенья Oreo, 72 г",98 ₽,166 отзывов,null,https://www.ozon.ru/product/morozhenoe-oreo-rozhok-74-g-163975428/?asb=g1tHSMcDkQBi7Qr97DeduSUqHp3FFZLb33EVoZ1dHko%253D&asb2=KwU2G-W2so2iyV5bMKFkEPHVuWys2Kp_7HvT2_eCgBI2MBB5II5mOtCCl_YMuQOT&ectx=1&miniapp=supermarket
"Мороженое Snickers Эскимо в глазури, 65 г",109 ₽,44 отзыва,null,https://www.ozon.ru/product/morozhenoe-snickers-eskimo-v-glazuri-65-g-198902840/?asb=1YgBjzubdOyxUlCuLp1UIfhK%252Bg8IeUIgaIrDUNTEs4o%253D&asb2=_6Mt0rCbz-TdJZLwKzCKoUA9KDu6vvYwvtXdem_HGaJI62nuMzt5Ktd0YHPzogk4&ectx=1&miniapp=supermarket
"Мороженое батончик Mars молочный шоколад, 41,8 г",79 ₽,14 отзывов,null,https://www.ozon.ru/product/morozhenoe-batonchik-mars-molochnyy-shokolad-41-8-g-275252327/?asb=icMeZlFc21bCjWEOEoAeJTUsQViJwj36Z5xHpwpMGq8%253D&asb2=4O8xWnYsUaP7OcXjeFYdJKS7HRJ_nCq6IAYdPL-YjjjJj3QFNZXZK9uLCkxGW0yt&ectx=1&miniapp=supermarket
"Мороженое с соленой карамелью в молочном шоколаде с дробленым миндалем Б.Ю. Александров, 80 г",129 ₽,1 отзыв,null,https://www.ozon.ru/product/morozhenoe-s-solenoy-karamelyu-v-molochnom-shokolade-s-droblenym-mindalem-b-yu-aleksandrov-80-g-547527612/?asb=mtnOfPXNyZOSoHXWmC8EImXLnd8YDAGSKh5epD7U2I8%253D&asb2=raGnZ0DgGmKFfk0kZx7hRMCTaJ4O4xXDpnFgaKC-SX7ANNA5Ln5-IunQUyY-TPJy&ectx=1&miniapp=supermarket
"Мороженое со вкусом манго MELONA Binggrae, 75 г",102 ₽,81 отзыв,null,https://www.ozon.ru/product/morozhenoe-so-vkusom-mango-melona-binggrae-75-g-281046010/?asb=Uqo9epdoAXwy91Xyq29eGCuuKH6jmSdldyTxLU6brgM%253D&asb2=Dp04KpbeKkflO1hfexwJWRwOlmW3NgMSofyyxNQ9Etnl0jY6FSxv-mmSc6o1E5N4&ectx=1&miniapp=supermarket
"Мороженое в вафельном стаканчике Клубника Золотой Стандарт, 85 г",89 ₽,16 отзывов,null,https://www.ozon.ru/product/morozhenoe-v-vafelnom-stakanchike-klubnika-zolotoy-standart-85-g-495948109/?asb=XnvNtBJD1VL5z8Ao%252BHk9y1GNsy2nRW5AlRreF%252FbQG44%253D&asb2=Kl_bWKzg_-hE3ua8IKiEW3ohqXXu-Fa8WOY0lhUKh1osOsnA6zfESkfulO4IMTHv&ectx=1&miniapp=supermarket
"Эскимо в шоколаде Фисташка-Малина Магнат, 70 г",149 ₽,2 отзыва,null,https://www.ozon.ru/product/eskimo-v-shokolade-fistashka-malina-magnat-70-g-547851393/?asb=cjO9RT85IhAfXAFP3kS6ozN1PvYjoMdB2OeyNMybdCw%253D&asb2=IfmPw_GW2WynKOhbTBgchHYUoM7W4qCr_97FFxX-iZ7z2qH0MN3Q1dbrNTyKKBc7&ectx=1&miniapp=supermarket
"Мороженое в вафельном стаканчике Крем-брюле и печенье Золотой стандарт, 86 г",99 ₽,2 отзыва,null,https://www.ozon.ru/product/morozhenoe-v-vafelnom-stakanchike-krem-bryule-i-pechene-zolotoy-standart-86-g-547851863/?asb=bhBNCCaKq44ykqBdhmc%252BfpzGP7VIKzXfQPs1xMslrYY%253D&asb2=kIdCD5nL0sObHpo0xXWMMZ_C-Cw7dOkF6QgPT5WnIZose-RqJXgo7pMpqZvxHXZz&ectx=1&miniapp=supermarket
"Пломбир Пломбироешка Чистая Линия, 450 г",549 ₽,139 отзывов,null,https://www.ozon.ru/product/plombir-plombiroeshka-chistaya-liniya-450-g-279591210/?asb=JRWIGe8xQ5TbYszPJifsaonhS8nfLDs1iL6wWokP1qA%253D&asb2=5Ic5oHZ1rJH7QJj1oMuGKzFMfB_iVK4Ad4BYU1OWIt51hTVJR7GY2DvjF1SYb22w&ectx=1&miniapp=supermarket
"Мороженое Драгонфрут-Гуанабана Ekzo, 70 г",109 ₽,19 отзывов,null,https://www.ozon.ru/product/morozhenoe-dragonfrut-guanabana-ekzo-70-g-495948106/?asb=chAJ7EM2fW2KEfdrXQliiWc0FDsBqVOArB2S86IKYDQ%253D&asb2=OldW_EwIx2hFH3QAO6YhMru0BMFrMPRNujcJVXiEXNVxi421G2Z8LWCjm5QKsnkF&ectx=1&miniapp=supermarket
"Пломбир Шоколадный в вафельном стаканчике Золотой Стандарт, 86 г",89 ₽,12 отзывов,null,https://www.ozon.ru/product/plombir-shokoladnyy-v-vafelnom-stakanchike-zolotoy-standart-86-g-335388422/?asb=TB%252FTpc3weaWhjb1srjkVmDqve%252B13hUvV4xijVOIOJoY%253D&asb2=HKKAaEASq0wS-nquFcmcvQy3MrGLzNMln3ZPW5t78edvmca8FyhusgyEy8C-ysgm&ectx=1&miniapp=supermarket
"Эскимо в шоколаде Брюнетка Магнат, 74 г",149 ₽,9 отзывов,null,https://www.ozon.ru/product/eskimo-v-shokolade-bryunetka-magnat-74-g-335388432/?asb=jWl47soa1L%252BbzAgO9S%252FY8gz79kAsnwiQbYJSnAVb8KY%253D&asb2=nE6PQ2nh2fpzQ4MOl8IBgpIrvx7_0eMPrVWxL_-XVva7FiFoEGsJTlgxlSsXxPiX&ectx=1&miniapp=supermarket
"Мороженое KitKat Рожок, 120 мл",135 ₽,98 отзывов,null,https://www.ozon.ru/product/morozhenoe-kitkat-rozhok-120-ml-178105389/?asb=VSaPfEQF5a8ioLC%252F7epmtkizbL4zyle56rc03gC27NI%253D&asb2=Gc599VOPnC9wH67HcfWKw1eUIaJDYLjI8DTFiVi6Ey0ksEh6qcvYAP3kq__Ep86X&ectx=1&miniapp=supermarket
"Мороженое O12 Клубника, протеиновое, 70 г",212 ₽,21 отзыв,null,https://www.ozon.ru/product/morozhenoe-o12-klubnika-proteinovoe-70-g-163539524/?asb=i79f7p5%252FLYARzkEHYltR2S4gaA10hUW1pmImR8lL8ho%253D&asb2=MvUPuEz-x5XARn3SAe-sJGFXrCiCsbPs1lAsv1_IWMYsb56Jx_Ty-wwpdCd482eC&ectx=1&miniapp=supermarket
"Сорбет Клюквенно-малиновый Baskin Robbins, 500 мл",490 ₽,173 отзыва,null,https://www.ozon.ru/product/baskin-robbins-morozhenoe-klyukvenno-malinovyy-sorbet-500-ml-144775469/?asb=IKTgWCmzAR1JvDBr8NzBUq0kkMLiymH%252FlsIw6PQVP34%253D&asb2=IRapjETfYwTwuq72YbnoCPaAThRO06NYPbDohkDCFxdsnCZVajszUczsTZgJ6ln6&ectx=1&miniapp=supermarket
"Фруктовый лед Маракуйя и семена чиа Paleta, 70 г",135 ₽,160 отзывов,null,https://www.ozon.ru/product/fruktovyy-led-marakuyya-i-semena-chia-paleta-70-g-225429595/?asb=kh9Q2UWOJQ%252BHsD%252FwGNXU1%252F3JKGpwLPBuw%252ByjN2FHkiY%253D&asb2=6Q6IjaKp1OXNxZ2ZoC2W0dTOFcC1DEqXawNEzPTieXipoCtgF_8y-D9LDPaDYJkL&ectx=1&miniapp=supermarket
"Набор пирожных ""Картошка"", 3 шт, 240 г, от Шеф-кондитера Ozon fresh",390 ₽,115 отзывов,null,https://www.ozon.ru/product/nabor-pirozhnyh-kartoshka-3-sht-240-g-ot-shef-konditera-ozon-fresh-305657869/?asb=vA4gZe7CqxSHReQ1JbjqStey9zgBq930yd1UFz9A2QM%253D&asb2=fti7HnxUa0Ew9AyaKAb1VvM_jqO3Z1FfGRvaamQ-ue-DLz_2Vw0sYn04fN7km91k&ectx=1&miniapp=supermarket
"Эскимо Ванильное в молочном шоколаде Б.Ю.Александров, 80 г",135 ₽,189 отзывов,null,https://www.ozon.ru/product/morozhenoe-b-yu-aleksandrov-plombir-eskimo-v-molochnom-shokolade-s-vanilyu-80-g-164801151/?asb=WskOmvKbXo7fF3nFvM8vv0h6SI6fl0N2oi9drsl67M0%253D&asb2=0OIzv9IG8NrDCyAy3edPTuKlG3YHQRtwjuHY1LIwtM5QwxeIVYOXVPtrAvTOKh0y&ectx=1&miniapp=supermarket
"Мороженое Шоколадное 48 Копеек, 232 г",179 ₽,127 отзывов,null,https://www.ozon.ru/product/morozhenoe-shokoladnoe-48-kopeek-232-g-360049745/?asb=t7zOsJp%252FLTtSUZWayHOGH9R3M58l2npCE71fflplaV0%253D&asb2=T-Sck3TplCtRTsDhrqO_4yEGxIb9ryoBPXhmHnQr5713A_c4S05arwSS7d5xjXby&ectx=1&miniapp=supermarket
"Мороженое пломбир в вафельном стаканчике Свитлогорье, 105 г",85 ₽,96 отзывов,null,https://www.ozon.ru/product/morozhenoe-plombir-v-vafelnom-stakanchike-svitlogore-105-g-296759343/?asb=kiVy9ADQcWkBFfOYnIwm2y2BsPitoaw7z4%252Ba7x1Hnk4%253D&asb2=g2F9_aNedCYLisn8ZihDnnV05ReIGILBarj-sUVu5u-H-5HZcYZF_F5g6ObkQphI&ectx=1&miniapp=supermarket
"Вафельный рожок Фисташковый Чистая Линия, 110 г",147 ₽,167 отзывов,null,https://www.ozon.ru/product/plombir-chistaya-liniya-fistashka-rozhok-110-g-169265316/?asb=gv98F6MV%252B%252BytsamxRWoyVYhOt2u2MefNNQ4x%252FOl8htk%253D&asb2=8NdjnmIimtaf33CnfnLT230rW6qFgE6NOGRlc2rJtpTuIMv5Wo8Fi66-yngD6E7X&ectx=1&miniapp=supermarket
"Мороженое Ekzo Арбуз-Дыня, 520 г",508 ₽,109 отзывов,null,https://www.ozon.ru/product/morozhenoe-ekzo-arbuz-dynya-520-g-333841649/?asb=cX83qK6fzdbZSIfxKkDxdFWZfPWPzuC%252BafpW46JXA50%253D&asb2=dmuKQBTkOTd7wpaecBQa_kdKCYJCQ2HmSY4zyGe-TDgPGPynDapr_L30ZpB-IUkM&ectx=1&miniapp=supermarket
"Пирожное замороженное Leberge Йогуртовое с маракуйя лайт, 220 г (2 шт.)",230 ₽,39 отзывов,null,https://www.ozon.ru/product/pirozhnoe-zamorozhennoe-leberge-yogurtovoe-s-marakuyya-layt-220-g-2-sht-387387955/?asb=ULV4Nl6ifwlqURvHt0cSkQcOyGoLOGmSQV3Fgaa%252Frq8%253D&asb2=paNUV6ZYhJ4adPhqxbAB2YeerGfqHJ-k3mNCGV8bmr9pGERwAXNYGauh9kzWCryC&ectx=1&miniapp=supermarket
"Пломбир во взбитой глазури Трубочка Золотой Стандарт, 74 г",89 ₽,11 отзывов,null,https://www.ozon.ru/product/plombir-vo-vzbitoy-glazuri-trubochka-zolotoy-standart-74-g-339381826/?asb=3NdryegNYrMdS72uaAsSUSYE%252FMqH0Slk9N6hF0Wbiu0%253D&asb2=kc0wCLsjg8SAqIwkX9vmtTywg57muDJ3nqCee4UoQS6VBAmLFoiXNH3w2SJnajoM&ectx=1&miniapp=supermarket
"Сорбет Кубинский Лайм, Лимон и Мята Amore, 300 мл",434 ₽,74 отзыва,null,https://www.ozon.ru/product/sorbet-kubinskiy-laym-limon-i-myata-amore-300-ml-275227798/?asb=6Z3%252F2WD6nVoUtjyZjLvHAu3p2rtzgnUvOj7w6WLqv5M%253D&asb2=OcePdHTxW4P1oC9XLPFBzLy6ojj3dNDfqLkNVKcHB9vMwN9IR2xmOf6RO-Kpm2zI&ectx=1&miniapp=supermarket
"Тайское манго на палочке Best Thai Fruits замороженное, 70 г",169 ₽,12 отзывов,null,https://www.ozon.ru/product/tayskoe-mango-na-palochke-best-thai-fruits-zamorozhennoe-70-g-307145193/?asb=m%252B8Pb9W8EhI1WgBUfV04FWU54X6A0fMzRLtIrLg6juI%253D&asb2=W1y9x-jx_kO5JaqP_2M2WIrcGarn-0oMCDXXCfp876TgsFQxIY7wtHKZL-VTT58o&ectx=1&miniapp=supermarket
"Сорбет Экзотическая маракуйя Amore, 300 мл",419 ₽,81 отзыв,null,https://www.ozon.ru/product/morozhenoe-amore-sorbet-ekzoticheskaya-marakuyya-300-ml-163534863/?asb=a9%252BEm3BdVyF8GaFpAhjKzx8tyTtXzF2GJ9tesFnt%252F0E%253D&asb2=xLSFFVLc8tw02s66fH65ptcJKKkmKnQfyQpQZdRUCo0aSveHzsnSDy0cn_n_SFs3&ectx=1&miniapp=supermarket
"Пончики тройной шоколад Stockson, замороженные, 276 г",289 ₽,8 отзывов,null,https://www.ozon.ru/product/ponchiki-troynoy-shokolad-stockson-zamorozhennye-276-g-419874199/?asb=wg%252BhqHRRCuG5N2ukXQes7j9DGwGYHC306%252BL14hG5GrI%253D&asb2=bgDFLxCYqs0qwu1XJbGNP8OWGbAoblBwdFwGHHGStU6X5sCVfzrHLokKfp0BdaYS&ectx=1&miniapp=supermarket
"Мороженое фисташковое Вкусвилл, 85 г",125 ₽,145 отзывов,null,https://www.ozon.ru/product/morozhenoe-fistashkovoe-vkusvill-85-g-268596783/?asb=pNZMIIo5RhU8XpxRaKn7x%252BmyQaIUyCc3sZM%252F9Xdpp4E%253D&asb2=t-LsQiJ8ZJI1h-i4Psn0rhH9e7MSGvZopeIhKz1uFmkddzoLFTP7_MtIM8orFkos&ectx=1&miniapp=supermarket
"Мороженое Extreme Малина Банан, 120 мл",115 ₽,136 отзывов,null,https://www.ozon.ru/product/morozhenoe-extreme-malina-banan-120-ml-178105388/?asb=3B%252FaKftkSK04Yn28ZnK605xdIGwEStPzR9T4vBYVY%252BE%253D&asb2=_cXtgqG84DMSZndZmaLHnUFasJuuksQRpnOq0kreI8j6iFshFUaiowJBws6lWF16&ectx=1&miniapp=supermarket
"Мороженое Шоколадное Baskin Robbins, 1 л",569 ₽,176 отзывов,null,https://www.ozon.ru/product/morozhenoe-baskin-robbins-shokoladnoe-1-l-168443024/?asb=ThxLkK%252FRZPVHvcdnzICqisYkg7tLKrNnUv%252Fiz3csDoQ%253D&asb2=9Vp-6okm0pCAjZ8OX9FN7rcqbd923vqWgCNzveTSYVlmxWEM9-4BtRwcMSh8frqn&ectx=1&miniapp=supermarket
"Пирожное FOODCODE Эклер с начинкой пломбир, без глютена, 3 шт по 45 г",390 ₽,22 отзыва,null,https://www.ozon.ru/product/pirozhnoe-foodcode-ekler-s-nachinkoy-plombir-bez-glyutena-3-sht-po-45-g-427310613/?asb=2KS3I%252B98nqUR8%252Fts9xExs5OCHtIsIs5UGrh19I72nE0%253D&asb2=SRDqohBjCRziduQ7XH345-GLWBEJ1ccK-_GPPMeE2SDr_XQbqvfVaPsm3EaqOsor&ectx=1&miniapp=supermarket
"Мороженое Джиандуйя фундучно-шоколадное Вкусвилл, 85 г",117 ₽,136 отзывов,null,https://www.ozon.ru/product/morozhenoe-dzhianduyya-funduchno-shokoladnoe-vkusvill-85-g-268596800/?asb=1MNJvx8GuvEPTcrIFjkeTolxWv5Xt0WextcZCD25wPM%253D&asb2=OLIOcITxrHiY-pFYNXfUQMLKQITittIVSzjQwEequxGQ84N9MpmP0i-6JWtvE7YE&ectx=1&miniapp=supermarket
"Сорбет Нежная малина Amore, 300 мл",409 ₽,156 отзывов,null,https://www.ozon.ru/product/morozhenoe-amore-sorbet-nezhnaya-malina-300-ml-163534872/?asb=4VELVKjKPhGxsINsLZGRQJH9270uFtF0Eh3%252F6MHBOYA%253D&asb2=g90HtqrmFKD4_eOpEucoNU51-VizGX3bVXjW7lhDUkkNn-Jhcabsm43RLsTrKud5&ectx=1&miniapp=supermarket
"Пломбир в печенье Радуга Чистая Линия, 90 г",129 ₽,144 отзыва,null,https://www.ozon.ru/product/plombir-chistaya-liniya-raduga-sendvich-v-pechene-90-g-169265313/?asb=aN7crruEblcrPCLRgflvYhtyHcd3%252FofEvS%252Fkh0ACiwg%253D&asb2=2-D6MX52sabCtdZg8umZk-Ei80xAs2fMKrCn_f1mX8ZzyIVh6lKpeJ8woYYjk1Vb&ectx=1&miniapp=supermarket
"Бенто торт Манго-кокос вегетарианский без глютена, сахара и лактозы, Можно Торт, 350 г",750 ₽,177 отзывов,null,https://www.ozon.ru/product/bento-tort-mango-kokos-vegetarianskiy-bez-glyutena-sahara-i-laktozy-mozhno-tort-350-g-369965021/?asb=stE5J4EKQVVx88JKjy8ZB2t%252Bcv3Xqcmslp8%252FG1zIDrQscq8gcp4NHMLvK5I1vtip&asb2=-xYsOp7EtDxrjqJt-gLSQDsS1PvNqCkT3kqkUDyTi-cKqs2eVDVniFTh2RL1KbMVoz7MqJ7skg0rYATyMDgVPPEnQSTtrbmpHT_tLth8AuQXZUPOtuVx-TajqsEMCNwK0bqEdvmvl0mcnUFGtZ3YlQ&ectx=1&miniapp=supermarket
"Мороженое Шоколадная крошка Baskin Robbins, 500 мл",549 ₽,194 отзыва,null,https://www.ozon.ru/product/baskin-robbins-morozhenoe-shokoladnaya-kroshka-500-ml-144775467/?asb=6bhnEU%252BVETIw8Wxk9pVhJerDPevbQUNhy%252FYY9N8WJZM%253D&asb2=K7BviDBn9Vtt5HZIDMnzAV285qPQJmbZ0lpKHZZusnojwTAeQ8kOf_fI_jh6Agbk&ectx=1&miniapp=supermarket
"Профитроли ""Ваниль"" без глютена, 130 г, FOODCODE",227 ₽,127 отзывов,null,https://www.ozon.ru/product/profitroli-vanil-bez-glyutena-130-g-foodcode-235462644/?asb=uxwCDPIE9rZOJH5DbBvLElPyuPq8RVjN1wa0moddwv4%253D&asb2=XZtpMhM0LLmX18wK_kDcEw9u7DnGdotfL8gZQldTBGR_uq1vxFCUHcuqvIEygJLt&ectx=1&miniapp=supermarket
"Торт Шоколадный с печеньем OREO и сливками Almondy, замороженный, 400 г",829 ₽,191 отзыв,null,https://www.ozon.ru/product/shokoladnyy-tort-s-pechenem-oreo-i-slivkami-tm-almondy-400-g-149393969/?asb=8m4%252BlhHyCorOXo7wwA0qCdfBnHS%252Bwle%252B6iS78jaJJKQ%253D&asb2=-UJa5WUkDwYHY3S_mu2rbKdQc2d4JzKiI32A0y_oy9ZCpmwkI1BxYjuWcqARXE5s&ectx=1&miniapp=supermarket
"Мороженое Итальянский крем забайоне Amore, 300 мл",439 ₽,88 отзывов,null,https://www.ozon.ru/product/morozhenoe-amore-italyanskiy-krem-zabayone-300-ml-166647052/?asb=9lYbRWuXgnifTut6bHeHZ1gzPVglCL1IVyZclXP04VE%253D&asb2=ZTy-I26_w-FNdL-YbNNshLKkVBlRrxRmVBm-Alcvpi1Akys9NvAzcT2lIc-MKQSv&ectx=1&miniapp=supermarket
"Мороженое Чизкейк Нью-Йорк с Малиной Amore, 300 мл",428 ₽,85 отзывов,null,https://www.ozon.ru/product/morozhenoe-chizkeyk-nyu-york-s-malinoy-amore-300-ml-275227800/?asb=VkAjNz7tI1QsM2zqziAGClrHAAXC%252B7nDl57UpSoenqI%253D&asb2=0UrTqxowkWrDoyIyqBXjNR37_SQK_mJcbZe9hW4VUCggvxBMyiOebI7KA00W6D-N&ectx=1&miniapp=supermarket
"Мороженое Б.Ю. Александров Пломбир Эскимо, со вкусом итальянского десерта Тирамису, в молочном шоколаде, 80 г",129 ₽,137 отзывов,null,https://www.ozon.ru/product/morozhenoe-b-yu-aleksandrov-plombir-eskimo-so-vkusom-italyanskogo-deserta-tiramisu-v-284703772/?asb=rWI0iY3PeMPCeFxynzriQvMZgCYMYhZk9dm6HpmRD2w%253D&asb2=-00Z28DHR8PRg2eg8J8pJ7NOFil_ReGFa05JokRoCboRVnM7Oz9MONu5yFesPZGP&ectx=1&miniapp=supermarket
"Растительное мороженое Warm Ice со вкусом ""Сыр Пармезан"", 80 г",170 ₽,16 отзывов,null,https://www.ozon.ru/product/rastitelnoe-morozhenoe-warm-ice-so-vkusom-syr-parmezan-80-g-441240952/?asb=zAoGIRs5bhIgLJRhT54OWahW3g7nLs7h4GTVWErgTT4suCwwKeCkcQ5mgOs%252FSorw&asb2=VjucCzJL2_2c_1XctNpqr60GPdNNdMMvT6rFGAbIdORlhL99s9JFQXQ8rU6hhnkbo_AcUStCTBis-GIUKTyDxmdpMVKeEBs8aZ3tODuU20TtZf1XW-mHOuMgg-b_wVif7zOXwE6eB97jVoSULVilWA&ectx=1&miniapp=supermarket
"Протеиновое мороженое Фисташка O12, 70 г",204 ₽,94 отзыва,null,https://www.ozon.ru/product/morozhenoe-o12-fistashka-proteinovoe-70-g-163539527/?asb=ACRraAOqIZXGTr5HCucpPr3ci70ekZFOxcMC7wtrn54%253D&asb2=eHIC1g11KDztM5_uu8yUSWpkib8oZlkOCBbgw0lpxdKVEPGPZe0BEzWVS0MLtg2j&ectx=1&miniapp=supermarket
"Протеиновое мороженое Шоколад O12, 70 г",205 ₽,93 отзыва,null,https://www.ozon.ru/product/morozhenoe-o12-shokolad-proteinovoe-70-g-163539525/?asb=Je2TTYpDkuarEIkLgTd15mUEbZn6hmy41I65rOde0m0%253D&asb2=I38EIvAtWTFlC-XHAnOPKQVt0xGoWaoiWcdmg9HnjYqFjOUpfSmO3MxeuaDDU52W&ectx=1&miniapp=supermarket
"Фруктовый лед Индийское манго Paleta, 70 г",176 ₽,108 отзывов,null,https://www.ozon.ru/product/fruktovyy-led-indiyskoe-mango-paleta-70-g-225429625/?asb=7Cl2FRLuNAnko%252BekAeFVMon3f30r996gCmYkLgZRAAk%253D&asb2=UnWmo8TeLis5fMm1AAfcLyfXhCbQPtmTvWkcsl9IEv9DitJAAVXVEzugus_wHVDz&ectx=1&miniapp=supermarket
"Профитроли ""Крем-карамель"" без глютена, 130 г, FOODCODE",209 ₽,61 отзыв,null,https://www.ozon.ru/product/profitroli-krem-karamel-bez-glyutena-130-g-foodcode-235462638/?asb=VtOr%252FTDGg0KwFKZsjts2e3ngantIHx5zR88j%252FmEiabk%253D&asb2=r1ubgJJtgDYv6mYmhJ2wB0dNHvX13xBz0OHOpMDBl83U1k90noTUnSzQwJynk2J7&ectx=1&miniapp=supermarket
"Мороженое Bounty, 272 г",519 ₽,119 отзывов,null,https://www.ozon.ru/product/morozhenoe-bounty-272-g-275252387/?asb=CtEhTdMsLt1ib2vS%252B%252BUA9jHNBlDKbUYXjNG871KCz30%253D&asb2=SpAAMKgDLpJ8EDLiOiF4kqA9hEPRsg2fzUGoaIhpSSk1Y85QakuMvMjDVZZJEZOB&ectx=1&miniapp=supermarket
"Мороженое M&M's, 295 г",499 ₽,113 отзывов,null,https://www.ozon.ru/product/morozhenoe-m-m-s-295-g-275252386/?asb=RfBo2C6XElUD1mWNualhsASH8h5BK0N0eZyJBadAPnM%253D&asb2=gVYk16JeM8aZxLTDxYbr7xHjXXsICKhmPqNumPUdmEiDmhibSeK5ULaFluVgNNO-&ectx=1&miniapp=supermarket
"Мороженое Пломбир 48 Копеек, 210 г",145 ₽,48 отзывов,null,https://www.ozon.ru/product/morozhenoe-plombir-48-kopeek-210-g-360049756/?asb=%252BSFz5GyisH2tFi1GfrqrbMlSLeX9r9Bj2P%252Fjqt%252FI8yw%253D&asb2=S0-tX-suHW4TYlX79vUoqdkZlKzVVe2X65RfDiVeeo3wVTjnAYVecS4zCPnzO23s&ectx=1&miniapp=supermarket
"Протеиновое мороженое Ваниль O12, 70 г",212 ₽,64 отзыва,null,https://www.ozon.ru/product/morozhenoe-o12-vanil-proteinovoe-70-g-163539523/?asb=DTHmcJeHSeBtskVskv56E80xLv5lyQWD%252Bs7edW6SMUw%253D&asb2=1zBkqiGE7YFFvBuFuFQjbXHbnS2ggYgUngrb877F3HYsTXXL4C4uaT1hOAJ1iN-w&ectx=1&miniapp=supermarket
"Kit Kat Мороженое Шоколад с вафельными шариками, 480 мл",519 ₽,127 отзывов,null,https://www.ozon.ru/product/kit-kat-morozhenoe-shokolad-s-vafelnymi-sharikami-480-ml-143294226/?asb=DHgI%252BAbU%252BqObpX42jSIbuTurOVAApYty20tq4TY5190%253D&asb2=3L6aY15BtRMIJAkdtL0PfqVS4TQ9gGR5kUH-uGN6ZhKJb-dNKx26LzV7mQSdM2w0&ectx=1&miniapp=supermarket
"Сорбет Малина Farinari Gelato , 100 г",249 ₽,113 отзывов,null,https://www.ozon.ru/product/sorbet-malina-farinari-gelato-100-g-232908474/?asb=BhjgX5zdQQf3mjR1tnhUhUmh2W0MSNQwiTRplC3T4Fk%253D&asb2=xSV2o5w5tGQmgQlghD0UOCOrrDD-yCXREsYNE8ZovjUNUnONh7WBwXXsMl9CiDMR&ectx=1&miniapp=supermarket
"Веганское мороженое ""Фрикерс"" Friky, 250 г",460 ₽,110 отзывов,null,https://www.ozon.ru/product/veganskoe-morozhenoe-frikers-friky-250-g-302731747/?asb=nItx6RZ5PHQlYWitZZg7fnihOh71HPYROskUaHvmEow%253D&asb2=HDnEoQkOhKSe2Z_FfRzWNADTAcvmTvAnrVsflbN9lvxLbr6xlfFY1vTT1tIiwPsq&ectx=1&miniapp=supermarket
"Мороженое Изысканная горгонзола Amore, 300 мл",419 ₽,137 отзывов,null,https://www.ozon.ru/product/morozhenoe-amore-izyskannaya-gorgonzola-300-ml-166647045/?asb=r7CFIZNjFUaUBKmYY3KufbsqwPT96hVo3M29YeIEWWw%253D&asb2=VxA1BMo4K3ny_K5wekqB7GFcxYI1kHFebp-KWMD284GiQq2-JHTJmcSqKTcnKxNj&ectx=1&miniapp=supermarket
"Мороженое пломбир Трубочка Свитлогорье, 80 г",101 ₽,155 отзывов,null,https://www.ozon.ru/product/morozhenoe-plombir-trubochka-svitlogore-80-g-296759300/?asb=%252FsbQyH2W30aYtL8t7N71bK5iyTyrR3gipYrfN1e5hc8%253D&asb2=2L3QuaUNo3C_mDECCfIDKBwvbEN7wTCyCktmYS8FkPXQyLg4MEO2gaSaCYIRBOOr&ectx=1&miniapp=supermarket
"Мороженое Пломбир OZON fresh, 330 г",319 ₽,144 отзыва,null,https://www.ozon.ru/product/morozhenoe-plombir-ozon-fresh-330-g-311849557/?asb=v39MNKPEB4lAN4xVA5MsGDr%252FG7ffjehmNwKYmD3qiWI%253D&asb2=UfUdhi4BNqw5lrgtg7BZyH8VaM9qX_hEUAcyAenvPBa1X6nlqxql4nuZ61fVmEJ2&ectx=1&miniapp=supermarket
"Мороженое Клубничное отличное Baskin Robbins, 500 мл",399 ₽,147 отзывов,null,https://www.ozon.ru/product/baskin-robbins-morozhenoe-klubnichnoe-otlichnoe-500-ml-144775468/?asb=DBrcQOOyG8dqlh7pPXOic%252Bg%252Bjn4kI02VfvDa0faB1yA%253D&asb2=k9H3l1b-L2z1WTAIvBOdBOKhOEPxixmKnG8_0tgSqU9DIe-0fgEkaY-CGSn0xoAN&ectx=1&miniapp=supermarket
"Протеиновое мороженое Манго-Маракуйя O12, 70 г",199 ₽,56 отзывов,null,https://www.ozon.ru/product/morozhenoe-o12-mango-marakuyya-proteinovoe-70-g-163539526/?asb=pQPKK4SPRv3%252B9LH%252B9VXgJTHJyzEF6%252BB%252Be4TgXHUzgOc%253D&asb2=tVZfMnuNwhMiScbEhXb12LDPv6BW2NusMaOV6V01Vb3zGLmtrFhacuaFM42mCRzD&ectx=1&miniapp=supermarket
"Веганское мороженое ""Маскарпоне и карамель"" Friky, 250 г",460 ₽,110 отзывов,null,https://www.ozon.ru/product/veganskoe-morozhenoe-maskarpone-i-karamel-friky-250-g-409359330/?asb=appxfLFjXHN2j2nFHL1J3vVfGc4LE06maWvuhwqk%252BF5CEnip0urdkWqAkem8Y7DY&asb2=4oRms_wMmBPOvxF2vsaEFX7F-gltQcXmQPaZ8R25wOBygvZKqwZ9DShN5UmXJMcs2QD5DM8D4QCUea6FQvFytGijq7c-kedVkAmE2vsPQgIDjhVBtCw1qnrtsh3U_O2aLXSYjk5zrBOQ66D7uTHjTA&ectx=1&miniapp=supermarket
"Пончики Техас Stockson, замороженные, 280 г",389 ₽,4 отзыва,null,https://www.ozon.ru/product/ponchiki-tehas-stockson-zamorozhennye-280-g-419876102/?asb=fU9BnA5d8MU1lXtTOL5I%252BwGdZQZybc00mpNSL%252BJ3yvE%253D&asb2=2TWtyhNbLBop-wOH_gdvfzJsngVyGUuS8GxmuAFlQfz0nrNF3yoRSbulMAUJM_Sr&ectx=1&miniapp=supermarket
"Мороженое Страчателла с темным шоколадом Amore, 300 мл",418 ₽,91 отзыв,null,https://www.ozon.ru/product/morozhenoe-amore-strachatella-s-temnym-shokoladom-300-ml-166647043/?asb=dKtfTU%252BzMW0J54aFWC6vFbV%252FuyneqTM8XH1bOVCdBJ4%253D&asb2=bOPYtCATa3hurkpf08MtdU6vBnWO6VKm4vHMqnhlwIBp4wH6UaHk_ejFI4RPVmOj&ectx=1&miniapp=supermarket
"Пломбир ванильный Чистая Линия, дой-пак, 70 г",200 ₽,162 отзыва,null,https://www.ozon.ru/product/plombir-vanilnyy-chistaya-liniya-doy-pak-70-g-279591216/?asb=AJ4x1wUKB0bmHX%252BHUuswv4Yc6ot2z0Gtqnwj%252BJIRML8%253D&asb2=Woe-3o4bS9AC4Rbz8hhtcEoa2w1g_YwOnvv0He5rfaZ5wkTsOEaAyPg8v75KRdFA&ectx=1&miniapp=supermarket
"Эскимо Ванильное в темном шоколаде Б.Ю.Александров, 80 г",146 ₽,95 отзывов,null,https://www.ozon.ru/product/morozhenoe-b-yu-aleksandrov-plombir-eskimo-v-temnom-shokolade-s-vanilyu-80-g-164801150/?asb=Qp0HtaSBkAgV772jvtzn0Qwnk8wGn6JwPiSY%252BPoLe7Y%253D&asb2=8rKU7ibSNUzVmrsGJ7qYX30VnnF8IhJok2h-k6TnvymbHVpT3d2m3dhdV8SGzljC&ectx=1&miniapp=supermarket
"Мороженое Карамель с морской солью Amore, 300 мл",418 ₽,167 отзывов,null,https://www.ozon.ru/product/morozhenoe-amore-karamel-s-morskoy-solyu-molochnoe-300-ml-163534874/?asb=fQBmOhDLL%252Bzq9ZoK%252FQDglSD3h5L1NeLXPkxwdmI5SSo%253D&asb2=PWIvBpDHUVToOQDdpzXuG69fIE7JWqqj0_Ydol_YWHTKYyKwffD_8v8jwm6CFFqT&ectx=1&miniapp=supermarket
"Мороженое Ванильное Baskin Robbins, 1 л",693 ₽,97 отзывов,null,https://www.ozon.ru/product/baskin-robbins-morozhenoe-vanilnoe-1-l-144775459/?asb=t0j8OvZtvPowWi%252FuwF7cHk936QuSzl%252BlDd0KdtFi6AE%253D&asb2=eO0r4RDocNeWiyS4-SeIJqWp8pF7C3C7zNKvGOOxUs7AuvLuxVSxlrIx_UO5Ib-K&ectx=1&miniapp=supermarket
"Мороженое сливочное соленая карамель My Gelato, 90 г",197 ₽,30 отзывов,null,https://www.ozon.ru/product/morozhenoe-slivochnoe-solenaya-karamel-my-gelato-90-g-295150194/?asb=Z%252BfwoCvWl2crEtD7QjiERM%252Bi8m6QguZd%252FDZlijftaYE%253D&asb2=5PCd2PLX9ajc52CjUCUuIDd65KKvSaiFy61KZfJwYVQO1PZB8KYXEKQdF0PwbTmW&ectx=1&miniapp=supermarket
"Протеиновое мороженое Кокос O12, 70 г",204 ₽,78 отзывов,null,https://www.ozon.ru/product/morozhenoe-o12-kokos-proteinovoe-70-g-163539529/?asb=kDM%252FoSygNh%252F4%252F3ZoBUyMjP2B1bwI603kbjDZsgp625I%253D&asb2=yTZbbKYBbhjjwBkrLe11C7UGcJavkaynCcDB0oPG4iACR0a83Dho2_4yhKQa1PGz&ectx=1&miniapp=supermarket
"Пончики Кола Stockson, замороженные, 280 г",389 ₽,2 отзыва,null,https://www.ozon.ru/product/ponchiki-kola-stockson-zamorozhennye-280-g-419876688/?asb=Il4DfM%252FidbiLSxymIadKjkImZ8ShcjoW1gyt0skXhds%253D&asb2=y9vd_5DWWsNIfau9yUQgG54VZUiMAdjYsnQmluEIpm31PYfIB53sHMppW6TYVnwm&ectx=1&miniapp=supermarket
"Набор эклеров, 385 г, 5 шт, от Шеф-кондитера Ozon fresh",750 ₽,93 отзыва,null,https://www.ozon.ru/product/nabor-eklerov-385-g-5-sht-ot-shef-konditera-ozon-fresh-261379248/?asb=X79G2IzvN1DtpiEkxQEdKzm2enYu9TYOu8PnxMAaOBc%253D&asb2=MbiE7y9Wcx3FeGDaYQ_d2ODYk25wUYjUYwFohIBhkrjdY0eLNEgHtNwryyZ6mPfu&ectx=1&miniapp=supermarket
"Мороженое с кусочками печенья Oreo, 263 г",412 ₽,195 отзывов,null,https://www.ozon.ru/product/morozhenoe-s-kusochkami-pechenya-oreo-263-g-219530426/?asb=h89vlPRjU%252F4rKiFcAIyHN2y5W1vHebD5Eh%252FUB7esW4Q%253D&asb2=zs9h9ZWQU8-pfRYuFjGMk-Fx8TIE2RTGpCHFuYhqUNQigDKpFaD0wx_yfcYLR90n&ectx=1&miniapp=supermarket
"Веганское мороженое ""Шоколадный фадж"", Friky, 250 г",460 ₽,110 отзывов,null,https://www.ozon.ru/product/veganskoe-morozhenoe-shokoladnyy-fadzh-friky-250-g-306563658/?asb=yaqX43ScO%252BWK7I%252BN%252FRU7UqOnfa%252B2ygSJKMPOOoyED30iUJmRV%252FL8Kg3ksfpUg05k&asb2=ydOHAalkQCh-OLgfBDdWX--17IrEeyXab_A6Cfp-miE4Ns0rY_c2YNnwXD38R4oSjWWlNh_LUaYWMdwK6zyLoE6tqovyXNEh-7N_RqS4S3GWb0nxUHzi5jm_RbFYLEDNtRFTunISk7hnYTWQ8Ybv0A&ectx=1&miniapp=supermarket
"Мороженое Mars, сливочное, с карамелью и глазурью, 300 г",565 ₽,128 отзывов,null,https://www.ozon.ru/product/morozhenoe-mars-slivochnoe-s-karamelyu-i-glazuryu-300-g-198902838/?asb=94tIsVkfjxa0Wv4HSMD3q%252BxImPuPsE6Azm25vZchTtY%253D&asb2=kMw_uKRux5bRiSMIoM-Hof9f7dUGtsnTJORpe-Pr-d5-8v6VqyPBeqog4QERNs-N&ectx=1&miniapp=supermarket
"Дегустационный сет мини-тортов ""Медовики и Шоколад"", 813 гр, от Шеф-кондитера Ozon fresh",890 ₽,8 отзывов,null,https://www.ozon.ru/product/degustatsionnyy-set-mini-tortov-medoviki-i-shokolad-813-gr-ot-shef-konditera-ozon-fresh-508844423/?asb=5nrcyvsarkmtFEYbCu2hzvJSCp2u%252F5Y16blVe%252Fnxceg%253D&asb2=SPY0R14euMpRg4fFYa4C6EHAENddiESKCA6hpk3E8ZbSQVVTnEKJmQViW6-oF8HD&ectx=1&miniapp=supermarket
"Мороженое Вишня Амарена с шоколадом Amore, 300 мл",439 ₽,83 отзыва,null,https://www.ozon.ru/product/morozhenoe-amore-vishnya-amarena-s-shokoladom-300-ml-166647049/?asb=JM9MyzKg%252B8vdeSbwIWJYTlGT4odmzhv1PU8aDS%252FVvvY%253D&asb2=x3Z1uj9eEnSFzMBx0sAQPJYDRCHEM60AH_0XPF5aReFqkJmhEfPZzgnGNxullGVa&ectx=1&miniapp=supermarket
"Торт-мусс Шоколадный Daim Almondy, замороженный, 400 г",788 ₽,121 отзыв,null,https://www.ozon.ru/product/tort-muss-almondy-daim-mindalnyy-bez-glyutena-400-g-166864493/?asb=4G35Rqg%252FhkkoHGVj64KxzxAZGtc5G1lCqrKowMLOwUo%253D&asb2=A_7Cp9TjZTPrt4LJSXMbc9kOoByfpi2ErY3PVwbgnuGsOjdLyFAtxG78thMo5j-t&ectx=1&miniapp=supermarket
"Мороженое Пломбир в вафельном стаканчике с натуральной малиной 48 Копеек, 90 г",99 ₽,23 отзыва,null,https://www.ozon.ru/product/morozhenoe-plombir-v-vafelnom-stakanchike-s-naturalnoy-malinoy-48-kopeek-90-g-360049723/?asb=T1%252Ffd5iaWtpdQOVkL6LGlgeTGaZLe8aFeXIFPHcRSR8%253D&asb2=Hh0SKvJl2OeemazqNXECSazcwWYtUuG5j3zqKcrXb6nqLq25Npf9Bg9dl1-8f_8q&ectx=1&miniapp=supermarket
"Набор эклеров ""Сакура"", 500 г, 5 шт, от Елены Гнут",850 ₽,12 отзывов,null,https://www.ozon.ru/product/nabor-eklerov-sakura-500-g-5-sht-ot-eleny-gnut-508844426/?asb=h1e3QXnQxKSWGyiJEE1ywyqr9q43CwRvrxg05T972Qg%253D&asb2=d5lGB8iVT79-muDNuWYGYv7CbY1BNcsOBw3C46bmmMDrOFVT6sBInVepBddrVzDB&ectx=1&miniapp=supermarket
"Мороженое Йогурт натуральный Tonitto, 275 г",649 ₽,32 отзыва,null,https://www.ozon.ru/product/morozhenoe-yogurt-naturalnyy-tonitto-275-g-181308299/?asb=g28obU25oe5rDMJa12YlEG1DLg21gMaOftrq4287tGk%253D&asb2=vJiI0-qG1hxP5cR22Gp3mwHLHlvGp5VaunA3GOQGNldMHXce5EK2SRyC_oPgWo5w&ectx=1&miniapp=supermarket
"Мороженое Пломбир с натуральной малиной 48 Копеек, 221 г",249 ₽,62 отзыва,null,https://www.ozon.ru/product/morozhenoe-plombir-s-naturalnoy-malinoy-48-kopeek-221-g-360049740/?asb=LLGPHSlOBZRWoUkbNU26Zm3%252BBXKANJb%252BCrVdr7XRN88%253D&asb2=H22JZxkmCXvIKXbUIX0jxxs3NeZJohG_KJEy1o2Hj9uHhs7QREjSx5Pk2hhXPZYp&ectx=1&miniapp=supermarket
"Сорбет Лимон Tonitto, 310 г",599 ₽,63 отзыва,null,https://www.ozon.ru/product/morozhenoe-tonitto-sorbet-limon-310-g-166413424/?asb=EoraZREr7qVfx1FyIIkc%252BEyOl9IwL622Z%252FpaDaba8%252BY%253D&asb2=iq7AIR_8d4Q_GztB6irC4ME7LzT_geswbWx0cCmeo6CPXbXfFFNiXMOExVvPG72n&ectx=1&miniapp=supermarket
"Сорбет Лайм-Лимон Movenpick, 480 мл",799 ₽,123 отзыва,null,https://www.ozon.ru/product/sorbet-laym-limon-movenpick-480-ml-265500049/?asb=oM%252FUFwHhuZF7Pz2lNz7EoafSWett%252FROr1SciinwadYs%253D&asb2=JNUJIaAqLTKOfeGqPOYXQwmUWm6k_oHnioPafPuuQ1oTMCF_M4Ne3n-IRy5tahiv&ectx=1&miniapp=supermarket
"Пирожное FOODCODE Эклер с начинкой Манго-маракуйя, без глютена, 3 шт по 45 г",420 ₽,19 отзывов,null,https://www.ozon.ru/product/pirozhnoe-foodcode-ekler-s-nachinkoy-mango-marakuyya-bez-glyutena-3-sht-po-45-g-427310622/?asb=8knkz0j54Am206SByIByJLfhdan8pD0c2MFu%252BBhfUdk%253D&asb2=3CbjQxnHHGWw0f-e0rhNNwtb7YYj-Lv4rkfnHesUUmrZ6kVZYrv_0qTuGO46v_rL&ectx=1&miniapp=supermarket
"Пончики Кукис Stockson, замороженные, 300 г",369 ₽,4 отзыва,null,https://www.ozon.ru/product/ponchiki-kukis-stockson-zamorozhennye-300-g-419874157/?asb=FlZC41qJnPeTqcDEF%252FvyiLPTaB1RekCwrXhIHqgXsvg%253D&asb2=dFLqTjJ9C33Q8UPeB4MbmtgQq0T5vEVJ1LP4Vt8cj8Zvl4EQlcXfM9e6rID01HsQ&ectx=1&miniapp=supermarket
"Сорбет манго-имбирь My Gelato, 65 г",189 ₽,10 отзывов,null,https://www.ozon.ru/product/sorbet-mango-imbir-my-gelato-65-g-295150189/?asb=F0uEO4yaRg0yv%252BW30opBohh98TnRVz9mHSPc9kSors0%253D&asb2=AZauUoteGFoCh871UqOKIrxhju4iEi6ZylMq8Z9CGTmZqUp-yMTFJjjOK99bkI7p&ectx=1&miniapp=supermarket
"Мороженое Кокос Шоколад Movenpick, 480 мл",599 ₽,176 отзывов,null,https://www.ozon.ru/product/morozhenoe-kokos-shokolad-movenpick-480-ml-277965393/?asb=Eauqj802VdUtnKJSUzmtORk%252F0VjtUjcDQKxsgfQ4CbQ%253D&asb2=HyZtLYw-6-IF0Zgtg54-QEbjJ97cCTsBK2-_k-jCoAGYMq5s-HvgglAkiWRkSxIj&ectx=1&miniapp=supermarket
"Мороженое шоколадно-вишневый торт Movenpick, 480 мл",799 ₽,111 отзывов,null,https://www.ozon.ru/product/morozhenoe-shokoladno-vishnevyy-tort-movenpick-480-ml-277958377/?asb=kUTiq7F%252Fsd3UDmNUAdKpt9Ra1YskXx7%252BumEtpLK%252FQTI%253D&asb2=KC5O1B_1zW2ETHYIiAoRf13ukw85Eqdqs1kPPTLB_XNriJ0wXPhwrtd7mD7Rk_l2&ectx=1&miniapp=supermarket
"Веганское мороженое ""Клубничный чизкейк"" Friky",460 ₽,110 отзывов,null,https://www.ozon.ru/product/veganskoe-morozhenoe-klubnichnyy-chizkeyk-friky-302593551/?asb=yAyTi2eSlvYbUhmJVPZnR9c%252BtzmeyKTl8fjhicTK%252Bjpdin%252Bd6PivOwub0mFjQ9pK&asb2=EnLnSjWA0MLaGzrPwJsM7LgCCtEEhXUclP-O4zDpeE5ibe3K9-nNv1jRaKpCZcKRcqhFzlOkn17trM95dlr-3_fdQ4_eYsPo6hnJP2tY1I0IZsBL_06nuwTBg_2QHvEmVhrUcCAonMgJpQp4102wGg&ectx=1&miniapp=supermarket
"Набор эклеров ""Манго-маракуйя"", 3 шт по 45 г, FOODCODE",449 ₽,34 отзыва,null,https://www.ozon.ru/product/nabor-eklerov-mango-marakuyya-3-sht-po-45-g-foodcode-235462624/?asb=iabYGG4Z%252Fh3b8TNCYN6xdDIp%252FWO2QGYP1WSPdmTTTnU%253D&asb2=qEb1ktMAc_dH9_kq9uuZlpOFj8hOBoxVskb_vA1EDskKsoACseTo3HBCme4oAqSE&ectx=1&miniapp=supermarket
"Мороженое Пиньята бабл-гам Ice Gravity Чистая линия, 270 г",799 ₽,6 отзывов,null,https://www.ozon.ru/product/morozhenoe-pinyata-babl-gam-ice-gravity-chistaya-liniya-270-g-496034751/?asb=uy4hv661RcR6IS7Cbe%252FNMzGwK5jgIA4BgtnC0ToZ5Qk%253D&asb2=6QViVezE3snDYye4zz4Ypn-tyQ2DsSvZVBh0t4oMq1qjffZohjEd6HUi6Q1gP_cX&ectx=1&miniapp=supermarket
"Мороженое молочное французский шоколад My Gelato, 90 г",222 ₽,12 отзывов,null,https://www.ozon.ru/product/morozhenoe-molochnoe-frantsuzskiy-shokolad-my-gelato-90-g-295150199/?asb=LnEir7BxDDXCoAtNijioRI2nZh1qpyrocvZhm6wAuic%253D&asb2=LpgUzdsrk0aRvLwmQZvnQFjK_nb45mYlWb7sdNX6GsoINxHNd_jbRUoADeatLm_E&ectx=1&miniapp=supermarket
"Мороженое Ванильное Movenpick, 480 мл",799 ₽,113 отзывов,null,https://www.ozon.ru/product/morozhenoe-vanilnoe-movenpick-480-ml-265500067/?asb=HLRSepUENEXbcTtNSuAgIYCioPnEvuwW3InGys%252F%252BgiU%253D&asb2=Tqarfh7Jj1obyLn4lbep7RxwvZAQUyA6w3FQOUNbe9LUn3YIvruE8K1fHm42CaKm&ectx=1&miniapp=supermarket
"Набор пирожных макарон Mon Bon ""Для романтического свидания""",1 000 ₽,24 отзыва,null,https://www.ozon.ru/product/nabor-pirozhnyh-makaron-mon-bon-dlya-romanticheskogo-svidaniya-298003692/?asb=q7okrVrp7Kd%252BnTqPXMnnRkiBq0FvnrW4m57YQ6J5Djo%253D&asb2=FDW0eu0wjSlo_2Tv5DoSAu8B2MQuhCa-mAWwRcnvuo1f6a0XLoB9nA6_KVdygc3t&ectx=1&miniapp=supermarket
"Мороженое Movenpic Клубничное, 480 мл",799 ₽,79 отзывов,null,https://www.ozon.ru/product/morozhenoe-movenpic-klubnichnoe-480-ml-265500079/?asb=jke3Mvwawe%252FiN8mywn3%252BdGK0BBWOCT%252BLK9h6F%252Fiipx4%253D&asb2=knWW__XEX9CHUPId5QC_6SLHoMA2wOWRUtN5hCY3_sa5RXzCJqGvkFdF0_J0fgYF&ectx=1&miniapp=supermarket
"Мороженое Шоколадная Прага 48 Копеек, 432 г",465 ₽,14 отзывов,null,https://www.ozon.ru/product/morozhenoe-shokoladnaya-praga-48-kopeek-432-g-360049699/?asb=yG%252FpqJ08WzJnbTNgiQuicmW97Mhh398ybOtU3yavby8%253D&asb2=rVumXAL4DHFIhqbp7-LJlgCORl0n-bYCwid9lXjHD1Ktwtx5sNS1kVMSLbl7G22l&ectx=1&miniapp=supermarket
"Сорбет Манго Movenpick, 480 мл",665 ₽,143 отзыва,null,https://www.ozon.ru/product/sorbet-mango-movenpick-480-ml-265500038/?asb=hCnO4MoplcciJtHsFITxSyXcv105JyCTYwiYcDJ2U%252FA%253D&asb2=RFZuiva24JKSjxMQjWPSLfcmO49XKc03135oYYvjeiz7IxDLR-t6CmnnRD8s3kss&ectx=1&miniapp=supermarket
"Мороженое Чизкейк Черничный Movenpick, 480 мл",799 ₽,135 отзывов,null,https://www.ozon.ru/product/morozhenoe-chizkeyk-chernichnyy-movenpick-480-ml-277958390/?asb=QmKgAu6HbmzbpNBilzQ5FILa0HITwFRZFRQVF46OaeU%253D&asb2=ZvjUrNtaNPCpveMFaOUvuZncOQxVI9aB-7gWvINDDBwsvawua6GsEf6keJVBCgNT&ectx=1&miniapp=supermarket
"Мороженое Тирамису Movenpick, 480 мл",799 ₽,192 отзыва,null,https://www.ozon.ru/product/morozhenoe-tiramisu-movenpick-480-ml-265500055/?asb=247jCbgGWgtfPpKsQVvzDJXJzfMYL31K7Dm43eMw%252FxU%253D&asb2=R0cDZxmTiEN9yyUMp8Xkyk-6G3pEKOn8Sf2U4GiWEUEPa-y1MPVEgmipwArzBQOe&ectx=1&miniapp=supermarket
"Мороженое Десерт Анны Павловой Ice Gravity Чистая линия, 270 г",799 ₽,3 отзыва,null,https://www.ozon.ru/product/morozhenoe-desert-anny-pavlovoy-ice-gravity-chistaya-liniya-270-g-496034507/?asb=XnLyUZ5N4SeCJVWWyXVyJtHnz%252FMoA5XVrWh%252FmUd7Xr0%253D&asb2=zFkhEaCBYau-2wISg45P-Jw5evUlh38u-3PTMdGXKR_l12cQTGiSFplL-I3zvbSg&ectx=1&miniapp=supermarket
"Набор пирожных макарон Mon Bon ""С Днем Рождения!""",990 ₽,22 отзыва,null,https://www.ozon.ru/product/nabor-pirozhnyh-makaron-mon-bon-s-dnem-rozhdeniya-298003648/?asb=NT3Ujtun7WDbkj9pwYVOZxtV2%252F8plUXPcR3Y2jRpEKY%253D&asb2=fMmwwSBW2-_Uau2uYuU6in_nytxPTCpRU6PAnZUnnBg3pEA_7QrjoWn9YDcXdLwR&ectx=1&miniapp=supermarket
"Пирожное замороженное Карамельное Leberge, 340 г (2 шт.)",499 ₽,18 отзывов,null,https://www.ozon.ru/product/pirozhnoe-zamorozhennoe-karamelnoe-leberge-340-g-2-sht-387387963/?asb=YN2tvylylernwGbN5vafuyqe4pDPKdc2WYg0TPOjmG0%253D&asb2=ZeMMAi3JlYwrZWcWgi6b5uI_E6PyFqLcWyEROsjquHWtuYdBFsNjE8RPX0kfzJpS&ectx=1&miniapp=supermarket
"Мороженое Кокосовый краш Ice Gravity Чистая линия, 270 г",759 ₽,1 отзыв,null,https://www.ozon.ru/product/morozhenoe-kokosovyy-krash-ice-gravity-chistaya-liniya-270-g-496034781/?asb=n63BqXee7txPLBaEREyYAyJbyoxueqaFo5T5j%252F%252FfYRk%253D&asb2=uWcTotpjpDXW5W4ow3AczK4sjWlwYcsBCW87X5BcqTBKoQepXl6qL3whwnyRTOsf&ectx=1&miniapp=supermarket
"Эскимо сливочное сицилийская фисташка с вишней в шоколадной глазури My Gelato, 72 г",229 ₽,2 отзыва,null,https://www.ozon.ru/product/eskimo-slivochnoe-sitsiliyskaya-fistashka-s-vishney-v-shokoladnoy-glazuri-my-gelato-72-g-295150236/?asb=tPLsuv7hcgI8gDhtI1nvuviclO1bvk9OfhDb9KrTaic%253D&asb2=-Qjk17ST42GBtJ8hxQxu48rVG6bu83cqJ9vnv7sWY9u9Fc1RSJm3MFk8ax7QbPYR&ectx=1&miniapp=supermarket
"Набор пирожных макарон Mon Bon ""Бестселлеры""",425 ₽,22 отзыва,null,https://www.ozon.ru/product/nabor-pirozhnyh-makaron-mon-bon-bestsellery-298593471/?asb=vCjAQ%252BMA5KGL%252FDC9EAAtbo4ZdH%252F7m2IC6Zp5ITLUiCc%253D&asb2=9FLH5wQD3Dv2RQDY8499P_Szs5JYKePNliNP8FHEq9-nKJrv4v44SdCXQ3N8FE-K&ectx=1&miniapp=supermarket
"Набор эклеров ""Весенние"", 450 г, 5 шт, от Елены Гнут",850 ₽,6 отзывов,null,https://www.ozon.ru/product/nabor-eklerov-vesennie-450-g-5-sht-ot-eleny-gnut-508844431/?asb=%252FRxHQKju3atSJnqTIzZ5ROpNXdDENotCrL8zbkdLlps%253D&asb2=WL22koOefKPFy67lsYgRu12TE36Asngt_T0HAI-PHAUfNya7Z7dJuuHaZv4pXfup&ectx=1&miniapp=supermarket
"Мороженое Sammontana Арлекино Италия, 350 г",996 ₽,13 отзывов,null,https://www.ozon.ru/product/morozhenoe-sammontana-arlekino-italiya-350-g-269295000/?asb=dXvvuL%252B3fFtSZ1lxisqpoaadz5EOUmEcwSH%252Fyts%252F9fc%253D&asb2=hLzk5q-Aarzoowu9fgG7CEKab1dya6qOSIhKFeR3wjmOjV6fBY5KaPBRbuu07-Sh&ectx=1&miniapp=supermarket
"Мороженое фисташковое с миндалем Baskin Robbins VEGAN, 300 г",896 ₽,46 отзывов,null,https://www.ozon.ru/product/morozhenoe-fistashkovoe-s-mindalem-baskin-robbins-vegan-300-g-247201922/?asb=jMi1jZOfVahPkHotxpI2X8Hr7%252Bk5zAhmX9OsxzKhD98%253D&asb2=VYo0I7Kl1H79YycTZWjMDI6ad3hg8Tn3wQrVSe1Wyq44HhMQ3UUduNL8503Zz718&ectx=1&miniapp=supermarket
"Мороженое Пралине Ice Gravity Чистая линия, 270 г",799 ₽,2 отзыва,null,https://www.ozon.ru/product/morozhenoe-praline-ice-gravity-chistaya-liniya-270-g-496034737/?asb=6MTKVZYSuy4lojde6ip4FJE7Hx8OV5ycMpqlGuoPfhg%253D&asb2=uK1UKykzrIMoYGy9fTAAI1UZfc-jJpt3cQ6MC8NpXXoRYGSILuMz23KRjH4reFG4&ectx=1&miniapp=supermarket
Пончик Today Donut Вишня + Карамель + Банан (6 шт. по 50 гр.),417 ₽,4 отзыва,"8 мая доставит Ozon, продавец Мармелад Шоу",https://www.ozon.ru/product/ponchik-today-donut-vishnya-karamel-banan-6-sht-po-50-gr-258500955/?asb=ilVZUdCLzYOvpXah%252BnXF0jHW9FOSECXXPmu%252By34j5vY%253D&asb2=CVt-uLxxkSn0q-su5e8fPoYWqqlsZUsYxiXhBPMKYesjsT0WEYXa8iZIhhfOiaGA
"Сорбет маракуйя Baskin Robbins VEGAN, 300 г",896 ₽,25 отзывов,null,https://www.ozon.ru/product/sorbet-marakuyya-baskin-robbins-vegan-300-g-247201943/?asb=PXIbYE8n9jA7w31e2pMjxREhNGc0aiFNIU8Fe4tCsLY%253D&asb2=4G0fEr_2mGEmhbPXxAIXoo91w3PHJwOprDA35qeamS_mUZdYQyAQcPBcSHc2C8lP&ectx=1&miniapp=supermarket
"Пирожное замороженное Миндальное пирожное Leberge, 280 г (2 шт.)",413 ₽,9 отзывов,null,https://www.ozon.ru/product/pirozhnoe-zamorozhennoe-mindalnoe-pirozhnoe-leberge-280-g-2-sht-387387972/?asb=MdIJpV0bo4dY4sdl2bglUokQLyO%252Bg%252FK90cTW95XP978%253D&asb2=rTJj4Ze2-0oRhk6IxHvG9BA5w3ZQdwHZgSV0LtAka87H0nJNrg6OcIKgRUYWU3l2&ectx=1&miniapp=supermarket
