"Облепиховый чай ""DanTea"". Эко Чай из облепихи с апельсином! 100% Натуральный! Набор 6 шт.",360 ₽,106 отзывов,"9 мая доставит Ozon, продавец T-Market",https://www.ozon.ru/product/oblepihovyy-chay-dantea-eko-chay-iz-oblepihi-s-apelsinom-100-naturalnyy-nabor-6-sht-462536274/?advert=u8qPZ5AIvBr7dWLU7KBJTB7_gDcilUl6sRL3f4UPz6MTocfAPeRPPAWDC7uUHjtlZxziuGj2tBGXWKnC0cQAm8raonwNKajxGn5zY1R6LgXwPZU7M2BePa2dW2iw84RWaJlRsu5npZ8wQs2_Ut0hNFcoIfzuaDM3VVi8Yq-JbBlKvU5_3JQAb1x7LVpwkWn6q04a7cFzrnQ1VMmTwYCLnh6Cfhri65S6nqF5TqIy7WRRJ2buhJZXAf9DdAOu-s4FPqJHSGB_4LrisWZ9PWp66s-F4a5Q4_sptlFPpkope7GqklSu-SOSH_Ld6LCAHPCNL80GnRueP6CG9sAMmpxTIGzowDJNm5udLUt4S47Wo3_0GBuVlXYm96Mi-ptnUHDkR5Xm2FSezwmQMO6ONSafbfKV3fRX_mu1sEKTsO9IT1aJthePOwIJPlE3-Jlau0D5dKakv38ljIkdiXaMnGcmDjkqArkKj1zb6ATxE_1aD_gb5lwF8uistUFSeFyQkVqeW5DGjWpNPMXWNo7yLxpO9xCAUH155CpwYOVvA6EgUoDeF8UrPdDOOsdoR_1Bekrt
"""Лист малины"", натуральный сушеный лист малины, 100г.",290 ₽,191 отзыв,"Завтра доставит Ozon, продавец Ваше Здоровье",https://www.ozon.ru/product/list-maliny-naturalnyy-sushenyy-list-maliny-100g-344694582/?asb=61qy6Qykrbrmf4%252Bp8H%252FIBQEkLMV0mF936gt9y8YR1ntIxghycEi%252BLjTxbnpaNiV2&asb2=si-6IqVOCaB_en4Uikq-egbZ6Tmgy1pS_WNDeqWOUgW03502cC3q5qnB-_5PZwj-MTmDCEl_VlSayvlpLT5kE2tzKcb9VooZ5xLXAVtiyHc0F7F1GP99NAn9pjNsRqMLh17Z7wlimiGQ-i3yxiwsfw
"Псково-Печерский Монастырский чёрный чай Лесная полянка, 100г (подарочный, с рябиной и земляникой)",199 ₽,34 отзыва,"Завтра доставит Ozon, продавец ""Монастырская трапеза""",https://www.ozon.ru/product/pskovo-pecherskiy-monastyrskiy-chernyy-chay-lesnaya-polyanka-100g-podarochnyy-s-ryabinoy-259106801/?asb=k35m%252Bxz3x7X76EL2eWooyQH16%252F9bpXYBq0I2IPltS%252FWpC62lixt4TAtB8vgv6%252F%252F4&asb2=EWP6H9taGfBUwFh3KZLpY-ebu_4hrugP1NY7arBp4hDyDbEzpbbpQ-0JKjuF6MSd1MhFCiDqBpcUDwzr66nc1eBDMNYLA1oGj3qto4oAuVDlT13CY5QEt_VhZRUqlOI4sarZMh42c5hv1PfI9YNhlA
"Детокс сок. Для очищения и укрепления организма. Фитококтейль минералов и витаминов с соком папайи. Комплекс для похудения. Антипаразитарный курс. Для печени, желчегонный",990 ₽,137 отзывов,"Завтра доставит Ozon, продавец MEHRIGIYO",https://www.ozon.ru/product/detoks-sok-dlya-ochishcheniya-i-ukrepleniya-organizma-fitokokteyl-mineralov-i-vitaminov-s-344333016/?asb=oz9nHI8BHKB%252FNzrhq33qFd7BBZxJJGjeGFoaKt5V%252B1CRR7mLhn9nzURsbcBXfXrr&asb2=dl0-fB6spG3hj88qNzroy__1pnDkoFPROTKQgdB9pK9aM7cn6mwUYl_Gd965nxmMI2ROV0JNrcMjUExlF-jh9AtrPcXC0nyuKLoL1-kYYwORypGs_OHZovjIIomEGlOd9JJmrfbqzHd4K_l-6HMFFg
"Сок яблочный прямого отжима без сахара, Кубана (Kubana). 0,2 литра / 27 штук.",693 ₽,145 отзывов,"Завтра доставит Ozon, продавец Экологичный продукт",https://www.ozon.ru/product/sok-yablochnyy-pryamogo-otzhima-bez-sahara-kubana-kubana-0-2-litra-27-shtuk-366315768/?asb=DXu59HOj3Y4RL92LPLG%252F8KidHlVg7%252FMCZzCtd9WQ%252BF6mJInRK%252F%252FZi7W5llIVMQdO&asb2=IzcstMW29HUjtMqvXfEOScxBRIXrznUys7tKjSeq_qOu2tOdWu-vex-nX4GEG8kMtDtkx-QWqGEBr3h_t20wWG5NPfgVNTw1usyk88H0IJdpw386s88m47hkQVEfnwXZ3qA8nQzF78IdIlL8jA6JuQ
"Sidia / Масала чай с пряностями / TEA MASALA, 100 гр",349 ₽,18 отзывов,"Завтра доставит Ozon, продавец Sidia",https://www.ozon.ru/product/sidia-masala-chay-s-pryanostyami-tea-masala-100-gr-269241465/?advert=UmoRlVSeS0YKVNVuy8HU8Olian6ovpEyyDPEjSIgaP3b7c5okHZRl3ELAa24rCdmpT87PZcdcEagEowBXKNqTzr3TosduBEgfYvgI9SkNPbElvos4Tu_Yonq8LTOVzlsrbBjYYgM5TP5N8aBX0XO2Zsm1awX4PnnF95sEjhXEuZ1KIgy1rR1e14DcRHXwZGEWLCmf0LlYp-iKYYPr5sOnVjZ10LPe2ilhvX7IaM97p8GbohEP0IEVSgbHngrAXeS--PpGitaHitDHNBfj9BFq2W6T06TJfqA2FD0giSiZ_HVbaw35kOkjLd7l9YPv49F6wWSvgml3XpHiU0xLJvzanZBY76V5VE9mXyyyUM_dNftIQZYdvC8oWKBkdyX9uUnBoVmyLEX8ky7HYLsrJ3OjAYuBslFtnr1Uu1JRa2cpo-sm-VNnlNUlnYHwuk9G_EDmjPSCXF2b8ew2X5q8GwTe7oL7kVmCjkApAP3tDBOB6993IPboskCHJLsPmlTInoUz3RAauT3GxSpKsslnQkQyT6fihssppgnY0bhO9b-zJMrMfWs-SKWRzP18G8Sy1Wq
"Улун черничный , Листовой чай,Настоящий Китайский зеленый чай высшего качества, фруктовый, с фруктами, черника), 100 грамм, Подарочный Успокаивающий",289 ₽,16 отзывов,"Завтра доставит Ozon, продавец TeaffaeT",https://www.ozon.ru/product/ulun-chernichnyy-listovoy-chay-nastoyashchiy-kitayskiy-zelenyy-chay-vysshego-kachestva-fruktovyy-s-515415053/?asb=YbaWZHQIduPF8lDrq3l%252Fbo%252FwhiQ1W4olsp7LisBPQKg%253D&asb2=zIMsiFSY79IyXtNwke6DnWckXAWF_ikZRg5zTVykh5bWCPhGjC6nWzMYgEKku7d4Kpih3dCOTOHDyJqmRClvSRyJ2JthVEYx07YlcCb3OMfOFzP9WPxV7IsNE0qdNjhq
"Чай листовой черный Первая Чайная Компания Мартиника, 100 г",149 ₽,13 отзывов,"Завтра доставит Ozon, продавец Ozon",https://www.ozon.ru/product/chay-listovoy-chernyy-pervaya-chaynaya-kompaniya-martinika-100-g-487419987/?asb=VC%252FTTDTmL2RfHoTUHKllxIm4mtS0AWiO%252FFrA9scK%252FhA%253D&asb2=f3i-Qwt95tBazB6Z8ZTWl0RTvXgeXPkimGR-VZHna4sXMtV9Z7E6NhJc8R1hp04J
"Чай Curtis ""Gold Edition"", ассорти крупный лист 80 г",394 ₽,55 отзывов,"Завтра доставит Ozon, продавец МАЙ ФУДС",https://www.ozon.ru/product/chay-curtis-gold-edition-assorti-krupnyy-list-80-g-309187904/?asb=Bv5NDhKXqhAsianPjp43lZO3WwO%252BL%252F%252BeOsw5EeZxIHs%253D&asb2=F1OkU_oxQ0SsSTMIC6MiTnPP8fCk01_K-xvHQqLlBwhRBTGLbdbsOS5hZMPnFe5O
"Сок яблочный прямого отжима без сахара, Кубана (Kubana). 1 литр / 12 штук.",988 ₽,68 отзывов,"Завтра доставит Ozon, продавец Экологичный продукт",https://www.ozon.ru/product/sok-yablochnyy-pryamogo-otzhima-bez-sahara-kubana-kubana-1-litr-12-shtuk-369461217/?asb=jLu5CHBkYjhrSCokqEn%252BOAQexKRS7NAnbhG5Wb0T4v4doouXG8bfC1dnh4ktxySJ&asb2=tHboFW11n3XXLsdJybCa5jVOYKcQaKUQ-yneg9vbJxtSwWe7vNYUf-W7znn0aHQczD38vG2vZdAQM0Tf4e-K6jXf5oOjenbfzEmdK4SO0Xoci8T8goARv7AZ7jTKERvX07fjZDiP65jCoRAll3i1yg
"Фруктовый Чай Манговый Улун 300гр с кусочками настоящего манго, Зеленый Китайский чай",553 ₽,2 отзыва,Послезавтра доставит продавец GranSabor,https://www.ozon.ru/product/fruktovyy-chay-mangovyy-ulun-300gr-s-kusochkami-nastoyashchego-mango-zelenyy-kitayskiy-chay-559696777/?advert=qDCtp9RRu3jbt0iCZM2aaUfBg-V6SuPwz4g4Hlxj3sGiKGZe4wf6yzZcyGg98c4x5Gp1Wekl_YvnVew1640O1xsHQ6rxotfcxlEG-5fnGWAsTYnAZ9CKwkyEGKmK7aA6-oORN9hsavTt6eCLxAXnzSDbzm3b3p9C5uzyxiLP3a9wPL3mx-S-cCmTVuXbGf1FETGEhKxk-aVka9k_kl4LQYn4Rea2TOnZ_ot3Mz6r3CnBydVPN4ztj8B7lTXR5qvHRuoeQTxt1E30f91ScXg2rl8mRzLLAQeBiLDToBqNM4TjDycM-KMOmCBaPxy-BBnM4ya0KiXL7I_jRE146HUgYsjCLucAuZR1GIPMZxa5IHpjf-i0wsfK43LkQjLgvHKEAq25hgViaIcUNzPJttF-IgCgDGjqS8S2ykXGYWMlx2mCIndZ8HECYctHDEUIM78sxICom11OHcxSLvmZl1l10QnrIzNe1g5ZFjdhSa8mUS7GHIgnDaxrWFZ0Rgnby80RFx7F7-J0h_dK5m9TjU4BZxLhzmd9ShhfMX0WUokGwbOr-ovlSd6iIcHv1AgAyqVY
"Китайский Фермерский чай Улун Да Хун Пао, Сильной Степени Обжарки, 50 г., Чай Черный Листовой Рассыпной ЧАЁК (Большой Красный Халат,Da Hong Pao,Dahongpao Oolong Tea, ДХП, Дахунпао Оолонг) Премиум,Высший Сорт, Расслабляющий Чайный Напиток Для Мужчин,Полезн",586 ₽,4 отзыва,"Завтра доставит Ozon, продавец ЧАЁК",https://www.ozon.ru/product/kitayskiy-fermerskiy-chay-ulun-da-hun-pao-silnoy-stepeni-obzharki-50-g-chay-chernyy-562807987/?asb=vvsSIigBTVvDwZLZxHPTFSYnwL97BxbVPCcrehG5h6c%253D&asb2=V-NekQw5IfLS1bQ1uq6AB1tJtF--kNQlNuU8sxzULiir0VIgZozELcFPpLJNFVQg
"Фиточай ""Успокаивающий"" детский, 20 фильтр-пакетиков",195 ₽,33 отзыва,"Завтра доставит Ozon, продавец Доминанта Сервис",https://www.ozon.ru/product/fitochay-uspokaivayushchiy-detskiy-20-filtr-paketikov-273187310/?asb=WzmlUeloGG6FDMg622vdMNXQ9rMpzK7c1kpsBrGqtZU%253D&asb2=Y6goo8oJMy_ArINgHvk0rfh6PRUmh3hcBNlOxvZeqZNaHe4oj_wAzlEUNiPmAkZb
"Каркаде чай Натуральный / Травяной крупнолистовой / Чай из суданской розы, гибискуса / Красный чай для похудения / Детокс / Чай-Вань, 200 гр",249 ₽,11 отзывов,"Завтра доставит Ozon, продавец Чай-Вань",https://www.ozon.ru/product/karkade-chay-naturalnyy-travyanoy-krupnolistovoy-chay-iz-sudanskoy-rozy-gibiskusa-krasnyy-chay-dlya-528478323/?asb=J%252FDOOvwlBRGvi0qQ8swLu%252BpCtGxH6i4FtZcJiyh%252FJTQ%253D&asb2=vNEE3e8bXHGV8EMmFykfdtKc1q6gJMpgcIzoRODFdzBSzBxSiekr52HoQUbLjeE1
Набор чая -Чай черный листовой Екатерина Великая / Чай Каркаде листовой Фруктовая мечта,399 ₽,16 отзывов,"Завтра доставит Ozon, продавец Семейные традиции",https://www.ozon.ru/product/nabor-chaya-chay-chernyy-listovoy-ekaterina-velikaya-chay-karkade-listovoy-fruktovaya-mechta-500201851/?asb=TsDmf6uLjWzJjgSmFTdSQ86p2yJLmfQcrOFGSTgSw4LSH60ldFuNNzW8en968ThL&asb2=UlsoEMNOdAXvl5Weqd2EBMCkWjmhb1rAq_cCMkgYXmkIxcsb0y8I-97qEhp1E5dgF7aI93_2CF1TboN_fCAorFZHvdx5ENWBFFDOmMRECnJYYbmqpUravukg6L2L1AFMBG3hpNO5SZeXEeC3IeI4Sg
"Гречишный чай Ку Цяо натуральный темны, Чай травяной для похудения, Татарская гречиха - 200 гр.",324 ₽,142 отзыва,"Завтра доставит Ozon, продавец Натуральные ореховые пасты и суперфуды",https://www.ozon.ru/product/grechishnyy-chay-ku-tsyao-naturalnyy-temny-chay-travyanoy-dlya-pohudeniya-tatarskaya-grechiha-200-gr-313906816/?advert=MlbZuefS5piXkCu-bQukY31z9o-PeEO9O3vfT37TgFczyOom_HLxDwIxNXlM3EZg2DW3_4_1Sp4BUBaCewtVK58ScH_S-DlBVFfkcMYDDD_1u-epbsvLaZRPXlkDYZDYlrazTnqTTp6jziV-31Wdm8iLVALNEFJpIm7Y-zLkx_2U0p3yMLl9yQqmQZS7-JSaic342iILcmmlNYSNinzcn7kaAh7MO30Pd-cLGBIQj-rvYMtFjJrRXxa45AsvnEBGIBOYjVUbJMqO7qreCgOoGkCfxa8BWoPTW0CAFmPtutn_b1glRs_l36ecENSD6V51Z4SBmZBSJLYVfTebRsQLIrHndCWijAxjuM86ciH5FLRZfXGnQ3bF9LuEGRPQzM4sMNzdm9neNbfL5ifKbod6kyhj5WP8zYUWxJovQgIKO78V3eKVd5S0E2IfxLQsdfXv7USB8IrUzSjTsJk-flwiUDr_hl_Y6jTW5wTxQzwgEKJPvrMgkWhcLgVgxzjmfbBcmKrKpqsZGY3XAq_KzkNeHJ6VK_bXRrvwWbo1fBGAsSe1j0VwujjOaMn5xYVFKLXT
"Чай листовой травяной Первая Чайная Компания Ройбуш Апельсин, 150 г",337 ₽,7 отзывов,"Завтра доставит Ozon, продавец Ozon",https://www.ozon.ru/product/chay-listovoy-travyanoy-pervaya-chaynaya-kompaniya-roybush-apelsin-150-g-487420153/?asb=%252Bj0yR0JIUxcTVEOnl2CoJ02tf%252FTCvsUpRdwPqTQ2L4k%253D&asb2=r12CwB2RGwvEdyO7BzfonR29dnT0hhbIug2BXsDqBwJdnl1G0o6cezY8sNMJSRI8
"Набор моментальных киселей-микс Айдиго, 20шт",315 ₽,1 отзыв,"Завтра доставит Ozon, продавец Айдиго",https://www.ozon.ru/product/nabor-momentalnyh-kiseley-miks-aydigo-20sht-365749173/?asb=xANpZ62kcHcFi04LvBEkGRTKk8ICbU%252BzAAr1jOQ1vXI%253D&asb2=iNRbi3ynxWz0RsitHu0zTQJXP3IBs5rZhSk9dANqDzpxVLK9gf-k5CSHdvnCQocC
"Чай листовой зеленый Первая Чайная Компания Манговый блюз, 100 г",192 ₽,10 отзывов,"Завтра доставит Ozon, продавец Ozon",https://www.ozon.ru/product/chay-listovoy-zelenyy-pervaya-chaynaya-kompaniya-mangovyy-blyuz-100-g-487420343/?asb=PFvJvA0C3guSztbn50zpM1iUZVs8ZfJc4Pscmk2QcqA%253D&asb2=ATw3a5XE_BA-LOOMRxjT3HOjnwFCO-eMgQmxBqQBZbu8jXwbQOdCKS_vCrwZoUm4
"Детский травяной чай ""Фитоежка"" ""При простуде"" ФармГрупп, ф/п по 1,5 г №20",139 ₽,58 отзывов,"Завтра доставит Ozon, продавец QiCosmetics",https://www.ozon.ru/product/detskiy-travyanoy-chay-fitoezhka-pri-prostude-farmgrupp-f-p-po-1-5-g-20-240242697/?asb=Ue1G64Pq5R74uO2yFtsOv9cq58G2vNbr0P%252FmS7hXvWg%253D&asb2=VIAi3eBTbrkJm5YjPmeeE3JNxX0fFbOdnlRhwFECTc6XdSxjhmGP23daFte66s2z
"Чай красный африканский ""Вишневый сад"" Ройбуш (Ройбос). Фруктовый чай без кофеина из Южной Африки 400гр.",568 ₽,57 отзывов,"Завтра доставит Ozon, продавец LIDER",https://www.ozon.ru/product/listovoy-chay-nastoyashchiy-chay-chay-krasnyy-chay-afrikanskiy-chay-roybush-vishnevyy-sad-roybos-172489008/?advert=byxnsPvRK5rHxG8Zp1PTRJF8yBTfKC6uXscPhzIJ2FzZ2b4yjzRIrR7I7B3vYgIxEDo-PqB6rArJIHqVKL_meA1ZKPKAnEUtJpNESWh9tOxM4RYy9aAoxsjxnV5y3k-i7ZamjaeKkMZzoozfZmEwn63__bPR1aXctpEoT_mjTmG7lOcadI9esnPWVFxiAQrAcJOSQotrsZ1LLeIejvc8-342STTVgNrWvX9qyqvLmGgiO0CgEeDrO2nlRFWHg2S79Jd800butgIqkcLndD74osUrsIgefeycD0vh_PmU1NQlyId4Azjbm1rbiJDdI-lkVOl6pRVfSc7k27N46NkbKKR5uko-N5W90FWWZ2tYMrALYLSA_-7nXi_hunsTB9EMyrp9rqc82-oaquMtncG7yWJ2MxrfdT2cdhJ_pjxLIC93zX_vNzxO6ZulHx0y_rm9a4hKIGj86hmRqlXDwN97y7VEDOJKqsRhEPB5HDThSYmeVZC5Cb8QcGK_VGhEmEsNpdRaWsbuMvt3GS61peAgtupjdQAPsCMAHpgs37u2J5ZY5zmex6DnxpSYfjlg0fLK
"Детский травяной чай ""Фитоежка"" ""Витаминный"" ФармГрупп, ф/п по 1,5 г №20",139 ₽,48 отзывов,"Завтра доставит Ozon, продавец QiCosmetics",https://www.ozon.ru/product/detskiy-travyanoy-chay-fitoezhka-vitaminnyy-farmgrupp-f-p-po-1-5-g-20-240205284/?asb=w%252BoPdogGNAPBpnKiOPf0i1JGfAbRBs16eKEzeAGRuAM%253D&asb2=85HEv60jcL0zlrkB3PAtqdTUtfL1J5TbMOer-OMbimyFf7H9Pyi6UP_TEkw4lqXN
"Ананасовый улун (китайский оолонг с ананасом, ароматный ананасовый чай, натуральный светлый улун китай), 100 грамм",287 ₽,21 отзыв,"Завтра доставит Ozon, продавец NUTARIA",https://www.ozon.ru/product/ananasovyy-ulun-kitayskiy-oolong-s-ananasom-aromatnyy-ananasovyy-chay-naturalnyy-svetlyy-ulun-kitay-428013791/?asb=d1r0F0%252BdO9hVCc%252BNr6E2wywqOGCzYE1d9sm7L4jPv7YkfYCWlbkdFUj2I%252Fjcduf2&asb2=asdzSIqg9dZnF9nvj7RMEl4RlF0STFPRIvFhpdG7iIgKVhya_dhEr6xZ_6qhPUx4CgjUJVxS2UfpSandipCrVT-xraU_n_Jo9_0D2sFfkHB3fXIQJihteAZIGEi-zSEl8_A3Wk52ZtDk9eMLIqe0xg
"Сретенский черный рассыпной листовой чай, 100 г. (премииум, подарочный, c рябиной и таволгой)",199 ₽,22 отзыва,"Завтра доставит Ozon, продавец ""Монастырская трапеза""",https://www.ozon.ru/product/sretenskiy-chernyy-rassypnoy-listovoy-chay-100-g-premiium-podarochnyy-c-ryabinoy-i-tavolgoy-259070327/?asb=ZSX5XZngm20c4gEbAUWfCPhRMNN3M8wX9ihlep03gqgXYpLe32%252FjaIhNje9oLqB2&asb2=mZCvRWBz3OR1IMIf8ilTIJth1HXvgUHlE3ObN8rEzU-LAIRKO4Tq9QimVAIoBlZgyFh7vJrA1oyzAevbYuwj1dc3mhrFv0NTpsvEgPAs5KoiuK9J5CEGUagRTzjpRbxvSmUXt1qONZtPcJm1aS-J_w
"Апельсиновый улун (китайский оолонг с апельсином, ароматный апельсиновый чай, светлый улун китай), 100 грамм",257 ₽,22 отзыва,"Завтра доставит Ozon, продавец NUTARIA",https://www.ozon.ru/product/apelsinovyy-ulun-kitayskiy-oolong-s-apelsinom-aromatnyy-apelsinovyy-chay-svetlyy-ulun-kitay-458035719/?asb=%252BgEfnuAH2YV%252BheawnMYtQCYt2ZnML133nUkL2oFos226GhBqYhnTtZY9LO1023fk&asb2=UJWV2AeqitAF4z0sGLUsArbRBIC5ek-AjSkveptFFlL5fexg7fy5Z9i0IrQq3zn7BKGWJ46tK4NFPObGDpwev6Idwck21yHjdGbdi5I3XyJG0G_pvWQPX_eR7TNtdQE9nLa3smydOjD5OSjE1pmdzg
"Чай Матча зеленый натуральный, маття японская премиум церемониальная - 50 г.",328 ₽,83 отзыва,"Завтра доставит Ozon, продавец Натуральные ореховые пасты и суперфуды",https://www.ozon.ru/product/chay-matcha-zelenyy-naturalnyy-mattya-yaponskaya-premium-tseremonialnaya-50-g-313783457/?advert=LqLy_aw5PFBdTC_g4DCul3YCBaVvBm9iE3nME3V4sbyrceq6xPMwb2RmCjEaMP9LR5CM9a-AV70QCV-rrem0SWmN3g7psF5Nq91ja9jIdCcDMVQCl4awnouoNnsVolWfJoz0adi4TL24RHWrku1nygQ5bz0awm36chcrWZbwCQPjTqz_uCxJAmMq2e9OtjDpiudNKI7G3KrSPgZYtVM4Xi4LXmfAHwfIpFPYV2nEAl1vwvyGElH0BI6cdjhR5vCPjs2WCW0U7oT7Y6aPAxQmPgMy06qaf_DtXEapDpyU3ihEggJ7KBU9ww0JxOhXzu7DjsflOxTXLMQIusp3wCE9mZIZFX1UMcn6XxWwOVoSnEvLXdvtNwt0m5jaG446lcmHEWwPBPlkQPmuoA2m1CS4bcl26pmdpXVGedNXdJJzerAde8-2PTtqYlDQ2YFJaR3333dBZH-e1l7X-hWvVXb4mg3e0B8Mtjkkpkyv7R8W_hpyl-LToIi8pNqyYBA7XuPtrQ_ib1cjhW2lgFmhaeTKceiLkvmSQBDJ9-w3II1V82pWn2Pk1JaBw9wwausikspd
"Чай детский травяной Фитоша № 4 Успокой-ка, 20 фильтр-пакетов по 1,5 г",170 ₽,84 отзыва,"Завтра доставит Ozon, продавец Алтайский кедр",https://www.ozon.ru/product/chay-detskiy-travyanoy-fitosha-4-uspokoy-ka-20-filtr-paketov-po-1-5-g-166974485/?asb=Zuhnll0Nyhz9mGMwCvnajnKeBJpPAHi6gmFmzw6XiZU%253D&asb2=o8Tf24OBrxAvOUGDfpw_OJOM4wew1Th11Likc4G-xs81eBgHuFSQ4g-UnHqo4GUW
"Чай листовой зеленый Первая Чайная Компания Дыхание гор, 100 г",159 ₽,4 отзыва,"Завтра доставит Ozon, продавец Ozon",https://www.ozon.ru/product/chay-listovoy-zelenyy-pervaya-chaynaya-kompaniya-dyhanie-gor-100-g-487419802/?asb=TUxmwb30u1k7IzFqmkWZef9qjHU%252BFwcF812BJ8ALrjg%253D&asb2=q7EPss3bxPIc7s6IgUgUCKpXCqaHYpPVpPdXu8RP5cPOupC7ukeOrBQo_zEqtI7_
"Голубая матча латте Суперфуд / Премиум синий чай анчан, лукума, нони др. суперфуды/ веган/ 100 гр.",590 ₽,110 отзывов,"Завтра доставит Ozon, продавец АТМАН",https://www.ozon.ru/product/golubaya-matcha-latte-superfud-premium-siniy-chay-anchan-lukuma-noni-dr-superfudy-vegan-100-gr-297984592/?asb=x2%252BquYa0jDtxMCLZk4bmfiT6cRwJoQ%252FlBEczNesRf6IakQ41LHVFtV79RduD22ui&asb2=vD_HP2oU0HJRBs9XsPnEbToQzmMMUCEzgTqK1gS4MdUvcuci3bA7WFrJVUdIQ5TQ_wK3chZLqyX7iMbIDYKwK_kgMy0x8p8N7rQlxzDAd24NaISg-ZLIDSK-f0UFZiTOHDab3Pd_w-KB0Wz-fJg2bw
"Китайский Фермерский белый чай Бай Му Дань 25 г. Листовой Рассыпной ЧАЁК ( Бай Мудань, Баймудань, Белый Пион), Полезный Расслабляющий Ароматный",590 ₽,7 отзывов,"Завтра доставит Ozon, продавец ЧАЁК",https://www.ozon.ru/product/kitayskiy-fermerskiy-belyy-chay-bay-mu-dan-25-g-listovoy-rassypnoy-chaek-bay-mudan-baymudan-belyy-562917407/?asb=AUDqBXWxYH73tXmRCvwWv6XtOJPHkf%252F6bEa0%252BgauB%252F8%253D&asb2=bZBmvJ9JW9v-dhoVsaSQENRqZ4sqI1ivreb2iHILMmvcC_UV-DzxRuVLH4Klq4N0
Настоящий зеленый высокогорный чай 95 Шах Масуд 200 г.,199 ₽,27 отзывов,"Завтра доставит Ozon, продавец Шах Масуд",https://www.ozon.ru/product/nastoyashchiy-zelenyy-vysokogornyy-chay-95-shah-masud-200-g-428186859/?advert=l5piurB94evlqIF8GBbqrMUAF_1cd4WJR4bAGmwcrNZ2wrrFN5wpo88lcDBmnRYMPt4Fa9hI4t6P-dvyvkr4IkQV2aINOSFA8PyEw3VprgMkDXyVHZZ7vkcV2-l83OaACxo4p6XrtdQr95diuRioGuEVbj_4exlrovQPmEQbojVZMNo7rJNLTOBFe972S9A3JqqbOWEqWYanAMGQ8cQGgpl5htnIZkRPxiJ1OP9SIhV5SJSh7cDlEowHe4braYqAJ4A37qRpXlWkF1uWVLfgyhSZkiEeVVfJYT51xuReYwGy8DhAQShKiU98ZRPamSlx7ZmkbVH3od4ljcscAkA7Clq872JjasZQsiX2C011Q8NsF8rx9Mn988NNpWIEZN7GqM8kYNH5p2tUWNw-YgInKUY9HGZ7VuzfonOafW9W2AEurKUhbwBZoHZ1ECqrbIQT8CM5rrQdto8Swh0tNTT4TY5bWHQ3-e0dBvjHfVeQt9W2l3U85IUnnSlcnBFLhBe4IWABlkK3I8yPo-gE1FLVspwHldQ9RmH58eUPZri85PztugNr03ZNfTPEZveR1T9_
"Калмыцкий чай ""Серп и молот"" в коробке (кирпичный плиточный зелёный чай 1800-1900 гр.)",880 ₽,174 отзыва,"Завтра доставит Ozon, продавец Кудрис",https://www.ozon.ru/product/kalmytskiy-chay-serp-i-molot-v-korobke-kirpichnyy-plitochnyy-zelenyy-chay-1800-1900-gr-180028919/?asb=lfhzXEayZsl1%252Fa3NPeDMBSDX6eZyiYfNKSw44pF2W4Y%253D&asb2=9Ye0xGldH9Id4KQO3LZFqB_Hl4UOj6glytTJcjLszVy0ISEV1Hwroy9XCgo3oZ38
"Чай листовой травяной Первая Чайная Компания Палм Бич, 170 г",233 ₽,1 отзыв,"Завтра доставит Ozon, продавец Ozon",https://www.ozon.ru/product/chay-listovoy-travyanoy-pervaya-chaynaya-kompaniya-palm-bich-170-g-487420144/?asb=Thc2vxPXVtEPBm7wHnHYUpwv7EwF4MKW94LmCdn4GrI%253D&asb2=l0lwAeVZP_5-yi9BV_qxxBsi-U8EHqiLqchQOqyRr3TksWM7Ris7gEYcozJp-h1A
"Чай листовой черный Первая Чайная Компания С чабрецом, 100 г",119 ₽,12 отзывов,"Завтра доставит Ozon, продавец Ozon",https://www.ozon.ru/product/chay-listovoy-chernyy-pervaya-chaynaya-kompaniya-s-chabretsom-100-g-487420068/?asb=6SPfG8%252FB7y7Z5DVs4ug%252FnyYKmgH3MfQtRkGHra%252FXRAg%253D&asb2=bx1ZLgOUbfHpq7i5BD8sJKbDKmPWDCfD5VMR9gyDprSSuoj4iQI9AEn4FbhVIrBW
Набор чая - Чай черный листовой Медовая дыня / Чай зеленый листовой Улыбка Гейши,384 ₽,16 отзывов,"Завтра доставит Ozon, продавец Семейные традиции",https://www.ozon.ru/product/nabor-chaya-chay-chernyy-listovoy-medovaya-dynya-chay-zelenyy-listovoy-ulybka-geyshi-500257861/?asb=kg5t9w3yqEKvcjwXKVCzR%252Bk%252F4qn0g6f4d3teR0tw1sIdlL8mOG9Vung8gdF0TLe2&asb2=7LZT8-VYh2o6tNabw6dxM2uLmQnBtV6Ou6SMGNm5j16P2MNAjym6TQyGDDJB6RGNKNaacphYAxvNjLUc3rtn0PPDfrST3-ddUdX_17AkM4GDiZYDVsVTmD1Alqvca-8b
"Фермерский сок клубничный прямого отжима без сахара, 3 литра",633 ₽,50 отзывов,"Завтра доставит Ozon, продавец Экологичный продукт",https://www.ozon.ru/product/fermerskiy-sok-klubnichnyy-pryamogo-otzhima-bez-sahara-3-litra-373413341/?asb=w5HYQWGsXuygtB0kaUuYzxFGX32LPIageUH78Up3BD%252FCAC0hK%252F96mFd2Y5fnVkv2&asb2=cTBCwR6MJ0CRX0Owap_2hezwHIvpY2q6iAOPapLKPNfRZRwmVdwp3iXyfBy-fn3m6etxeI-l6VWJCy4iU3HQt0q_7PtUYwZhtxDZq5booJ90hfJZ5CMA4jr7mL5vvs85
