Медицинские сабо S&O,730 ₽,40 отзывов,null,https://www.ozon.ru/product/meditsinskie-sabo-s-o-483960818/?asb=IgYce1kuWv9cS8xO98TT7HkWfGocHa%252F%252FQlYnVueFEdY%253D&asb2=lHcyqf8JPJeThMeLX8fIjYS1XQlaAf_rX1ic36nx5FRuojaPo93nRaUBj1s2HOyE
Полуботинки рабочие S&O,658 ₽,35 отзывов,null,https://www.ozon.ru/product/polubotinki-rabochie-s-o-239270909/?asb=YWbjUGRZc3BPnv1lFVuXL2WVkG1B%252BaSeq2QUnDfdVXI%253D&asb2=rN1wcC4MPRfF-vEAFSpfVSHinxF1wiFkRigjt920fXHsxmU52jsTrh7VRz2ND9d5
Медицинские сабо FIDELITY,678 ₽,51 отзыв,null,https://www.ozon.ru/product/meditsinskie-sabo-fidelity-247601205/?asb=5Z5Ca8ef1ptQW5FNWu6FsJpcfyKgjKTHDdROvva%252FlCXbh%252BjIOtWIp8xFIhqZbdx7&asb2=y7r__twm4nwTgBYO93l7IOneiKdcJVUDf0OfGDbgxNvRBHATrLmCwLz4bfin9QkdnWBrzrU8ebqKHAdW1bjvrIndkyVImPW0BFax-tUsxYKWSgtk1ozZt7t5Rvx_kB88oHVyr826_G7cTLLSbfOGUg
Полуботинки рабочие S&O,658 ₽,29 отзывов,null,https://www.ozon.ru/product/polubotinki-rabochie-s-o-247071690/?asb=PNTGvWTBKrgJSN5DMcSa1%252F52L89HrJ6suTPkG50LF20%253D&asb2=jvLCPD4s68yhv9vOecz3QvDlk5FXb7KOO3nBZ3HL5LBCIG-X3YnB7gF9dL5a7Cca
Медицинские сабо MAY DARYEE,849 ₽,12 отзывов,null,https://www.ozon.ru/product/meditsinskie-sabo-may-daryee-505899235/?asb=XM6Jy%252BD%252Fxo6oXCx0nAPnbLfSDugccdZIM82N84FnqJ4iBCpwpAvASBZktQF1feK3&asb2=wEVatvP-ElHX3POLpqAF7MOFvfpYwI7jH2MKIQ--ZUs4EZbjPCA0F5ugzBfmC5txAO7RjVY6oLP0EwhvsKwlqWtvQzP-tjiYSSXSGpciJBWAJ5Wf-P7yiLEvYc5J1YSB4ygSs0s_kFshnGDpcRuqMw
Медицинские сабо MAY DARYEE,945 ₽,12 отзывов,null,https://www.ozon.ru/product/meditsinskie-sabo-may-daryee-443492668/?asb=Wnn0rcROvss60tKcVg9YBfrE6wnIjgRcOBYdMI6%252Fat9PXiQRJNWKID9Est%252FMiInY&asb2=dxvaiiWjC-HqiA84FAM3-H3jy0tqIiKiqF3VUXUmXKUw6qRJL02mmg7uIzrK7b4pd-0s5X-TPDsBw7Y7WJOD1u_dCILafJbVvSrcxI2-g2Y6qNTNl5MFfEJG0VSxDeA9xhmqGwPhzvAX6TKB9ncBQw
Медицинские сабо,990 ₽,5 отзывов,null,https://www.ozon.ru/product/meditsinskie-sabo-296747894/?asb=Uq%252BXbXvAVN81U%252FoYucQYlKuKDzWnGtDdULxOtQDsN40%253D&asb2=mt9Qpu17aVscTH_KIlDWzjIfratsXSM9Po99Oy8PP7v6h6Pb5NrZaDRo6TjvF7AG
Медицинские сабо MAY DARYEE,849 ₽,12 отзывов,null,https://www.ozon.ru/product/meditsinskie-sabo-may-daryee-505899105/?asb=UflLX7exmNbTcRLnkO2Usz25U85xuOm7JMbGw6EP1NnvbQi4Jc3XFmlKdHPD1m5J&asb2=QIegKWJUJ-rRn_59W-K-xD-dtLNtApGQ-4rWqqH2I-ZnbEvZT4tZjo4s-7Z1MBU2J9cHqAytjCUOqSEat2fjsVJeHcbnqiM77uDtAq1J_Aj_1mY0UHqzmvUTF3Gtb-RMuOCQQFAAX0zjUru1An8CYg
Медицинские сабо MAY DARYEE,849 ₽,12 отзывов,null,https://www.ozon.ru/product/meditsinskie-sabo-may-daryee-505899346/?asb=BBtDGbNEVVFwWQYLia7QXRZRZV%252BpcFJq6sIDUbQKRuXa6tD9FvQkTlcKXpWI41Nm&asb2=ughBwL_VJ8YeG2AfdHvHNG1GX1h8Wq4UyOln-iGuPDyBP09o-8PbdK3CqL6D4ng49DGSaal8W1wsc03KdDPsFjkAZLo3WI_zE-on0zYEj037nTdOalyOHC_CKhpmZ2tDi01KlTd8rFGDtXDJJnVepQ
Медицинские сабо MAY DARYEE,892 ₽,12 отзывов,null,https://www.ozon.ru/product/meditsinskie-sabo-may-daryee-505895348/?asb=rLch2%252B%252BWIbAXRh%252Bk%252FWlGjFOiAUplywsKVMHtNebk0w45cb%252FdW%252F2ztEd%252FXCF2YCTD&asb2=VkbH6HYUl-XCH6ek-CF7W-1TxM8k9UHqoaviEMk2O73ekRLlpLxotifRO2BHmFgsQCsZkezljOkqovVy72WYh8vSKuLNC08P9NWlo8s79aJiLSsGi9_hQw-H-wXDJVwxr8XdL0P8dlhAT8tw4V21fg
Медицинские сабо Сириус,700 ₽,1 отзыв,null,https://www.ozon.ru/product/meditsinskie-sabo-sirius-487282424/?asb=y2ynUvbbRjwdeair7tflC7YJK%252FY%252BvQDZ1Y9uU8MqtdY%253D&asb2=HV2HjW4-JCAyliAFLrvvHfocmRV-T29X8Dzg9t95ZuiOA51ETNVIqXIkLrP-3MbB
Медицинские сабо MAY DARYEE,892 ₽,12 отзывов,null,https://www.ozon.ru/product/meditsinskie-sabo-may-daryee-505899371/?asb=dMFQULC586dOcZEReqPLVOYskKs8N%252FWLu4UicRFpmrk%253D&asb2=DEu0MKA3Ign305QjI3OkH-d2uCPRO7X_YBXVRzcWRFSF3LFBUWcp9vZ1POhDMySReXDDdsQoCv9oo032Sax7Hw
