Балаклава для рыбалки и охоты Golden Dragon Fishing,518 ₽,12 отзывов,"Завтра доставит Ozon, продавец Profit Market",https://www.ozon.ru/product/balaklava-dlya-rybalki-i-ohoty-golden-dragon-fishing-530435038/?asb2=6cEzDDBW-ok16csGzLwVSjoXpmYo7HRXd-RT3ZYfC9a9zYnkqHIpRwFfHpDM4AsO
Перчатки тактические Tactica 7.62/ Перчатки для рыбалки и охоты хаки XL,929 ₽,177 отзывов,"Завтра доставит Ozon, продавец Military Store",https://www.ozon.ru/product/perchatki-takticheskie-tactica-7-62-perchatki-dlya-rybalki-i-ohoty-haki-xl-345862165/?asb2=Cw2ECCnGY4pJJnwIPds6ZVSmXtU8UQ0Ac2nM9JUNf8KaCdcpfRl7CipK7Xzu46IL
Балаклава для рыбалки и охоты Golden Dragon Fishing,763 ₽,12 отзывов,"11 мая доставит Ozon, продавец Profit Market",https://www.ozon.ru/product/balaklava-dlya-rybalki-i-ohoty-golden-dragon-fishing-575128096/?asb2=4J784ssvEHZwMK5gU9ZMJGag6oUv8xR64jHbKsw3Oil8nvicJ-FxTD72GJPF-L_c
Перчатки тактические без пальцев/велосипедные перчатки/военные перчатки/защитные/велоперчатки/мотоперчатки,920 ₽,43 отзыва,"9 мая доставит Ozon, продавец EcoTravel",https://www.ozon.ru/product/perchatki-takticheskie-bez-paltsev-velosipednye-perchatki-voennye-perchatki-zashchitnye-530742672/?asb2=rAdyHIqr-CC_jlcWSmBt_3_hFS6_G2TTkWWYZ3peiFr_vynk0BuX5BduvI7qnEDWOKLNdfJOSh7xFZCmfUST_Q
"Перчатки тактические без пальцев (бежевые, XL)",499 ₽,5 отзывов,"13 мая доставит Ozon, продавец «Спутник-Туриста»",https://www.ozon.ru/product/perchatki-takticheskie-bez-paltsev-bezhevye-xl-357657004/?asb2=rr9Uc-gqn2iQUpkDbdfjixzU3ud4p2j8whtwMuIk82OoWOWP-SRFpBMsrjF1QjjD
"Перчатки тактические MEXHANIX m-pack цвет: олива, размер XL",891 ₽,39 отзывов,"9 мая доставит Ozon, продавец Shop Top",https://www.ozon.ru/product/perchatki-takticheskie-mexhanix-m-pack-tsvet-oliva-razmer-xl-536022539/?asb2=zOXABoLwV6vAhMEMNFhULTNm6GRXR7R8EYKhAh7fNBKk_HbpRFXaIcmBjbT5CsKeKrwd8_ATlcclZdJ3kslOVQ
"Перчатки тактические без пальцев, цвет: черный.",929 ₽,98 отзывов,"Завтра доставит Ozon, продавец Military Store",https://www.ozon.ru/product/perchatki-takticheskie-bez-paltsev-tsvet-chernyy-501541725/?asb2=i9WD-xCpFYshsQ_RK3MkzT5vWgKdyktR3djAFV493khbrcOVaaX_cvLsmdWuGdD0
"Перчатки тактические OKLAI / Перчатки для туризма охоты рыбалки вело мото, камуфляж",899 ₽,65 отзывов,"9 мая доставит Ozon, продавец Poli-shop",https://www.ozon.ru/product/perchatki-takticheskie-oklai-perchatki-dlya-turizma-ohoty-rybalki-velo-moto-kamuflyazh-343032679/?asb2=MiKGREq03D4lw4NV1MdoqCtKkBpgW_s3AUejarP6tKwdvhzrxro1egUWPwDba1ax
"Брюки рабочие ""Комбат-2""/ Брюки спортивные камуфляжные мужские летние(64-66/182-188)",864 ₽,44 отзыва,"Завтра доставит Ozon, продавец ТД ""Спецовка37""",https://www.ozon.ru/product/bryuki-rabochie-kombat-2-bryuki-sportivnye-kamuflyazhnye-muzhskie-letnie-64-66-182-188-509486972/?asb2=nbk7Exzqng7YICdo64p5qHvSJpSPDqpwE8WFGkpMVUaxQo4u4waVewfv-MSvnEaz
"Перчатки для рыбалки GORE-TEX, беспалые красный",520 ₽,16 отзывов,"9 мая доставит Ozon, продавец Рыбачь.ОК",https://www.ozon.ru/product/perchatki-dlya-rybalki-gore-tex-bespalye-krasnyy-499790996/?asb2=Kk7Dl1cQWijhNnOFwsoBhr-bxuiu4wEZJOv-tuFaWodGPMJjoemWjWBDRk42-td4WmR_FpipaPUF2IxPzcqE6Q
Кевларовые перчатки Black Force,490 ₽,45 отзывов,"Послезавтра доставит Ozon, продавец НОЖИКОВ",https://www.ozon.ru/product/kevlarovye-perchatki-black-force-300567913/?asb2=ST6KlyZkXflSXMuZJWXnPbu6sZmM-bsPoohsu1wDvXEP45TDZwMUCJARe6C119uU
Балаклава для рыбалки и охоты ТАЙГА ЦЕНТР ЭКИПИРОВКИ,499 ₽,32 отзыва,"15 мая доставит Ozon, продавец Тайга",https://www.ozon.ru/product/balaklava-dlya-rybalki-i-ohoty-tayga-tsentr-ekipirovki-530772760/?asb2=3EpBnAAoMPBBE-_Mxgtqrdoz2IO6ZouTJPzKMeaTw5U5GOjFH0Re1YU3GJpudPDp
Перчатки тактические песок,420 ₽,7 отзывов,"13 мая доставит Ozon, продавец Батальон61",https://www.ozon.ru/product/perchatki-takticheskie-pesok-471532037/?asb2=vM2jmGIs1D5weaGTKy86Js_pY6ZfoP5l21-7g1d6lUye1tsz1q7OtAhhwcEEkr4I
"Перчатки тактические, Перчатки для охоты и рыбалки",983 ₽,20 отзывов,"11 мая доставит Ozon, продавец Profit Market",https://www.ozon.ru/product/perchatki-zimnie-kamuflyazhnye-dlya-ohotnikov-i-rybolovov-430850734/?asb2=Wz3dgJSIDVuV3Ube8_hsqtIvUIOXdskV2NH1msInKb1HKlW1j501P2Ks5edC6uFW
Балаклава для рыбалки и охоты BLLT,500 ₽,14 отзывов,"13 мая доставит Ozon, продавец TACTICOOL",https://www.ozon.ru/product/balaklava-dlya-rybalki-i-ohoty-bllt-309286054/?asb2=v5Hm84kxKfYOtced4vF7YAhGMe6AGoGw72s4r91p8MFDCa6ZNzFyZrR8AyGDZeE9
Балаклава для рыбалки и охоты Бабек,590 ₽,7 отзывов,"Послезавтра доставит Ozon, продавец БАБЕК",https://www.ozon.ru/product/balaklava-dlya-rybalki-i-ohoty-babek-483867600/?asb2=56h9Wuyzj7Bhr0vxKT9i4A0P54PFUY_sMx37eVeHG422nMgXMDf4_tguvIbbHqDR
Балаклава для рыбалки и охоты Golden Dragon Fishing,518 ₽,12 отзывов,"Завтра доставит Ozon, продавец Profit Market",https://www.ozon.ru/product/balaklava-dlya-rybalki-i-ohoty-golden-dragon-fishing-530438761/?asb2=c3zVBjDBoxa1qsKsK7fvjAKMbcUTgEXU1hYJlXp_7yRkGo8QIw14AwVhhL_jkodD
Кевларовые перчатки от ожогов и порезов для охоты/рыбалки/кухни 1 пара,480 ₽,45 отзывов,"Завтра доставит Ozon, продавец GRILL_EAT",https://www.ozon.ru/product/perchatki-hozyaystvennye-handsafe-razmer-9-1-par-175130585/?asb2=A7_6frcasjt_evloaadO_PCRw6oq6406t5guwACut5a7H5zLCnKwbyWBYttt2G1o9PRmPqngIoCJxYpWAC2Ypg
Тактические перчатки без пальца карбон,599 ₽,2 отзыва,"9 мая доставит Ozon, продавец Hunts Leaders",https://www.ozon.ru/product/takticheskie-perchatki-bez-paltsa-karbon-325145446/?asb2=GTD3csZkDMIVi7Gu-XHSFTAAR8Jz6pZwUGqrfWAMuLxSES_eibO21h04sNV59GVK
Тактические кевларовые перчатки от порезов,480 ₽,3 отзыва,"9 мая доставит Ozon, продавец ООО «ИРБИ»",https://www.ozon.ru/product/takticheskie-kevlarovye-perchatki-ot-porezov-527888817/?asb2=Z0Hg0Z13ln1H36-g6XFnudk8sJIREI5TEsmSTn8gNUGttMjePaLDI3_1abqIDIaY
Балаклава для рыбалки и охоты Ульмиригия,664 ₽,4 отзыва,"9 мая доставит Ozon, продавец ИП Савин Г.Ю.",https://www.ozon.ru/product/balaklava-dlya-rybalki-i-ohoty-ulmirigiya-500599237/?asb2=GLUrpqWA3aKTpLlXJMkLT8_SbK-LPQbcv-7gOx0KnnDnJjQEkrkDTkzJOQZmoVC7vLyt_OnSbaO0IvFWJi1emw
Тактические перчатки Black Hawk Urban,751 ₽,1 отзыв,"9 мая доставит Ozon, продавец USTGARD",https://www.ozon.ru/product/takticheskie-perchatki-black-hawk-urban-320976437/?asb2=aCFs2WIyxgw1Q50G_d4xWmVfTiGzsDV24bHJwBcLVIlZkiDbjDwbYuydsv36pzee
"Перчатки тактические без пальцев 5.11 цвет: камуфляж, размер XL",765 ₽,2 отзыва,"9 мая доставит Ozon, продавец Shop Top",https://www.ozon.ru/product/perchatki-takticheskie-bez-paltsev-5-11-tsvet-kamuflyazh-razmer-xl-544105036/?asb2=ykkbRpzAx2emfWkU4OMVOWBWN6cS2DlhManUspqUQ_Cd_LjYwBzsKCh0SiRQ4uo_SPr6SRt4G6_PT9w9ro0Lrw
перчатки без пальцев для рыбалки / перчатки рещиновые / резиновый перчатки / перчатки для спиннинга / перчатки рыболовные / перчатки для рыбалки / перчатки с открытыми пальцами / перчатки для охоты / рыболовные перчатки / перчатки открытые пальцы,1 041 ₽,14 отзывов,"10 мая доставит Ozon, продавец ИП Нафиков Р.Р",https://www.ozon.ru/product/perchatki-bez-paltsev-dlya-rybalki-perchatki-reshchinovye-rezinovyy-perchatki-perchatki-dlya-492064446/?asb2=XiYeM09YAgYgmsGiB21I340jMi6siFNxDIlkMPH_tmgq1EXKFSbEzrfD_cBT5qNz
"Тактические перчатки для мужчин полнопалые Army Tactical Gloves, 762 Gear, цвет Олива (Olive)-M",941 ₽,76 отзывов,"9 мая доставит Ozon, продавец BUZE SHOP",https://www.ozon.ru/product/takticheskie-perchatki-dlya-muzhchin-polnopalye-army-tactical-gloves-762-gear-tsvet-oliva-olive-m-343461998/?asb2=7rceRHZFmJ6XpbZjvzTcDYgqIqLZW4RdOyA_D4BWtG5w6wbkA4vzVMCcbGFMGvEEFIf2sz46y5jedVBbYcJbFQ
Кевларовые перчатки/перчатки бронежилет от порезов для рыбалки/охоты/кухни 1 шт,472 ₽,118 отзывов,"13 мая доставит Ozon, продавец Игролёнок",https://www.ozon.ru/product/kevlarovye-perchatki-perchatki-bronezhilet-ot-porezov-dlya-rybalki-ohoty-kuhni-1-sht-239460098/?asb2=bWRf5Kua4jCAGGT5ZgIl8Tsh397Sn1liOXlHBQcwE5wJiC40PeCnUpcuWDUZbSwdl4pqRGketXMLLK3y-0pQ0w
Перчатки тактические,990 ₽,5 отзывов,"Завтра доставит Ozon, продавец Кавказский БАРС",https://www.ozon.ru/product/perchatki-takticheskie-548040395/?asb2=W1INb-wuRItS3jd62cAArDi0CCf7snMpWjvCSVTP5tMmXKUGA2VHtwx0xh_DQmuF
Перчатки КМФ78 тактические без пальцев олива,871 ₽,3 отзыва,"Завтра доставит Ozon, продавец КМФ78",https://www.ozon.ru/product/perchatki-kmf78-takticheskie-bez-paltsev-oliva-356039990/?asb2=_ysDMZFIBWHAPGK5P4myAD4Vwez385kFREFnsFHpE-dukwYIYPARpFeRGgIo67zGne_-9g3NyirrNyVW7fzuwA
Кевларовые перчатки / Защитные,569 ₽,9 отзывов,"Послезавтра доставит Ozon, продавец Hitools",https://www.ozon.ru/product/kevlarovye-perchatki-zashchitnye-391500243/?asb2=bLr5RdIGHKW-JfcJ9oZs6DMlSW2GiRaWzQ7vRbzcHOEvUZVZQXQzTZDehiElTbewQBNej4-fu_BQv993EkXKlw
"Перчатки тактические без пальцев tactica 7.62, цвет: хаки Размер М",849 ₽,18 отзывов,"9 мая доставит Ozon, продавец Shop Top",https://www.ozon.ru/product/perchatki-takticheskie-bez-paltsev-tactica-7-62-tsvet-haki-razmer-m-315617634/?asb2=bxGX9D_zvHhwarVee0h5pOnlxIBfA4IoRVp7wpHLvXmqlRqNFDJow2_CcjrKFb8F
"Перчатки тактические без пальцев MEXHANIX m-pack цвет: черный, размер М",789 ₽,12 отзывов,"9 мая доставит Ozon, продавец Shop Top",https://www.ozon.ru/product/perchatki-takticheskie-bez-paltsev-mexhanix-m-pack-tsvet-chernyy-razmer-m-536018454/?asb2=X8IlGCCwejT2_fwzIVyytKctZ9AXg4F_6OuH7uPyNbl58FFVCxrTJ7xx8L3YfBpgOirNHnzeujlBdlwjK7KpVQ
Перчатки для рыбалки / перчатки с магнитным карабином / непромокаемые перчатки / перчатка для ловли рыбы,728 ₽,2 отзыва,"9 мая доставит Ozon, продавец MiB's store",https://www.ozon.ru/product/perchatki-dlya-rybalki-perchatki-s-magnitnym-karabinom-nepromokaemye-perchatki-perchatka-dlya-534663596/?asb2=64tHmebUROiHUE6FeV7JWimeztFWp-OyyISzUQFzvb8FNEm1_WkD2EdXhTLh9h-H
"Тактические перчатки без пальцев 5.11 цвет: черный, XL",659 ₽,3 отзыва,"9 мая доставит Ozon, продавец Shop Top",https://www.ozon.ru/product/takticheskie-perchatki-bez-paltsev-5-11-tsvet-chernyy-xl-544602383/?asb2=CZphEjrrPQPJnW9UCoDcipgjXNVqpcS2Pfq1-TQDO-JnyhpTwimkc_aBeFPg5fqRFAxttZJoDkqPPuulBFDPFw
"Армейские тактические перчатки 7.62 Gear, размер XL",928 ₽,19 отзывов,"9 мая доставит Ozon, продавец BrutalStore",https://www.ozon.ru/product/armeyskie-takticheskie-perchatki-7-62-gear-razmer-xl-488156714/?asb2=Gv1b38kZR3jTgSCK2t-dwXYK34YLBfF-4dY7qarxf7oZ-UamavVKJKGulsXTOJ8icKua_s-UZ2se0TZDpoYrQQ
Комплект балаклава и варежки SEVER SHOP,500 ₽,5 отзывов,"Завтра доставит Ozon, продавец SEVER SHOP",https://www.ozon.ru/product/komplekt-balaklava-i-varezhki-sever-shop-429793906/?asb2=uBCDdpVm0Swrei-5gCcPS_bSDoB0-YqnipeFpvfX8mH8J_R0YEfizyljL4YO_tL-xt5tMmuqEhVkoV-VmlbhMA
Варежки шубенки для рыбалки и охоты,257 ₽,117 отзывов,"10 мая доставит Ozon, продавец Ваш выбор",https://www.ozon.ru/product/varezhki-shubenki-dlya-rybalki-i-ohoty-346430782/?asb2=AqX47EBQznZlbXQ-v9ZRfV-o47AEOclzWak00ZhEiJg9sdLJdANWzDoW0B0ixrK4Lx1arCEmTPdlJH0jAi6RlA
