"Тофу - паштет ""Копченый""",249 ₽,63 отзыва,"Завтра доставит Ozon, продавец Extra Vegan",https://www.ozon.ru/product/tofu-pashtet-kopchenyy-258031675/?advert=tPHu56TAa4iA6onwb4Cmu4378eeFwlwaVC1iYfOUP0GTIX20Ww1pRDF3smRYhYaKOB7sS0WSjcFGrLLcULAFRmIwMLWbOYQJLBx39Ka41tnd8YaiyBczHw_ZwqjNdTiBpISv4_bBrAZhneR-XihjOxFhiq6ZXbHzbQLKzXa4aO9Z4t-bP9zc8BRSc3mqKlosbYb62bDOzdLPDMSjicTaeO-h0ZbsUCa37nyFcJKgMOFLCVTKNXUmRVZ8YPe5k1h7XC-j4EZkfFUuHIxwNhIqdeUFNV3sGM_NtQKkCPkuJfUICwCZFXxjMsGh8SKU1mHnhr97aUyXnvBEoDTlsRwqly-n4WK-d1Knh17II3BnYti4-WdccRM02l5qD-bKcVe1KHNRvp6D_ZQCAZBpJXH4To57C7RLg9uPWuBGnOX9be5OaNweAGWs2dwyamn3fvXk9nzqaFQDkR7d_LfK_vaobWr2gOhVYCXxJUDvpiFoa73qEzI62MBnAmw1Dy3cDAybt4kp8v_qyDAJew0UFeh3QaiXW3feWpm_zQZev5p-jWc_qOcsIbSjKq4KeD2DGhPe
Брускетта. Закуска к вину FOREST TASTE белые грибы & тахини / Лесной вкус,215 ₽,57 отзывов,"Завтра доставит Ozon, продавец Ozon",https://www.ozon.ru/product/brusketta-zakuska-k-vinu-forest-taste-belye-griby-tahini-lesnoy-vkus-389204854/?asb=Vv2ooIKhB8v6N04%252FWhi0FqTRtx2LepsKlfQvCp4r8Go%253D&asb2=AhGt-rGq6KRxf0THnyz8Ct6EfIskhkCVQDHEmT4qG_gkim5jAxtVfst2wPRn5lNV
"Мясные консервы Argeta Паштет из индейки, 95 г",115 ₽,119 отзывов,null,https://www.ozon.ru/product/myasnye-konservy-argeta-pashtet-iz-indeyki-95-g-166191032/?asb=x6M9nXCCkrfZtibOi7xwnislZtGKK82XKSlpSt%252BYvV0%253D&asb2=vH26Dhzatbv7YT_R7YMMuRRTmQu759QgFRQdsUG9i9Qtfze7sEP5ZzntTNoMrFK4&ectx=1&miniapp=supermarket
"Мясные консервы Argeta Паштет из куриной печени, 95 г",109 ₽,85 отзывов,null,https://www.ozon.ru/product/myasnye-konservy-argeta-pashtet-iz-kurinoy-pecheni-halal-95-g-149428613/?asb=bXisQMCsSMhH93b7GukmmS8PR3fWR6zmLnp84SBjKrM%253D&asb2=9C7DC1aUzaf3OCrP8jjYI4N81Ogsc34Kz8BvfqJlljQghuVRK499b1m5NZs7euqc&ectx=1&miniapp=supermarket
"Паштет с печенью Совок, 130 гр ж/б",48 ₽,92 отзыва,"Завтра доставит Ozon, продавец Ozon",https://www.ozon.ru/product/pashtet-s-pechenyu-sovok-130-gr-zh-b-317610349/?asb=DiOi9lCKIPmHDeLV3LTcM8TmQhpNa7BQVDi0xET7Ir8%253D&asb2=kE_ADaICgKjvkzBIjGP_Uc-GVoIrvQzQatOhwS-RQ0qgoqKBNZlbeJrjxeJ65CqD
"Холодец Домашний из говядины Диво, 300 г",171 ₽,20 отзывов,null,https://www.ozon.ru/product/holodets-domashniy-iz-govyadiny-divo-300-g-383225040/?asb=BtcNX%252B23bHxwBQHn%252B9KAvAwORMjtJFijrDoMYzvZueY%253D&asb2=c25rPTMQsy7zZrZVmUVWV_0IrwvjXaUUJNUl_IvwkvuNQmMpmFO8cqFeV3XgnG7R&ectx=1&miniapp=supermarket
"Мясные консервы Argeta Куриный паштет HALAL, 95 г",115 ₽,119 отзывов,null,https://www.ozon.ru/product/myasnye-konservy-argeta-kurinyy-pashtet-halal-95-g-149428610/?asb=Awr8Yn7wVi4UJYFVnvKutRmRpR0OEtRNv5QUSd4L3b4%253D&asb2=nbzoApv5eRFoj_oT_U1hP5yoBPGdKtMyNABStAi9xFMiQtEKDs355eHBMgFi5ZL3&ectx=1&miniapp=supermarket
"Холодец из говядины Окраина, 300 г",276 ₽,147 отзывов,null,https://www.ozon.ru/product/okraina-holodets-iz-govyadiny-300-g-145286246/?asb=2oVb58BHgN5S55Hlw%252BdnoUx7b4ExfcF8J3zD3PofNMk%253D&asb2=9KCJkGm410RcUo2A-qdQtzqHtkiNn9aquoTwJ7Ja_GVhG7UcaFOFDwiYGSP6zD89&ectx=1&miniapp=supermarket
"Брускетта. Закуска к вину WILD BASIL базилик & кешью/ Дикий базилик, Yelli, 100 г",223 ₽,144 отзыва,"Завтра доставит Ozon, продавец Ozon",https://www.ozon.ru/product/brusketta-zakuska-k-vinu-wild-basil-bazilik-keshyu-dikiy-bazilik-yelli-100-g-322814947/?asb=vWyW%252Ft9%252FO4lKFLcujITSYBZW6HQ%252F15XoEXHAU5toZWc%253D&asb2=5ZcoZrm-L-qhsKaR9_oZwTuaVbWQE8Rk5gtYsc6nnI29gbeVsfyrYnmaZC95pH_d
Паштет куриный ARGETA HALAL (2 шт по 95 гр),229 ₽,42 отзыва,"Завтра доставит Ozon, продавец Atlantic Grupa",https://www.ozon.ru/product/pashtet-kurinyy-argeta-halal-2-sht-po-95-gr-304822853/?asb=fgq3F2IPJkd34KthgoUvZ2jsttzbRnRUdelOvTDRBOs%253D&asb2=thuT1qLkQE_AOGDUk8uEGIEv8tEIFRvuv2XldauNk3iKq0lzf489xGBgTasyOoM-
Паштет с гусиной печенью 180 гр. Perva Extra ключ,79 ₽,142 отзыва,null,https://www.ozon.ru/product/pashtet-s-gusinoy-pechenyu-180-gr-perva-extra-klyuch-322337642/?asb=9ROrbOaWv9YDGeBPKvQAoM8gb2AX1xyIG2QFbZjc2Hc%253D&asb2=BgKV74FqEqnyqDM2NDjYvRxDCQmv8GuOcnXo66y_u_a_w0qEF3ydo_9CTR0rsXFm&ectx=1&miniapp=supermarket
"ECOCHIEF Паштет Французский с сыром, 100 г",104 ₽,68 отзывов,null,https://www.ozon.ru/product/ecochief-pashtet-frantsuzskiy-s-syrom-100-g-289242197/?asb=1MXITVblo9dyA8uRASYC9wZlG02us2f607f28zw3z54%253D&asb2=T6X1LzQ3Qb7TVIWHd5PF_LxFAYk7gG4Ibg6NBIYbq-pU2iovLKQ-pBnrKd_1_guy&ectx=1&miniapp=supermarket
"Паштет ARGETA куриный острый HALAL, 2 шт х 95 г",219 ₽,30 отзывов,"Завтра доставит Ozon, продавец Atlantic Grupa",https://www.ozon.ru/product/pashtet-argeta-kurinyy-ostryy-halal-2-sht-h-95-g-302720084/?asb=OA3CmOSt50uNiTFx07UYjfhm54cDTqH0Jt%252BVkHW3CxU%253D&asb2=xiPfsrDd1cEYndBdI3lo-KFnesqh2MsYUi90_r5gaK4okKlV_NfpIRkejyWkCXiz
"Холодец Мясной Ближние Горки, 400 г",319 ₽,147 отзывов,null,https://www.ozon.ru/product/holodets-myasnoy-blizhnie-gorki-400-g-301577773/?asb=VkWyci6AfHtv1IFeu%252B5DqfYHtYaOMxmCKiZJuFIS1qk%253D&asb2=1z8m3TP-PpkwvsDrZX00S6nS5JrGIPShbskZ3Nf2I6NainoCBSLEwqUKBFYkGaCL&ectx=1&miniapp=supermarket
"Холодец куриный Окраина, 300 г",250 ₽,172 отзыва,null,https://www.ozon.ru/product/okraina-holodets-kurinyy-300-g-145286247/?asb=In%252FVXZNT6Xh6xji4oyJkTabeQEPqvVlk7SXAAJDLJj8%253D&asb2=5SfQTDM1hyp8BkuAICqkmV4LiKrQU5T2h_lvIohljbx8hGzv1GkT10kqKIKUzWcN&ectx=1&miniapp=supermarket
"Паштет Argeta Junior куриный HALAL, 2 шт х 95 г",229 ₽,5 отзывов,"Завтра доставит Ozon, продавец Atlantic Grupa",https://www.ozon.ru/product/pashtet-argeta-junior-kurinyy-halal-2-sht-h-95-g-493554798/?asb=Iw7OzGrk0nlg14q2J42kUTnV9zBJNZ2IpfUmg%252BJXw4Q%253D&asb2=ereAkRsppMjzplBXgLc3fbzZSi1YO0xzcFHCxlxBnVi9hOwZZWiOemw_Ib_cQrjf
Паштет из индейки ARGETA (2 шт по 95 гр),229 ₽,71 отзыв,"Завтра доставит Ozon, продавец Atlantic Grupa",https://www.ozon.ru/product/pashtet-iz-indeyki-argeta-2-sht-po-95-gr-302720063/?asb=1sfvIkgr%252BqKPT%252BKN0nfJBQDavgVhsYEG1GKcUHKFxyo%253D&asb2=S0GoT9zTvkKq9jEDq86ZUvw98C91ArQjR88cPxCgna8XzkuTxSvGW5IYaXkwWFyk
"Паштет Le Pere Nagy ""Террин из утки с фисташками"", 180 г",398 ₽,156 отзывов,"Завтра доставит Ozon, продавец Le Pere Nagy",https://www.ozon.ru/product/pashtet-le-pere-nagy-terrin-iz-utki-s-fistashkami-180-g-180724688/?asb=xkBZ7%252F3FfnbRmHCRHfgMe9%252FmjwGCldQE%252BJZJIaBPKLNk4vfacfGv%252FMY778YJHfXv&asb2=NLGFHE2XEFh5V6thDdD8sGjT4G-Ej3NigbxRKuSBuSit_y1Jc2Ecp6OV3TUKlz1xmaS6m6DrVI0HyhevsIdKqDX744uiSl_0lX10i6PhnKQT6RTblk-qeVKMezoMQnuAyHdgpGwivCGqTyHVTUyESA
"Паштет ВкусВилл, из мяса индейки, 90 г",148 ₽,115 отзывов,null,https://www.ozon.ru/product/pashtet-vkusvill-iz-myasa-indeyki-90-g-291707690/?asb=64%252BO8JBK1kTm835zEnA92H8n8S2aLpSMlf4BJNHaeTw%253D&asb2=ZzUnRSDTPdCPEwOD5XaN_4QKkdiQPMTfA0kAC04soeX7kYD3cQ5MlVDe8loYw_cg&ectx=1&miniapp=supermarket
Паштет из тунца ARGETA (2 шт по 95 гр),325 ₽,80 отзывов,"Завтра доставит Ozon, продавец Atlantic Grupa",https://www.ozon.ru/product/pashtet-iz-tuntsa-argeta-2-sht-po-95-gr-302720087/?asb=Nrd0MVt2h4XNspfYWARNQKlNF83B1tl%252BmAEpcHNH82g%253D&asb2=glFtKMxoDS2bw9pNLJ38zfr9eHCsez1AA944MfKIoZyDUFaOtQkTAoKoYBmKCQJB
"Брускетта. Закуска к вину GREEN OLIVE зеленые оливки & кешью / Зеленая оливка, Yelli, 100 г",240 ₽,179 отзывов,"Завтра доставит Ozon, продавец Ozon",https://www.ozon.ru/product/brusketta-zakuska-k-vinu-green-olive-zelenye-olivki-keshyu-zelenaya-olivka-yelli-100-g-322814946/?asb=tWABWISAjBJ%252BbKsOLfwfuegXkC8anZVnqzvCefGoixU%253D&asb2=LGAySwx29cT5lSUZwNb4iJ4fBODtO7-rx9cybZLP9Tp9LvPNj5BZpQAzMai7cFuI
"Паштеты ARGETA ""Разнообразие вкусов"" - куриный HALAL, из мяса индейки, из тунца (3 шт по 95 гр)",389 ₽,120 отзывов,"Завтра доставит Ozon, продавец Atlantic Grupa",https://www.ozon.ru/product/pashtety-argeta-raznoobrazie-vkusov-kurinyy-halal-iz-myasa-indeyki-iz-tuntsa-3-sht-po-95-gr-302976195/?asb=eYpoPlsBpRILF3LduFIR8amZ7zVnj6owuzW5eorqcy8%253D&asb2=Fn9_M32Ip--3RQtdQdrRZSrUOo0MmkDMN6b8O-2mJUBBdffKyq9MrczN_c5Eme8H
"Паштет веганский ""Луковка"", НЕ МЯСО, 220 г",150 ₽,54 отзыва,null,https://www.ozon.ru/product/pashtet-veganskiy-lukovka-ne-myaso-220-g-260881493/?asb=DdqroX7mESmuW99014HL7ZpIhD9eCC7mkNZJPyTiNxw%253D&asb2=_3k0NO5nNz48w9ZFkXPjLvNTWvDYHBgmHlidADGThT501gaJh1kTgFKisFnSTYVF&ectx=1&miniapp=supermarket
"Паштет Le Pere Nagy ""Риет из кролика"", 180 г",463 ₽,156 отзывов,null,https://www.ozon.ru/product/pashtet-le-pere-nagy-riet-iz-krolika-180-g-178680467/?asb=wsV9hcLbW14WQ17XgUWsrTq7pzauJhTtJPSx3U9DDhzDnDBwR0hPk9mkUTWfz4n5&asb2=uSMM1ygGdY65QdON3htZ-Ge8UTwghk7JNKWnrC36L6GIq4GI9xdOZYH0v5sfwTwFG0JEaiapOqhFmWnRyJB_YO8EO0tIH0chVSTHtG7x_BSsRhPlEbfan6jAGVQ0bubbU9hwS50LT_sxkLIP0E_cFA&ectx=1&miniapp=supermarket
"Паштет Мясничий из мяса косули с копченой паприкой, мясные консервы 240 г. ж/б",290 ₽,170 отзывов,"Завтра доставит Ozon, продавец ООО ""ПЗК""",https://www.ozon.ru/product/pashtet-myasnichiy-iz-myasa-kosuli-s-kopchenoy-paprikoy-myasnye-konservy-240-g-zh-b-225969767/?asb=E1ZBCKWZzIbribZ1grOaTNwN0e1OgOLRaviQiQlX7sF8YSl0KuPdsps4KAMbYUTd&asb2=aOzqM-yfaKRijYRKEYJMmR6hhfebqzT1ia9piV7DN0Pg8aNXr-_An1A0pxq03Tkn0eXHYBYpYJjVLFbTY_nqCTlV5fQKCzfEsSdDllz8BquS8O6eMFTJW5ErLMIIJADiRNaWzESQmfCAC04TTyp_rw
"Паштет Le Pere Nagy ""Традиционный фермерский паштет-террин из утки"", 180 г",392 ₽,156 отзывов,"Завтра доставит Ozon, продавец Le Pere Nagy",https://www.ozon.ru/product/pashtet-le-pere-nagy-traditsionnyy-fermerskiy-pashtet-terrin-iz-utki-180-g-177212277/?asb=gBsns2wqVKPkiRUNV4T8LYFZnHQtYUSKnp1wMHALGKxoduD3AB1iaX2Wc9KkJyVQ&asb2=kBFs36lQDBhMry_iclAE3jR_-wWApaO4neURObnNT09Be2nnA2x4Pjg9fVQbdlEy-zp6uSTkFYwqIJw8zVU2U_kaG01cJfqZlIymds414EEHe8rTMVHBnS_SAIaAZw0Yp4d5Hw2794_jb9tQKAaMRw
"Паштет Argeta Junior Супер Тунец, 2 шт х 95 г",299 ₽,15 отзывов,"Завтра доставит Ozon, продавец Atlantic Grupa",https://www.ozon.ru/product/pashtet-argeta-junior-super-tunets-2-sht-h-95-g-447273474/?asb=Rct2d%252Fypqjv%252BqzEBsF76sJ%252BFoWJCOHTrrr2EtNmp8%252FI%253D&asb2=MpFStUOmxYcPdnVwoa5gdigERc1zOTDNzcknzpobXivL5s9kw1NItaupKuTABKcA
"Паштет Le Pere Nagy ""Традиционный фермерский паштет из кролика"", 180 г",456 ₽,156 отзывов,"Завтра доставит Ozon, продавец Le Pere Nagy",https://www.ozon.ru/product/pashtet-le-pere-nagy-traditsionnyy-fermerskiy-pashtet-iz-krolika-180-g-180724687/?asb=na%252BsQfFBA94W%252F0YdULl9ScL3CWFvxvCu112HfNLkMTFf%252BLvXFnx5Tt7m%252FiwoL7Sq&asb2=7faM-cKGqmngaTO2O85CflRsbz7fdFmXRhzEq0AmO6gaX5YA2NxTnbWb23FWzEjGHlBWbmUPoJEgMVBbKE-6d8n66Izc6J0YPBmWSsoKdAbEHsTJLfWU6xC8KnnSlRKF3DGa3QWVsYU-NLJLqYb58g
"Паштеты ARGETA ""Куриные деликатесы"" HALAL - куриный, куриный острый и с куриной печенью (3 шт по 95 гр)",339 ₽,120 отзывов,"Завтра доставит Ozon, продавец Atlantic Grupa",https://www.ozon.ru/product/pashtety-argeta-kurinye-delikatesy-halal-kurinyy-kurinyy-ostryy-i-s-kurinoy-pechenyu-3-sht-po-95-gr-340878427/?asb=N6DhBbOUb9D%252BcWgbXSAif7py6PhG3lHQaWAzQ4Dnamk%253D&asb2=q5km5jcDyDHkFz7dKhbqMhDGyP7IlE8h2DAl918CQsFhEn7Xd0U1RMsYMckozJUv
"Паштет ВкусВилл, из печени гуся, 90 г",184 ₽,87 отзывов,null,https://www.ozon.ru/product/pashtet-vkusvill-iz-pecheni-gusya-90-g-291707628/?asb=IjiqKITKsv%252BOwaesfAsfZFqSJRviProKgGWTECbk3Qc%253D&asb2=np6iw2L_ZKtqTUF3ng00L4zsxFW9tlA3ApoTNyPrpputQnz6fK3pf--ElzQICaGk&ectx=1&miniapp=supermarket
"Паштет Домашний с говяжьей печенью и сливками Диво, 150 г",109 ₽,4 отзыва,null,https://www.ozon.ru/product/pashtet-domashniy-s-govyazhey-pechenyu-i-slivkami-divo-150-g-383224988/?asb=nZ%252FqlPilHJfWvE58xg61BNb3lEL080SBPyndnc3dY7A%253D&asb2=Taw6sqDBtjCEFFxc1H0o0KipoxEyBemWGc5MILwCJY830sZ4Mm3q1KYhCQt-oDC8&ectx=1&miniapp=supermarket
"Паштет с утиной печенью Совок, 130 гр ж/б",48 ₽,121 отзыв,"8 мая доставит Ozon, продавец Ozon",https://www.ozon.ru/product/pashtet-s-utinoy-pechenyu-sovok-130-gr-zh-b-317610347/?asb=DQ%252F5i6yUaQactIVqX9L8Cbdt72RFkDi3ByMPHFIR0q8%253D&asb2=sm8vcqHtbFmMdzCxYHhH2K-gb7TSbTzk1ic7Yt-fg9qVBCzguO7lF8peTxdnL7cx
"Брускетта. Закуска к вину GREEN OLIVE зеленые оливки & кешью / Зеленая оливка, Yelli, 100 г",198 ₽,1 отзыв,"Завтра доставит Ozon, продавец Торговый Дом Ярмарка",https://www.ozon.ru/product/brusketta-zakuska-k-vinu-green-olive-zelenye-olivki-keshyu-zelenaya-olivka-yelli-100-g-540126245/?asb=GALUu745%252BuHoxI1Ou%252Bm2ezT2PJNgkPvjaUSyMsCgEG8%253D&asb2=c64h_8GOYM7csQsJCJgYNpVXFDuyc_Bz2W-RDtEYS5mDbgQWARqOkNaOMl1U6yzu
"Паштет печеночный с грибами Йошкар-Олинский мясокомбинат, 100г х 3шт",302 ₽,32 отзыва,"Завтра доставит Ozon, продавец Оптовая Региональная Торговля",https://www.ozon.ru/product/pashtet-pechenochnyy-s-gribami-yoshkar-olinskiy-myasokombinat-100g-h-3sht-170745947/?asb=e5EYBbkrQ09%252F%252BbWUimaJRJIW2eFi2U1QL0bT55DzPI0%253D&asb2=qZlyuiTs9XC50aqaWaLHjuHJ0GD1emEDJeM5M1oXfEYmc3xB4lMfmZ7CdrMbfQZe
"Паштет говяжий Setra с трюфелем, 100 г",239 ₽,184 отзыва,"Завтра доставит Ozon, продавец Ozon",https://www.ozon.ru/product/pashtet-govyazhiy-setra-s-tryufelem-100-g-149366357/?asb=%252FUnZgrerNlSAQ5YBHpLv7WukDGFVkm3Q%252BBBnPiD6Dy0%253D&asb2=canGMVt599y-kVeqP-z3YVjRLXrglpn2jkEzVQkJ3AckszmYQwpgrij5xupnZ3Vh
"Паштет запеченный из утиной печени Груня Гурме, 100 г",284 ₽,40 отзывов,null,https://www.ozon.ru/product/pashtet-zapechennyy-iz-utinoy-pecheni-grunya-gurme-100-g-383138769/?asb=dNGhSfVoiO9amuCtRGmDiCORvyVpObKdlWdfqGWVEsE%253D&asb2=04ctC1oPfpTZ0tslyWMuOgDTC3O8-O-iVGHr0elMZft1F7r7ItBV5wIVZfbT94od&ectx=1&miniapp=supermarket
"Casa Kubana,Тофу, Паштет ""Трюфельный"" 3 шт х 110г",404 ₽,35 отзывов,"Завтра доставит Ozon, продавец Здравпродукт",https://www.ozon.ru/product/casa-kubana-tofu-pashtet-tryufelnyy-3-sht-h-110g-497515383/?asb=EnvTGwl2xlKCan%252BuVUjOmzWPiyCPxRDwEZqziILIhe5txehQ2cH1MZWDrY3wKyzK&asb2=LNnmPz9uVxbXo0BYyx06Pzef3bp6ZkmXtlRcaLtMw8mtxnlE7jdlK6xR1hQlOt8apNFYNd3g8O07LLCVIPdEQHABQ689ky1VTppsAGMyUgPOiRRYQA40GKOD4kSByfEhX4on6oLTnXXbhUJfx6ykqw
"Паштет Le Pere Nagy ""Риет из утки"", 180 г",439 ₽,156 отзывов,"Завтра доставит Ozon, продавец Le Pere Nagy",https://www.ozon.ru/product/pashtet-le-pere-nagy-riet-iz-utki-180-g-180724681/?asb=tD0Dyvjl5G6%252Bjzgdm5CSJL2IStbVjKe8dtSe0TUtb561mdVcGXujEBiATfWyktDT&asb2=fJfL-baKdmbT_SL2fimuMQaREZEQmOIrMgC-Njo6oppVk2SZEdK0_VU2tz6kJUwJt8LGBQEm01o-Il25bjMNi4JdT9Zpaj9-gmTGHs4odyUyaeHWCYiEPo9llhjcSGiJOh83-YPE--viSr2-jNs1XQ
Паштет Мясничий из мяса утки с таежными боровиками в сливках с тимьяном 240 г. ж/б,345 ₽,111 отзывов,"Завтра доставит Ozon, продавец ООО ""ПЗК""",https://www.ozon.ru/product/pashtet-myasnichiy-iz-myasa-utki-s-taezhnymi-borovikami-v-slivkah-s-timyanom-240-g-zh-b-225949473/?asb=pEgE3D0NEewubzldzNC8KhnWLCraiZM4AjbOsKtInsXGvHgkxvr6ThzLpZJ7j0ky&asb2=OkAziULYGBIPtkIfr7eeKVD6WUwLAYWee8X74KdcFFY5VU5AgVFp9WW7gP9JDxxaoInd6UbU-bBqnA9bhWTHHAE6-iq7_uO5Fg6ghiVS2ujCVoABIyRJgeVNC35BKNwoAErLoIMHvRVKgitNfkmH0A
"Паштет гусиный Setra с брусникой, 100 г",190 ₽,197 отзывов,null,https://www.ozon.ru/product/pashtet-gusinyy-setra-s-brusnikoy-100-g-149366356/?asb=AP%252B7036GdM7Ugr1b5BKD6navMpoU%252FLYOYvm6ZLkbjCk%253D&asb2=6OTfWDKJQI1Kvmu1hKAt3H-jWQRTGJ-y3kXJ3rKhbO4e214Glx9f1o-IGK9xWknh&ectx=1&miniapp=supermarket
"Паштет Печеночный Ecochief со сливочным маслом, ГОСТ, 250 г",158 ₽,63 отзыва,"Завтра доставит Ozon, продавец Ozon",https://www.ozon.ru/product/pashtet-pechenochnyy-ecochief-so-slivochnym-maslom-gost-250-g-289242214/?asb=7Q62lZbvwkqw8AdoHcLo%252BSL3XTMWnLj%252BtqLrnHsIySU%253D&asb2=C5_YL87PCNRIwaeYgkIdGngl-ymj3y12Qk1COB0XJzFemPEAC1BeWY9UfPI9MgGj
"Холодец Домашний из свинины и говядины Диво, 300 г",178 ₽,19 отзывов,null,https://www.ozon.ru/product/holodets-domashniy-iz-svininy-i-govyadiny-divo-300-g-383225018/?asb=pvdiUicp7exvZbdfDp8Tb%252FOzGr5ikQhDo9Ntex8uhK4%253D&asb2=yLFgNLVcbb5NVLW-XiEwKPwA-P95Uqy_vvzQ1ZBUrH2JUcwnGl39UO_ptmluwUPP&ectx=1&miniapp=supermarket
Паштет печеночный со сливочным маслом Люкс Йола ( набор 4 шт по 100 гр) ГОСТ,436 ₽,21 отзыв,"Завтра доставит Ozon, продавец ""ЙОЛА-НН",https://www.ozon.ru/product/pashtet-pechenochnyy-so-slivochnym-maslom-lyuks-yola-nabor-4-sht-po-100-gr-gost-413578651/?asb=P%252B%252BcF%252FtVogxBzDzqHsYpLvDUSD5oBZJz%252BM7MBj9pZc32P%252BOio1u96ieiRiaVAHz0&asb2=UJ0md79e7xzy8UX9lUUn-rlI83JLPKHyfdLQdZPFlTOK9adBbjsB8JIiU4PPYycvBgslCH7ZjH6tywubD2nNXv_iTYTmArnrEagNgBZkdBHsTw-X-9VqD8y6Da6oDaRUhmeLm28_9C9SzgXSePw3Yg
Паштет с мясом индейки Йошкар-олинский МК ( набор 5 шт по 100 гр),525 ₽,12 отзывов,"Завтра доставит Ozon, продавец ""ЙОЛА-НН",https://www.ozon.ru/product/pashtet-s-myasom-indeyki-yoshkar-olinskiy-mk-nabor-5-sht-po-100-gr-478312829/?asb=pM1EuIyUVk7%252F60r1EZ0cNP4BqtPOQgyPbKSoNh0ID6fadQl6MTxxBy%252FjetgjqFcr&asb2=lJBNAzv1vUj6J1vuhCr544UknHiQn-unkYd_CQT5SCxBmHDMiHJj5pet9tWH2TgLiQ_916bOJlnsMVWWdEYx5X3201aPWjC7egAkt0WuQuxoB7Q03jR1vKzuvFgpXWbJZeuVcfAnsoSjDOt9gEzMGg
Паштет печеночный Премиум 2 шт. по 250 гр.,462 ₽,46 отзывов,"Завтра доставит Ozon, продавец Хорошая Сторона Еды",https://www.ozon.ru/product/pashtet-pechenochnyy-premium-2-sht-po-250-gr-374641535/?asb=TfWJRLjfD5K2yy1acW%252FU58LMdVK2V168e5lDHxRLcYY%253D&asb2=FE6uMen2xzUYqpT7GtvTHvQVIxFSeaVsV1hKAK2YZi3q0jXziW_w9nCDHa4eWYpq
"Паштет Le Pere Nagy ""Риет из индейки"", 180 г",413 ₽,156 отзывов,null,https://www.ozon.ru/product/pashtet-le-pere-nagy-riet-iz-indeyki-180-g-178680465/?asb=olz2eK%252FbzKqVShfd%252BJJLMOYFJ1zh3%252FsKKsxZcWOGFwgv3DdSceTMFhJUNBo3t8T%252B&asb2=ErnY3jKNVeaBjRO6EIEaWKbb_3ipbZo_0Nbr6ONoZoZW7cjJ74lwARn3f6epSa_8f1cm3tasAEJi5HSGSOJD2yp4WSOELdZrn2sKG8oTqOlG8uyBQ4VUOfqtcUu-iUQZdtABRATrUwqEXybxG0PTNA&ectx=1&miniapp=supermarket
"Паштет Пражский Ecochief, ГОСТ, 250 г",156 ₽,53 отзыва,"Завтра доставит Ozon, продавец Ozon",https://www.ozon.ru/product/pashtet-prazhskiy-ecochief-gost-250-g-289242224/?asb=PElq7boVlyds4PjCoA2449r1pgZiByXbvkaRJU2kaxs%253D&asb2=yunLKHz-2ADKWbQLW6Ml3DE6kSXfWNyZ667PYxWevvTb3mtliS_r-dWn9exwWhx6
"Casa Kubana, Тофу, Паштет, ""По-Испански"", 200 гр х 2 шт",395 ₽,50 отзывов,"Завтра доставит Ozon, продавец Здравпродукт",https://www.ozon.ru/product/casa-kubana-tofu-pashtet-po-ispanski-200-gr-h-2-sht-180749636/?asb=PFApLETACpFAG0%252B3Tk4TcbD9xEKWXY14LJN64pxOXbLEW%252FqQtwsBFJ6ldJUVDYvW&asb2=QQwBv5UtRv3HiUVTdlXmfPv3rBEQYJTbTjG6ZhFRvSuW93QTqvSrMLlpW7MyMcObjbxefxnXGKqv49UGDBw8mPT2EAkCQi15OtvKPjjQW1r2GI8iFRhbO7VloepyiBsFTOjxE9cEiQcB9vQPtX7W9w
"Паштет Le Pere Nagy ""Террин из утки с инжиром"", 180 г",420 ₽,156 отзывов,"Завтра доставит Ozon, продавец Le Pere Nagy",https://www.ozon.ru/product/pashtet-le-pere-nagy-terrin-iz-utki-s-inzhirom-180-g-178680464/?asb=2Kae%252FA%252Fqycs16GMrvRmeG8MR8BjOneuV7yLsKTdKQL%252FU90%252FgL62DnE747xHShlK%252B&asb2=OenLbsXqxNkSdN6pfy365tIWY66tZELkz5oTEO0tRif3FGiZC0oiB7SDYeh7Y11q0orTRo_Lm_hBL39eNgcyjLVV_EZC2DEvL2bV2E1kD5M_P0rQT8EMuwiIJAQS518U5EMQFzpg-NqabZvKxq46gw
ВеганИваныч Паштет нешпротный из Тофу копченый 200г,266 ₽,5 отзывов,"Завтра доставит Ozon, продавец Яlove beauty",https://www.ozon.ru/product/veganivanych-pashtet-neshprotnyy-iz-tofu-kopchenyy-200g-546361187/?asb=TfRUkhpnmyyxJKBAsK1UK7TWqKQx3JTJYAwaOcbO50M%253D&asb2=b62kEUMLvoaeypYRC7C-O1nVIe91SW51VawMjfibvHIztACooFi3XaV6-6fZuC7-
"Casa Kubana, Тофу, Паштет ""Вяленый томат с базиликом"" 3 шт. х 110г",404 ₽,35 отзывов,"Завтра доставит Ozon, продавец Здравпродукт",https://www.ozon.ru/product/casa-kubana-tofu-pashtet-vyalenyy-tomat-s-bazilikom-3-sht-h-110g-497520425/?asb=T0%252B4%252FNC3vpwdebHHUB9AcGKOoYsbfYmgOQGXr0D5AnBdKY5gnhkPzyYoAAcUxa7%252B&asb2=EUERRqR1WfINoFaYPZRSnWFt6GH6ZH1ZHLUXYg0ni6nPSO1_w8zv0FgTTXZ-gkFzXxqE37mAoIb_PhbgzwwQ6_cXs2o_ZWkiDDd3K2EyEbGXzn2IDUdIwtyGo07o1ROVerH2WHkhjdvnDTKM1m0Ldg
"Паштет Argeta из куриной печени, Словения, 95 г х 2 шт",300 ₽,31 отзыв,"Завтра доставит Ozon, продавец ОРГАНИК ФУД",https://www.ozon.ru/product/pashtet-argeta-iz-kurinoy-pecheni-sloveniya-95-g-h-2-sht-174295411/?asb=1X2mJJ7dIC%252Fcl%252F4UqJzUQ5UAQDkl7fVGp1IuWj8tGIc%253D&asb2=p4JKX-dw-pRj2Zu7YFsWLYZ_XfX-Dkwv-3wIUG3tTuoP3HwQluslP5olIOgO8vG3
"Casa Kubana, Тофу, паштет с кунжутом и водорослями вакаме ""Морской"", 110г х 3шт",363 ₽,35 отзывов,"Завтра доставит Ozon, продавец Здравпродукт",https://www.ozon.ru/product/casa-kubana-tofu-pashtet-s-kunzhutom-i-vodoroslyami-vakame-morskoy-110g-h-3sht-240292011/?asb=OTNb75acOU%252Fk18WJZTz1A1rXneRi%252BE7No1Uw1Ftg4ilCfWPwdYAOeTyME68qrm%252Fj&asb2=Eep0I3OyrefwscmXrW-IlWV_Xr93zRcqY3glO6pesDramLmWTSGEkaRLJpJmzq73E6fB0bLCq63jlOAexbW_z5eC931n40mi6UdtRacOj6oO3zANy6zl1izuPRZHjG8u326plY3c70b41FRuc-6eTQ
"ECOCHIEF Паштет с Грецкими орехами, 100 г",185 ₽,16 отзывов,"Завтра доставит Ozon, продавец Ozon",https://www.ozon.ru/product/ecochief-pashtet-s-gretskimi-orehami-100-g-289242196/?asb=v%252FBdrlLmM332OTBqr%252BuUemlslh0MeoQAqLQ1Qz3jSYU%253D&asb2=AnlHeRhplJ_9f3OJkhNZw4hithzeglKY97c6ef5FWY6-FWT_R-742tkDGFmiWzJz
Паштет из мяса косули с копченой паприкой Мясничий консервы мясные 120 г. ж/б,270 ₽,170 отзывов,"Завтра доставит Ozon, продавец ООО ""ПЗК""",https://www.ozon.ru/product/pashtet-iz-myasa-kosuli-s-kopchenoy-paprikoy-myasnichiy-konservy-myasnye-120-g-zh-b-225948547/?asb=dOskjbZ1TBr%252F5GqRAGcOQkPxPA4Zrp%252FsfaZIiyjPwKOXQrzBj1YgtHHd3hgaLBCY&asb2=5J_-UHj7vBp7W6-sSojtw8zEZt56Pi_Ogt1ydVH95WnZiN6TlOXsU293AJ9ImkDc7Myf77Rm3frE6DtbmaYWtZMk0o8jT4RFWmSG4Vtzt3d6HdyT9GO7ZwqPJPx7U3jaaOjwEUAxUiamxIY8MA3aYg
Паштет из лосятины с пряностями и чесноком Мясничий мясные консервы 120 г. ж/б,270 ₽,190 отзывов,"Завтра доставит Ozon, продавец ООО ""ПЗК""",https://www.ozon.ru/product/pashtet-iz-losyatiny-s-pryanostyami-i-chesnokom-myasnichiy-myasnye-konservy-120-g-zh-b-225948493/?asb=gskFyhB3ByV6kycwos28aYJ8AVd%252BunngbGjyzWXJZoardE0LelMzzMnZWIijOczd&asb2=gdYuKhq_G_W6QmZ2GmuavP4W3CbsojlmJ7mGMXYiHOm0aFT-lXQl5E2-VIjOQUK3YF97bAweBBJhehXYfbSqVRo1NeAp7IlOlvX7hFtGEsGg47USQ2SuvCHAbtcYjV53PFypmf9i64GihLGyB_LoWQ
"ECOCHIEF Паштет Мясной ГОСТ, 250 г х 2 шт",298 ₽,34 отзыва,"Завтра доставит Ozon, продавец ООО ТК ""Тандем-Самара""",https://www.ozon.ru/product/ecochief-pashtet-myasnoy-gost-250-g-h-2-sht-231639531/?asb=pZOSNLcm9cdSpouXoMpzbznCXFV9ax%252FtChhEQUfejkI%253D&asb2=HVqqorT4UY9OxhVQhPtMR3CZmn4xq31dKyfpOH-Vhf-uFjWYy6R_nMn9lymnHGMH
Паштет Мясничий из утиной грудки с миксом из цитрусовых и грецким орехом мясные консервы 240 г ж/б .,345 ₽,51 отзыв,"Завтра доставит Ozon, продавец ООО ""ПЗК""",https://www.ozon.ru/product/pashtet-myasnichiy-iz-utinoy-grudki-s-miksom-iz-tsitrusovyh-i-gretskim-orehom-myasnye-konservy-240-g-225961269/?asb=Bsz2PRcwalDWfAf%252BFZWQ1Gl2SFfsyT0ZelrVRmYzZrzR1xeNeeLwIl2yJ1fBlvHV&asb2=lhRCMjwrN6Z9RqX3XPhRxmtQNbkRM9JLyCHdk21FCdL14hqVcJg8vc94R8iB7xgP7kCoSjBFbkwCVKuVkq8I1g6X1Ya4N6_ReZixLu8cntJVCLN_OZzXuDHddrJFjdmb-HEx5IegcPVEu5H5NWjfoQ
Паштет печеночный Премиум 3 шт. по 100 гр.,417 ₽,46 отзывов,"Завтра доставит Ozon, продавец Хорошая Сторона Еды",https://www.ozon.ru/product/pashtet-pechenochnyy-premium-3-sht-po-100-gr-374637120/?asb=pWefL2FPOMufdZEGkH4unSdQrbdcuNJNUP6obrZ3zm8%253D&asb2=ryaxowMzNKgug2z-aQ_MZwV1zCjCN8f5wfNam1YCl9UyFh3wjplmsQIK1G2BZOXm
"Паштет Argeta куриный, Словения, 95 г х 2 шт",300 ₽,25 отзывов,"Завтра доставит Ozon, продавец ОРГАНИК ФУД",https://www.ozon.ru/product/pashtet-argeta-kurinyy-sloveniya-95-g-h-2-sht-174295486/?asb=K5FYvWbMWB3Fe8IhTBnjEHmhuXDrctM%252Bmb8zpsElSCg%253D&asb2=vTdhhMRyB8l8B8lrLQf66MaABT5iiFmZomzah0pLJNkCsEccQzrdjVVUxWwVJLzR
"Паштет печеночный с зеленью, 100г х 3шт",310 ₽,18 отзывов,"9 мая доставит Ozon, продавец Оптовая Региональная Торговля",https://www.ozon.ru/product/pashtet-pechenochnyy-s-zelenyu-100g-h-3sht-179841371/?asb=Q3RfQO%252BzmcJ4b%252FAzXeuobBt3GhwQFxiovOC4nZzznMc%253D&asb2=XIACmdhcjFprShSydKv_tXpmWdB5_7eo8tvMMwuN9hS-tmw9vLOdTDfWVQJY1ZfH
"Паштет печеночный с маслом Люкс, 200г х 2шт",472 ₽,31 отзыв,"Завтра доставит Ozon, продавец Оптовая Региональная Торговля",https://www.ozon.ru/product/pashtet-pechenochnyy-s-maslom-lyuks-200g-h-2sht-174535825/?asb=gZ8dvwM4SDnBVjnW%252B1DLNSL5Q1xNXTCpQSC7bsuZl%252FM%253D&asb2=bMaUyXXlTTgVnXnVK9Uo0AhIKJGtfBtRPfh2Ab35RvvFq4RomSEmvCdBaDiN1Byk
Паштет Мясничий из лосятины с пряностями и чесноком мясные консервы 240 г. ж/б,290 ₽,190 отзывов,"17 мая доставит продавец ООО ""ПЗК""",https://www.ozon.ru/product/pashtet-myasnichiy-iz-losyatiny-s-pryanostyami-i-chesnokom-myasnye-konservy-240-g-zh-b-225942531/?asb=P5Gw5U4ubuMq9mPo6znqmEi8KSmok%252BKALKLmcktaGD1Ytkzacdq2GE3CMJFhI6ac&asb2=buFTQxkBeEp7zrmIVyV6p9xD45Z0qMOKkTMmE5aWlrySvOEov2Ct9goBLjK-otbjQ_vbWdO0lncLbbxewlLM2SXEjWOb8yTFSZAOAlsgDkHJs9-DQs1MSBwkASHE9X-75MaW-ZmFaaNwEDx3IqzLpg
"Паштет из медвежатины с языком и грибами, 200г, стекло,",320 ₽,31 отзыв,"9 мая доставит Ozon, продавец АО ""АПК ""ВОСХОД""",https://www.ozon.ru/product/pashtet-iz-medvezhatiny-s-yazykom-i-gribami-200g-steklo-298100983/?asb=gOhAdqT1J0GKKqimr%252Bx%252FTHYNmfOMNxnit9mhui64hWk%253D&asb2=lHI7MIT5gtitfENCYJT_04wR1Y797f4w6LMJ7YcuYy9mbIQkXk6T64R0tc0GsLTo
"Паштет из гусиной печени Фуагра , 200г, стекло",340 ₽,21 отзыв,"9 мая доставит Ozon, продавец АО ""АПК ""ВОСХОД""",https://www.ozon.ru/product/pashtet-iz-gusinoy-pecheni-fuagra-200g-steklo-298130258/?asb=g5pJQ7SaFwFNut9zZlryTbBKqP0bbjnN41uXuJbb6Ps%253D&asb2=7ucQixAn7YulYCZw5oKyy-6gL5A6lrC_nrspqNclcLT1fptwSj0FtWh1OYFpJLTE
"Паштет Мясной Ecochief, ГОСТ, 250 г",185 ₽,29 отзывов,"Завтра доставит Ozon, продавец Ozon",https://www.ozon.ru/product/pashtet-myasnoy-ecochief-gost-250-g-289242228/?asb=Ms6cQKeV1eXFVvkO6%252B6Vfw4tNrD4tg%252Bwio9wmiu%252B6PI%253D&asb2=LxOiPSzAHvzx4ROEh6zakqxmcXtcvsPFJKnIgsYYFKHQfOjKcUqjR2MqhPBcA7zn
Паштет печеночный со сливочным маслом Йошкар-олинский МК ( набор 3 шт по 100 гр) ГОСТ,303 ₽,32 отзыва,"8 мая доставит Ozon, продавец ""ЙОЛА-НН",https://www.ozon.ru/product/pashtet-pechenochnyy-so-slivochnym-maslom-yoshkar-olinskiy-mk-nabor-3-sht-po-100-gr-gost-413876561/?asb=5aV2AczRjHWi%252BKOIrw2xlRTNpRWVBXmxNGpLf7rF048QkPw%252BgnNfJw8EY0U7gLws&asb2=tasw_vbQfbhy5XZeksUTj1KA6Nl-5xatugAwuzRcew4gpbXcJouBOwQnDlYKbn6y3uOnPWHm-itnuNijnAVoYKr7dpxB4HBFrq7LzsmXuaZvUe88qI6a7lyUGV2eDRzHdmQZ36CM-GNacZ_8EV7__A
Отечественный продукт / Паштет / Готовое блюдо / Паштет из печени гуся / Печеночный паштет / Фермерский продукт / Сделано на ферме / Настоящий вкусный паштет,329 ₽,45 отзывов,"Завтра доставит Ozon, продавец Отечественный продукт",https://www.ozon.ru/product/otechestvennyy-produkt-pashtet-gotovoe-blyudo-pashtet-iz-pecheni-gusya-pechenochnyy-pashtet-280776996/?asb=x%252FAKRWDWtRnCtABTbDoMNqDtseCFns5AB2cBt43CnGPumm1PrgbFaR3fV39NVmRY&asb2=JY4xZRHWMUJ8gMgQjjnd1KRV5e7PQkCl06Hetsp0pl-ci3jhfBeqZA7yu1FTb8YNFWdu4L9a0k6mq9R0BeJBVRcrdXJDFT8IEnjl-r79fXZLOUibd6qGmHS0KoEzLbxcaSncsQEh8oYylcxbJ87kMA
"Ecotopia Соевый тофу-паштет Кавказский, 185 г",244 ₽,34 отзыва,"8 мая доставит Ozon, продавец Лакшми",https://www.ozon.ru/product/ecotopia-soevyy-tofu-pashtet-kavkazskiy-185-g-171562644/?asb=Nwf4IgnBZmdNjNgkotO9LWMNf6P0yX3%252B%252F6iGJVeMsPk%253D&asb2=6P0jR6QmR-QmsEpEVMXTxTmJorZM9LLVRrDDtaY7DBph9jmI5j4aRGodFjvV0sRS
"Паштет Argeta из индейки, Словения, 95 г х 2 шт",300 ₽,25 отзывов,"Завтра доставит Ozon, продавец ОРГАНИК ФУД",https://www.ozon.ru/product/pashtet-argeta-iz-indeyki-sloveniya-95-g-h-2-sht-174295445/?asb=UGQbPZEeFvbav072hUvPH8UgMlQxixkb%252FQDiE0SvNeg%253D&asb2=rDSjSkRTPlzAcB_ihEypaII675EmvPCr0ylCow68Y5V6yTlQl3XUu-EupCWUl0a5
"Паштет ""Нежный"" с мясом кролика / Великан / 90 гр.",176 ₽,1 отзыв,"8 мая доставит Ozon, продавец Великан",https://www.ozon.ru/product/pashtet-nezhnyy-s-myasom-krolika-velikan-90-gr-295144170/?asb=cTAkg%252FNoLRbpCBBWA9J%252FFrgaLjq15b%252FSj1zTMk%252BtSt3iPD2o2m5SdxdAY1vJ2MaM&asb2=5ZfkOCeOflA-2N6sDTdr7_P8049WJ2A8Y1oLXeBp4KgLbalcH0gPuuo19GnAiv7A_u5_Z2AQSgMcegBL0Pzj5ishstcCwm_O6jNA0mF6cTg-UANeSNVlcjn4INTiaGNbp5vlz7Qc-JR45VM5aFgg1w
"Паштет из оленины ""По рецептам северных народов"", ""Деликатес Дичь"", ж/б, 200г",295 ₽,14 отзывов,"9 мая доставит Ozon, продавец АО ""АПК ""ВОСХОД""",https://www.ozon.ru/product/pashtet-iz-oleniny-po-retseptam-severnyh-narodov-delikates-dich-zh-b-200g-261997370/?asb=AtXMgj3oGjFsR0IqVynz9vTKtiNn3eeM8X%252FdwZa7yUs%253D&asb2=_ZpXU-aaVEs8-E1zKiAHqCz8e_YswHut2cgM-DJf2D39IqOuMI0H8_lXUZ6cShlD
Паштет JEAN de VEYRAC из индейки с базиликом и кервилем 130 гр (Франция),435 ₽,16 отзывов,"Завтра доставит Ozon, продавец А.И.Е.-Премиум",https://www.ozon.ru/product/pashtet-jean-de-veyrac-iz-indeyki-s-bazilikom-i-kervilem-130-gr-frantsiya-160825070/?asb=ZucvJ2vqpxC%252Fkhq2lFijyFuAZLKDBpTUY3vIcjlTqA8%253D&asb2=_ywTTpYigAYtyU79dxQWuTKzhS4oQRV1aFauBafX9_igJWuVfQmKbPUFQfpFEhMW
"АТРУС, Паштет печеночный, ГОСТ, 325 г, упаковка 3 банки",706 ₽,16 отзывов,"8 мая доставит Ozon, продавец patchi.market",https://www.ozon.ru/product/atrus-pashtet-pechenochnyy-gost-325-g-upakovka-3-banki-191640570/?asb=GQJKcKUTlsFJyHBaD67jx6G6SqKcYPxittVKATRbdrc%253D&asb2=apRGoSmh5AymZ-ySzxC1IspSLohMAyR_QDjfC9_n8hhHs3rm-qNNJ8KiMslaHgQI
Паштет Мясничий из баранины со сливочным маслом Халяль 240 г. ж/б,378 ₽,12 отзывов,"Завтра доставит Ozon, продавец ООО ""ПЗК""",https://www.ozon.ru/product/pashtet-myasnichiy-iz-baraniny-so-slivochnym-maslom-halyal-240-g-zh-b-225926470/?asb=MjQdYZp7BKDzMRMOdDoPc%252BGkxcOQYD746mWeVfUlP2g7TAJ7AmZESa7erxLrFvqG&asb2=h08h25TxHLkLZA6V22cE_AAjeNhp65REaPu-I9d6cyUAT4XGEjribxIDb-hYTYnslSJ33aBvjovHVAt_OiKntiZWCUhrsOy1Bdwz-rIKZmyjJOnGn6z9NxUe1sloT5rcKugdC6hRgkm1IiTVPGsfHA
Паштет утиный Каусар 3шт,521 ₽,16 отзывов,"8 мая доставит Ozon, продавец ФерМира",https://www.ozon.ru/product/pashtet-utinyy-kausar-3sht-410356862/?asb=EZq%252FQkja4GN%252FGAtgNqHEQfuA6ulpPNY5lIAbkkoUjH46vD%252FO66gYNyXGtCogN6by&asb2=YOpm4yx2dUZUGgeJBIkvQvEgnQhb1carksomYkiOKBzfbYwAMDGCAGI_p8-cB_uN3_Sc-TyMmcsymWbUEg9VFs_Rhm72JQwR4mgCF8lD3A8ayLG7pIeC6zduuQl6N1YuD8Vz4tMdP7VhnYEPchQatw
"Casa Kubana, Вегетарианский паштет "" Грибное лукошко"" 110гр. Х 3 шт.",259 ₽,1 отзыв,"Завтра доставит Ozon, продавец Здравпродукт",https://www.ozon.ru/product/casa-kubana-vegetarianskiy-pashtet-gribnoe-lukoshko-110gr-h-3-sht-530374588/?asb=vPIFS9lVZ9MB2g476Z5iGJ%252Bhbs%252Fczvwi1cHeP%252BkFszsjaudCRUz6Jezq7rw1vjTy&asb2=y94Y6C3fW9ndL3ztLuAKN59Pe0ZRhxu7dsohEfwp29Uw7Zh3sxgdKIhxOOsncxmQ1dc78mvDo8CrQuIp6wJFykgOpow4x7-Tmoisw5UNEYm4q8bbdBXyRRcmJp-fIQpcM49ideDSWngvaU0X5kg2Tg
Паштет Мясничий из индейки со сливочным маслом Халяль 240 г. ж/б,330 ₽,62 отзыва,"17 мая доставит продавец ООО ""ПЗК""",https://www.ozon.ru/product/pashtet-myasnichiy-iz-indeyki-so-slivochnym-maslom-halyal-240-g-zh-b-225924840/?asb=J6pHvqda4VC1QFlqMJ6QuSwvGDkEcKSrMYw%252BTHhlH3wk9m%252Fh0%252F%252F2kgcw%252F9TpXn7M&asb2=beVRpxVTeuSCH7vtYFUYbYNBfsCk29wjqjLJTxXnCYJaLLWCf0L2kzhhw7Amv9zJudVclcsO00iiA-jSUA7pPuWGA_j9kF9U7dhdivgX3abRxvtDFASdmp7l2L5b3QxxiNkKnGv9BsNoa8Tda5bogw
"ECOCHIEF Паштет Печеночный со сливочным маслом ГОСТ, 250 г х 2 шт",298 ₽,82 отзыва,"Завтра доставит Ozon, продавец ООО ТК ""Тандем-Самара""",https://www.ozon.ru/product/ecochief-pashtet-pechenochnyy-so-slivochnym-maslom-gost-250-g-h-2-sht-231655927/?asb=0uruNPPMNY58B9hNz9Bj97k2QhdjoQclNCox9k3eZKE%253D&asb2=IOP5hXh80v4C476-XWXyAl-u0H60ArJKmjFR4GZo1xIVM1eP5HQe7WhOol5yBLnE
"Паштет Йола мясной, 100г х 3шт",257 ₽,36 отзывов,"Завтра доставит Ozon, продавец Оптовая Региональная Торговля",https://www.ozon.ru/product/pashtet-yola-myasnoy-100g-h-3sht-170869109/?asb=7DpFInbwTBBuCMX7mES6s0m8uLdmYxNgWlSHEX%252FJEWM%253D&asb2=d0HEWcxYmdK9tI7E-lk4x5vZKp153htJw5SLsnczpw7IzZnYTyIfu6sVWXc07wI_
"Ecotopia Соевый тофу-паштет Прованский, 185 г",244 ₽,20 отзывов,"Завтра доставит Ozon, продавец Лакшми",https://www.ozon.ru/product/ecotopia-soevyy-tofu-pashtet-provanskiy-185-g-171562642/?asb=EEv0g0euxBfaY1arZbdch3%252BWJKm1MSvhljyA4s2Kxcc%253D&asb2=_MwNp3yTPEZ6YHFhxaCjGrqlt7VfcJcEk7Fjv4Ti5asrggmHYKuSOCa_N2Pm22l7
"Ecotopia Тофу-паштет соевый ""Мексиканский"" 185 г",244 ₽,33 отзыва,"Завтра доставит Ozon, продавец Лакшми",https://www.ozon.ru/product/ecotopia-tofu-pashtet-soevyy-meksikanskiy-185-g-171562638/?asb=sfQ%252FyseWc%252Brz1tW45riFx0x8kmuDCWo47b8bKvFwmPA%253D&asb2=B26yCaS-EWaLMdKDiKLTHuhmgp5ZDCVkQQIGkCbWR8_lkxhmorGszd9Lq45zaNec
ECOCHIEF Паштет Пражский ГОСТ 250 г х 2 шт,298 ₽,35 отзывов,"Завтра доставит Ozon, продавец ООО ТК ""Тандем-Самара""",https://www.ozon.ru/product/ecochief-pashtet-prazhskiy-gost-250-g-h-2-sht-231634338/?asb=J7NrWuW7MSdX17Z5Vwy9yLb7sx6Kjp7Oy8K9YeIbtzU%253D&asb2=3ESi9D3OuLr8v3svsGrXih8KreHmQmh_VeyoCKc_YwcA8YLvD_qNi4S8DqP25i4u
Паштет печеночный Гусь Батькин Резерв стекло с крышкой твист ГОСТ 200 гр х 2шт,345 ₽,8 отзывов,"8 мая доставит Ozon, продавец MyStore",https://www.ozon.ru/product/pashtet-pechenochnyy-gus-batkin-rezerv-steklo-s-kryshkoy-tvist-gost-200-gr-h-2sht-507453904/?asb=k0DVKAvii9HBuGMwMKfTjc3Z8kNfhFv4V3ASH6%252BADEA%253D&asb2=X1XFOlOwFtEzLi-JwKAAkQ3wFo5tpX7GJxxMKvOmW0eCt9ViEkr0HsH7tu2EKoxx
"Паштет Argeta куриный острый, Словения, 95 гр х 2 шт",300 ₽,3 отзыва,"Завтра доставит Ozon, продавец ОРГАНИК ФУД",https://www.ozon.ru/product/pashtet-argeta-kurinyy-ostryy-sloveniya-95-gr-h-2-sht-316472287/?asb=226CVKaWNL%252F8aD3KhZkyNc611VpnPmWtdZWCQTwXRI8%253D&asb2=Sufcqs4qg6fG6eqF4d2TJZyMolSzK6C1ti_5fc_ymFWZHkrJwiNS1hqfKMAp9_nI
"ECOCHIEF Паштет с Грецкими орехами, 100 г",149 ₽,1 отзыв,"9 мая доставит Ozon, продавец ООО ТК ""Тандем-Самара""",https://www.ozon.ru/product/ecochief-pashtet-s-gretskimi-orehami-100-g-284873906/?asb=o0mvF5VGpAoZKwcBVrkWR2ppgZt5qKrnX8NdCcJsO%252Bk%253D&asb2=Daim3-CLlRdcApBsDKmVj0Z2xe5m7q0RcFwd3FfLSF4rApvkY1i8bF_Jv0zgCgiI
Паштет Secrets de Louise из свинины с соком перигорского черного трюфеля 180 г (Франция),692 ₽,9 отзывов,"Завтра доставит Ozon, продавец А.И.Е.-Премиум",https://www.ozon.ru/product/pashtet-secrets-de-louise-iz-svininy-s-sokom-perigorskogo-chernogo-tryufelya-180-g-frantsiya-236912779/?asb=8Vn2b0Wuqz6E2WBXDJDBqwwIuluOi%252BhnTzqfc8qoMFxLr%252FOTEPp4xROkB24AlDQr&asb2=O41qEHSv7FICpN7e0hPwbvqZlIZnZ_6CoRpwFDVTsaF5E1bGERBakC-Vdac6l3EPjnuCZcFc9hstmX1XDZTl4KP3hhC6mTzZ1YT4ZW7PKE7NXFtbRTLYwCxjjAplvYqRfd5WunGXpg3sRyydCLp_RQ
"Паштет Лесная Диковинка из мяса лося с тыквенными семечками (стекло), 200 гр",540 ₽,1 отзыв,"9 мая доставит Ozon, продавец Кетоша.рф",https://www.ozon.ru/product/pashtet-lesnaya-dikovinka-iz-myasa-losya-s-tykvennymi-semechkami-steklo-200-gr-368058324/?asb=zPsspHn8qzwuKRDU7c3hJfW6gp%252FoHK0rxqfcUEzJCJY%252F7ij1RAaQ5mMs6BOyHcsG&asb2=pINPy1SS0-Z24KspEN2z-0GWEaPfSEAAjNQenteQ7Uq3ldNAVDxslpexIQj3dP9RgMUTXg1M_7ALV4cTmgk_L7egodL-BEL1fJT4x3dI5jNfGMqW6FJjsA3J8-Ih2dSYMZHatsg1fv0FT24cGJBImw
"Ecotopia Соевый тофу-паштет Индийский, 185 г",244 ₽,49 отзывов,"8 мая доставит Ozon, продавец Лакшми",https://www.ozon.ru/product/ecotopia-soevyy-tofu-pashtet-indiyskiy-185-g-171562636/?asb=M0qIihfg0xgtffhrr7kqo9kMj30w%252FSRy59UJ3Lmvk2g%253D&asb2=h1fQ-xJyHeQh-2ncF4jfhhPNS2Yq9Dr3sWgbLNuXCm7i3V1SeS9oKD7nKga6FYkt
"Паштет печеночный со сливочным маслом ГОСТ, 100г х 3шт",302 ₽,51 отзыв,"Завтра доставит Ozon, продавец Оптовая Региональная Торговля",https://www.ozon.ru/product/pashtet-pechenochnyy-so-slivochnym-maslom-gost-100g-h-3sht-170745948/?asb=spOAZBSqf6hQbKgAOj7jhkumzvWSLrJL%252FEoVl80ENgM%253D&asb2=JlHCYzIkN9IlEh4PMdorIN9rWggzk5GctYkLPtHOECUgLJ7XNIEXSLwcql0vz4uR
"Паштет Йола печеночный ГОСТ, 100г х 3шт",270 ₽,11 отзывов,"Завтра доставит Ozon, продавец Оптовая Региональная Торговля",https://www.ozon.ru/product/pashtet-yola-pechenochnyy-gost-100g-h-3sht-230931918/?asb=nb4w0U6nf3xFrr1E3eHj0b2xIV%252FiFvN0OV9C7bEag2k%253D&asb2=7BopHuLifFuzF28sWEntQxemoHgGLql99hrz-2ENLoRy4he885_EDQrf3uoYOAEJ
"Паштет из печени кабана маринованной в пиве, 200г, стекло",320 ₽,7 отзывов,"9 мая доставит Ozon, продавец АО ""АПК ""ВОСХОД""",https://www.ozon.ru/product/pashtet-iz-pecheni-kabana-marinovannoy-v-pive-200g-steklo-298130151/?asb=9TiiAMVVL9TjcXSB3dVwA9%252FeqRizGC7NBj53VeJTgW4%253D&asb2=yPj_OrF-FlRQcCHB7CaQefX-jppIKQMp1EJoOCcC7hHwrvXX0G6mrs0vJti6Cwuv
"Добрая снедь Паштет из мяса курицы со сливочным маслом и кориандром, 200 г",365 ₽,4 отзыва,"Завтра доставит Ozon, продавец Вкус тайги",https://www.ozon.ru/product/dobraya-sned-pashtet-iz-myasa-kuritsy-so-slivochnym-maslom-i-koriandrom-200-g-238672155/?asb=DAM643b2HW3s4XtM%252BsBwB%252FS%252BAQny19%252F9bkaDxoKpC8l4Va1w7YzqdtAnRGCEnDK8&asb2=B_3MItD6QoskI7VswzbatJHbJAW6HH4E81r3JZZZ4aKaE8Sbeyoihk3TmvJzmMI1Vt9L1cMcK9LVtti1nLHlaTeYbMVJRvxaVu00pViTUtg4tLxnJjtLpiw5uPSMraL9AqFJV3LimUtNInlTRgVK5Q
Паштет печеночный Утка Батькин Резерв стекло с крышкой твист ГОСТ 200 гр х 2шт,345 ₽,8 отзывов,"8 мая доставит Ozon, продавец MyStore",https://www.ozon.ru/product/pashtet-pechenochnyy-utka-batkin-rezerv-steklo-s-kryshkoy-tvist-gost-200-gr-h-2sht-504812260/?asb=6IOV2tUFuPrC%252Bp96UqtQKsNixdhTQYBWkeDyrK%252BpBa0%253D&asb2=trvmSSNj87Et3ErLKKQp-LXlNab__SOzo2P80MDOTlZt61mEiLFwyKr3lqw5cj9v
"Паштет из оленины с вяленой клюквой и шпинатом , 200г, стекло",320 ₽,15 отзывов,"9 мая доставит Ozon, продавец АО ""АПК ""ВОСХОД""",https://www.ozon.ru/product/pashtet-iz-oleniny-s-vyalenoy-klyukvoy-i-shpinatom-200g-steklo-298226739/?asb=SibNqcZIxQbRIFTcH3uCbxeGzJpsSkyLeYK7QjarZQ8%253D&asb2=ZXEzTtScSp4Yurv14JHr96VT19CJUaoxTkXczgNNj1pRFDIRz_KbtqsS9mJJ5nAg
Паштет JEAN de VEYRAC из гуся с добавлением вина Коломбэль 130 г,435 ₽,26 отзывов,"Завтра доставит Ozon, продавец А.И.Е.-Премиум",https://www.ozon.ru/product/pashtet-jean-de-veyrac-iz-gusya-s-dobavleniem-vina-kolombel-130-g-frantsiya-161685313/?asb=SWra4sqnXVgFvGbUFgDb4sPaUVVqWHX52uUiYzDzOc0%253D&asb2=u0s2U03Kd6WHYMS5FoXN_YlVpLXbQNKXtnOolun6B9c8DhCuuEpAuL_N09fRso-P
"Паштет ЗНАТОК печеночный Пражский ж/б ключ, 6 шт по 230 гр",712 ₽,8 отзывов,"12 мая доставит Ozon, продавец РЮМиКо",https://www.ozon.ru/product/pashtet-znatok-pechenochnyy-prazhskiy-zh-b-klyuch-6-sht-po-230-gr-518625839/?asb=QBETD%252FRQviWA6tBSdmUNCogUo%252Bn%252BR41bmnLuReQX218%253D&asb2=ljNX8Q9dEWJM6vPyVdmt7HK8qJ4DRWNJ1uj6Oc3u8Xb1lnmRHehZq1SenG60NmPU
Паштет печеночный Курица Батькин Резерв стекло с крышкой твист ГОСТ 200 гр х 2шт,345 ₽,8 отзывов,"8 мая доставит Ozon, продавец MyStore",https://www.ozon.ru/product/pashtet-pechenochnyy-kuritsa-batkin-rezerv-steklo-s-kryshkoy-tvist-gost-200-gr-h-2sht-507453642/?asb=HYQvaOf3fNqxwFDuFdT7XzXVnZ%252FiKmMnh4AqesyKAGY%253D&asb2=KRquvpsmHFk97hpr0cANxLQZdHD6jas_hA3Y-nrHaV2Mr9uKqqCncdCAfQ17vBep
Паштет печеночный Эстонский 100 г Кусокъ 8 штук,501 ₽,3 отзыва,"9 мая доставит Ozon, продавец ООО ""БАЛТИС""",https://www.ozon.ru/product/pashtet-pechenochnyy-estonskiy-100-g-kusok-8-shtuk-182219636/?asb=I1lnSBXZ4uwBcDqfNT5Qa3mXMmMt%252Fr3tuhr0byBoJVQ%253D&asb2=3EXgpsqwT7oOuDFJnxW64UVZyo0xs5qGSYmY_rIwjKmlUdQugyS5WMzQujcmAlC4
"Паштет из мяса лося с пряными травами , 200г, стекло,",320 ₽,11 отзывов,"9 мая доставит Ozon, продавец АО ""АПК ""ВОСХОД""",https://www.ozon.ru/product/pashtet-iz-myasa-losya-s-pryanymi-travami-200g-steklo-298086898/?asb=2xa9pUzG9a51Wstw%252BDm0OqYE7Jm9l9dO14jYpAhLrbY%253D&asb2=cd-ZObS_ki6bM2x_O79FxRHNwqh8VlzG9DEqHMwk7ZA2kA6z-n-IqY1fRt2G0S-9
Паштет JEAN de VEYRAC из утки по старинному рецепту 130 гх2 шт,799 ₽,44 отзыва,"9 мая доставит Ozon, продавец А.И.Е.-Премиум",https://www.ozon.ru/product/pashtet-jean-de-veyrac-iz-utki-po-starinnomu-retseptu-130-gh2-sht-179180337/?asb=DAPH9cFW4mbT4xWbKjiRWupvjY2UseR3fLrly3S%252FQsY%253D&asb2=cMHDPbu6FXQ3TMBuczb5FM_WEenEfJ6vaOFpZMMqQsAUgQmbqsyySE2TIq6MV4wK
"Паштет из утиной печени с шампиньонами, 200г, стекло",320 ₽,6 отзывов,"9 мая доставит Ozon, продавец АО ""АПК ""ВОСХОД""",https://www.ozon.ru/product/pashtet-iz-utinoy-pecheni-s-shampinonami-200g-steklo-298130235/?asb=2aT5rdLo3uRXr7Ji9Hz6C3Sg1SGoUVva1Vn%252FN2inPDo%253D&asb2=50Z_WULBaIMmKIRK9V6l0FV-S1EwRuHxdUrlPktLOInVyZ47BdqoZEuejkTMEDVJ
"Паштет Лесная Диковинка из фермерской курицы сливочный с кориандром КУКУ, 100г",420 ₽,3 отзыва,"9 мая доставит Ozon, продавец Кетоша.рф",https://www.ozon.ru/product/pashtet-lesnaya-dikovinka-iz-fermerskoy-kuritsy-slivochnyy-s-koriandrom-kuku-100g-371410433/?asb=9ic84Vmv%252FE%252F6wM8bbrU%252F9KhWJXKw9bUWz4GvJ8kNKGNtsbJwu9HFxiE6u571NZHn&asb2=6xxW9WU3Yy6uB3wxuKsOmS4qEg4vQ0HZpRH1xYHAJGbnLL6dLVL7xk0GHJ9Hn48-r42reiXUzRzGZpPuHuX7zxOrIO7LKxmkHx2Wq1WHncy75WZR90htJehsbRSVdLLXbRVQ1M0cv3ke4zeSR0GdlA
"Паштет овощной из артишоков """" 100г*2 шт",520 ₽,3 отзыва,"Завтра доставит Ozon, продавец МСК Ритейл",https://www.ozon.ru/product/pashtet-ovoshchnoy-iz-artishokov-100g-2-sht-184792148/?asb=5m3BXgwVc5RFxBqr404mi%252FU3HhM%252BBsf27cpUXsd%252FDAI%253D&asb2=yH3vvHbO1taZDruGJkQsGoDZLfsnbzLgdIL7SeXob4R2QQXew8n8B6kgSOQ_foLu
Паштет JEAN de VEYRAC из дикого кабана с клюквой 130гх2шт (Франция),804 ₽,3 отзыва,"8 мая доставит Ozon, продавец А.И.Е.-Премиум",https://www.ozon.ru/product/pashtet-jean-de-veyrac-iz-dikogo-kabana-s-klyukvoy-130gh2sht-frantsiya-309095421/?asb=GLCYH4yS2zYeeJqzsZfzOcvfGEmUKBnDWbNeGk3NvOY%253D&asb2=MHEuYeq1WdgpgfNk8Q1KWdKEMu9xBOE64aV6T9YDgb3RNW9o8lrpqEgDTgcbrRjB
"Паштет ЗНАТОК печеночный Со сливочным маслом ж/б ключ, 6шт по 230г",712 ₽,6 отзывов,"12 мая доставит Ozon, продавец РЮМиКо",https://www.ozon.ru/product/pashtet-znatok-pechenochnyy-so-slivochnym-maslom-zh-b-klyuch-6sht-po-230g-518628168/?asb=qNwiF8Zx2iSuFfgDgrLVf9wjY53agRMPjFZOqxpTX%252Fs%253D&asb2=Eav9AR4fsu3I0ztkP1runFU-Qr3Ixgaoku9XBkTOBwXabDWv8jFAxZVjulL0mH1Q
Паштет JEAN de VEYRAC из утки с апельсином 130гх2шт (Франция),804 ₽,10 отзывов,"8 мая доставит Ozon, продавец А.И.Е.-Премиум",https://www.ozon.ru/product/pashtet-jean-de-veyrac-iz-utki-s-apelsinom-130gh2sht-frantsiya-309094538/?asb=yjj5s%252B7JEBAm%252BLyseUah6ekjBwpG%252FERBwyLl5B1iF40%253D&asb2=ioZk2Nl2bdKcdIMRJLNBnu1Hedfv-V4GZhvNxc-df40DhheBbaIrMSDSdIiZvQEs
Паштет печеночный Гусь 200гр 1шт,136 ₽,1 отзыв,"Завтра доставит Ozon, продавец Сервиспродукт",https://www.ozon.ru/product/pashtet-pechenochnyy-gus-200gr-1sht-425734842/?asb=qGL9Z675nLs5F9YoQJKvKKk%252FYbhhLBPm653%252BHpGjnOA%253D&asb2=KuAyC5uq6mhS6vjCcKcBJM7r1-DXqkxqPDm1P04McP1qQqb0SiDyitTmtvrH70hD
Паштет Лесная Диковинка из мяса кабана с сушеными яблоками (стекло) 200 гр,580 ₽,1 отзыв,"9 мая доставит Ozon, продавец Кетоша.рф",https://www.ozon.ru/product/pashtet-lesnaya-dikovinka-iz-myasa-kabana-s-sushenymi-yablokami-steklo-200-gr-368057627/?asb=Vdir15%252BDnDBZLrNCsLDX3G%252FyjzqrrWmv4m0nqz01mCcpRcpWogKGKV7KQO%252FX3wCU&asb2=JP4ZeG0cwQe77P94MtBRZay1oPuTi0lE7ka-R412x74DVrv-nzLI6wivLSw13VY4iG6JvrgQ4p4UfpRxgZO2UDwlH3EJTSZsstM1nnK7vR8n0ezXXCs1NjgMFsXtoP9dpUFFAUG9D7DTCzARhf732Q
"Паштет Jean de Veyrac, из оленины, с Арманьяком, 130 г",449 ₽,23 отзыва,"Завтра доставит Ozon, продавец Ozon",https://www.ozon.ru/product/pashtet-jean-de-veyrac-iz-oleniny-s-armanyakom-130-g-227737410/?asb=%252FdFC9kR7bXYIECjH5OSqV0wxv%252FOygVx%252F%252BWFTHDRZ2po%253D&asb2=UAvRi5Xeg4IKq7gIGQ2ogv5Jtr3ExNe96d2NprynJZUI-99rBxZ9snI4gfOrWkhn
Паштет Secrets de Louise утиный с подкопченной утиной грудкой 180 г (Франция),783 ₽,10 отзывов,"8 мая доставит Ozon, продавец А.И.Е.-Премиум",https://www.ozon.ru/product/pashtet-secrets-de-louise-utinyy-s-podkopchennoy-utinoy-grudkoy-180-g-frantsiya-236918437/?asb=3oytpONlO2NS%252B%252FGDeZw9KY8o8pELDTMVXZITM4k2vmJQyWSYbdM7Ilrcy7FaEM8d&asb2=EhGz0-LM88667rZfzcj9p7XfogMWxCN3POiateVFdSA-9rWdVkZ9MRNzTEHWSIPopLkOMuKFIc2UVBpGvi6Cy09wnYD2nowZalRHbwVmZlAgnH0xydQl5lxiUHvYTQHho9vdYT3OBWtIkzldZbSf6g
Паштет JEAN de VEYRAC из свинины гасконский с Арманьяком 130 гр (Франция),435 ₽,54 отзыва,"8 мая доставит Ozon, продавец А.И.Е.-Премиум",https://www.ozon.ru/product/pashtet-jean-de-veyrac-iz-svininy-gaskonskiy-s-armanyakom-130-gr-frantsiya-165919395/?asb=xw1S%252F8ooHMeJgx3%252Fg3aWC1H4ZkRJANlGQX2iIqVImMM%253D&asb2=OovSYgKaqtL3oh4YxnywmDA0zX8V8jl6C94H-Bdl3FAOEbHC40ijM2RlZMXBXq8a
"Паштет Jean de Veyrac, из утки, по старинному рецепту, 130 г",519 ₽,54 отзыва,null,https://www.ozon.ru/product/pashtet-jean-de-veyrac-iz-utki-po-starinnomu-retseptu-130-g-227737390/?asb=JRZ4yK25Sx1lMoRMRN7o4gRVC5gnnb0xQ0jrV%252FpzXPQ%253D&asb2=9PSc-80rkACaaZBghUym8dBcrxeETBJDT6sWlCV8Nr83I_Bz1ocbnJD1HaMxfx0x&ectx=1&miniapp=supermarket
"ECOCHIEF Паштет с Грецкими орехами, 100 г х 4 шт",560 ₽,2 отзыва,"Завтра доставит Ozon, продавец ООО ТК ""Тандем-Самара""",https://www.ozon.ru/product/ecochief-pashtet-s-gretskimi-orehami-100-g-h-4-sht-285414524/?asb=NAkVJMDi%252B70f5Klf8pW9l5o668XzUubPkU1nnpfNAPk%253D&asb2=EYGS4QDcAogLyuMgIvECFw0TyHfo3gpr0BbvDxqG4re22PqjRoovf9xW-MUmys1P
Паштет JEAN de VEYRAC из дикого кабана с клюквой 130г (Франция),414 ₽,6 отзывов,"8 мая доставит Ozon, продавец А.И.Е.-Премиум",https://www.ozon.ru/product/pashtet-jean-de-veyrac-iz-dikogo-kabana-s-klyukvoy-130g-frantsiya-309094581/?asb=339jKNzq3p0wrstFjeAe%252BR39GHlXBvlrPmD46mEt3J0%253D&asb2=8ziVEX3uL51NZhvd1dXynGtBYEzjS1MiAfLf5ottc7pX44Db6dj4EN_VCJgHMC-H
Печеночный паштет со сливочным маслом с ГОСРЕЗЕРВА/ стерилизованный/ ГОСТ/ 10 шт.,558 ₽,1 отзыв,"9 мая доставит Ozon, продавец Ирпторг",https://www.ozon.ru/product/pechenochnyy-pashtet-so-slivochnym-maslom-s-gosrezerva-sterilizovannyy-gost-10-sht-504988775/?asb=uf8Toaa0armre9zFpdqHxXAbPRALnXkc6WAVk4UDr8XKXhCSRwUjvx0AQ9pbydWQ&asb2=5dQeCw0g0sKT_mjRfqDJMfnaRrivZeQlyJKuZ845zGaAtmX_PSAhQxSQ42Z2k2NNnM-AuOdBuWD8VhhUKwqyMKSVIgn58wHZgJ84rjZ0p6LU9VNOGrxH0oBlbcEkQlfMqcxdlNfNOf94oYULaLHf8Q
Паштет JEAN de VEYRAC из оленины с арманьяком 130г(Франция),414 ₽,6 отзывов,"8 мая доставит Ozon, продавец А.И.Е.-Премиум",https://www.ozon.ru/product/pashtet-jean-de-veyrac-iz-oleniny-s-armanyakom-130g-frantsiya-309094566/?asb=JwAZhrfrkTdz8gDwl4IIaKBMg0Kp7%252FOr9wjsCymJXg0%253D&asb2=cGEXN9vSzUqhMxC5W72XhgZYUrQ6o54ApITIqBDt8lKrzLmQHG_IIMfxy4iVMXdL
Паштет со сливочным маслом ГОСТ Йола ( набор 5 шт по 100 гр),500 ₽,32 отзыва,"8 мая доставит Ozon, продавец ""ЙОЛА-НН",https://www.ozon.ru/product/pashtet-so-slivochnym-maslom-gost-yola-nabor-5-sht-po-100-gr-535519357/?asb=iQlfSJ3ewpsqsMElOHgPr1xIYri14J9mKHAk%252F4HDqTHrNAtgd%252FORcAoDMC1KRoYI&asb2=Fpxx7BYfkMyghk0m8a5cUuTE6psjNIlJ6xuZI1yVY8uPlkeKMogBz7w_7pvEWUopV0bLtXAdgC0cvL2ksbMjD7oxHqS1NxwuesUi8R8pGJV5SdumnnZH3CqIzsmPhaKI7E7iG66pUQ2p9ZFxupn9Fw
Паштет печеночный Индейка Батькин Резерв стекло с крышкой твист ГОСТ 200 гр х 2шт,345 ₽,8 отзывов,"8 мая доставит Ozon, продавец MyStore",https://www.ozon.ru/product/pashtet-pechenochnyy-indeyka-batkin-rezerv-steklo-s-kryshkoy-tvist-gost-200-gr-h-2sht-507454315/?asb=STDj4xvCbmm3aVPGtevOB5%252BEIDpUf382jLIpB2BeSec%253D&asb2=3vvUxxstwN7PS9e5KMPiuxITGs_mb8hq34JtAE1pFrwXJq0XoHce53JTzYFoYIHx
Печеночный паштет со сливочным маслом с ГОСРЕЗЕРВА/ 100 г./ стерилизованный/ ГОСТ/ 5 шт.,305 ₽,12 отзывов,"9 мая доставит Ozon, продавец Ирпторг",https://www.ozon.ru/product/pechenochnyy-pashtet-so-slivochnym-maslom-s-gosrezerva-100-g-sterilizovannyy-gost-5-sht-363629884/?asb=Fc%252Bi2lnPEXDbDPU83liJrlaCTVj%252BdPwRgj%252BMir8wwXc%253D&asb2=PxBxwhKY1APP32CnpBGgLBJssjnDREtR0tTntTS6A5-51WQwsbKKHSxX4A2ciIHY
Паштет JEAN de VEYRAC из гуся с добавлением вина Коломбэль 130 гх2 шт,799 ₽,26 отзывов,"8 мая доставит Ozon, продавец А.И.Е.-Премиум",https://www.ozon.ru/product/pashtet-jean-de-veyrac-iz-gusya-s-dobavleniem-vina-kolombel-130-gh2-sht-177343265/?asb=T5bi7ky%252BFtJ7yiACKJdFwTTvji2M7pS6iPSt%252BPxje5g%253D&asb2=gEEZxjyMq4TFOw210n4ITW0TiTQ0BkTgjaI7zgbK8QeVMhneMDAEMRYDwbEvyXg3
"Вкус тайги Паштет из мяса бобра с грибами, 100 г",420 ₽,3 отзыва,"Завтра доставит Ozon, продавец Вкус тайги",https://www.ozon.ru/product/vkus-taygi-pashtet-iz-myasa-bobra-s-gribami-100-g-233219780/?asb=PZPZ6%252B2qQAGOdVARHWfpK67ZfyB%252BuYlxTSr%252BEadwCyJ3ZmSezu7KKbtg5Yg1tBan&asb2=XpovOPnMiETElhIjsmCalaSNT7degkmOyEKaPsFqb7MWhECcafQMBkOgbxgm2c-fvq7CUaK2qL9flFFeCL_EpMP3m1MC7FWY-mB9MvYCbwGVoVEpw6DE2WLous8uGPBV8fCl2JdiFF_F7NDnamp6ZQ
"Риет из мяса бобра с орехами и коньяком, 200г, стекло",415 ₽,5 отзывов,"9 мая доставит Ozon, продавец АО ""АПК ""ВОСХОД""",https://www.ozon.ru/product/riet-iz-myasa-bobra-s-orehami-i-konyakom-200g-steklo-298069186/?asb=o58wSaXihgDoFIQ%252F2YyF5LT3Z6BtVHkaYCZv6hM6HSM%253D&asb2=3-1VBllJCV80Ybt2Cw0RHXVHSyfJALv5SXhQhyHr6oQTjcVAyzX-QFeXLI_e1gcg
Паштет Печёночный ГОСТ 55336-12 Вурнарский мясокомбинат,925 ₽,5 отзывов,"Завтра доставит Ozon, продавец Вурнарский мясокомбинат",https://www.ozon.ru/product/pashtet-pechenochnyy-gost-55336-12-vurnarskiy-myasokombinat-222443872/?asb=OnBSTItIFD2JjjA9R5HvOJJjpTBHjdP6uWI4QcSKjmIZJ1z2CA%252BJy3HZGUjlWOAf&asb2=IKJe0-bhnF2mhKqOP_uDztlRRFWhNv-5CZeGgt5Ui0BTK06DQMma52TkKpJkr0hlcynYzRsU1CLR0TI8thQO1xLINx9XiuQx1zybjZBmAKEBImZ5yMNnFnYpC1ZDnD2rvv1LhzUtDorJsO3NaCI-vw
Паштет Setra из индейки 4 шт по 100 г,750 ₽,2 отзыва,"Послезавтра доставит Ozon, продавец ВКорзинке.ру",https://www.ozon.ru/product/pashtet-setra-iz-indeyki-4-sht-po-100-g-498699173/?asb=e1dUlq9NIeS7ymm2gcvqA9F9iz1Sx4seVXNfZkZr%252Bf4%253D&asb2=Ezcpmfe2XEKC7R7e0H0Fdt0RfnZV2qRCetgpIoLTGSOcokq0jfaE5NsfDQNGJ442
Паштет печеночный грибной / консервы паштетные 8 баночек по 125 гр,944 ₽,1 отзыв,"11 мая доставит Ozon, продавец ООО ""СмартАзимут""",https://www.ozon.ru/product/pashtet-pechenochnyy-gribnoy-konservy-pashtetnye-8-banochek-po-125-gr-468114046/?asb=J%252By4ObpBR9LAvz6HROmxaVQ0Fwt5dojin%252BK2FxFGZOFOND1yxrj5Ibwa3fSiVC2H&asb2=W2KUauQ-y7NNsM6IvKWwqtoCEjmobLLjnRfqQYv5iIcf9MlasY5DRgYISgU_P_Lc1n1t7t7OCOMbtQlrksZkd5ObwvO6vz3HDiw7j6ww-C4usfcPf3oM1SWpVtLv1lI_Y5pYiJHH5I9Xi8_rP_YuXw
Паштет соевый с грибами,290 ₽,6 отзывов,"11 мая доставит Ozon, продавец Паштет из тофу",https://www.ozon.ru/product/pashtet-soevyy-s-gribami-204280051/?asb=%252FaYLQe8XGbsp7IwOJNF0PEuLiWgEiVK4EvTwidb2vUs%253D&asb2=ZbIQ7WAmOLgmTe5VL54ots4FUB-LLn8rusT-pMXlTZpeuSq3pPpmnG5L6FtI2N23
"ХАМЕ паштет из индейки деликатесный, 105 г, 3 шт",721 ₽,2 отзыва,"9 мая доставит Ozon, продавец Family",https://www.ozon.ru/product/hame-pashtet-iz-indeyki-delikatesnyy-105-g-3-sht-240968743/?asb=HevPYgqyI9G9LLz5RMyLzgrUlhxg4v2KeNwIBR%252FbZLRARatbHBlys%252F7lFdh%252FQFTq&asb2=q7RHV190Ko3yGyCKJM6RdR2ctH-spITE10ogBddEpTXG_oTUjS7FJLM3IYEs5syZnuASc1XEg1-1cLbgwSllkNZkOcf8X1gXh4uqSNZ1ssakkk6m295aVcBG6DbbbtZ3BotTwk9UO1hzUjzUJIFX4w
"Добрая снедь Паштет из мяса индейки со сливочным маслом и грибами, 200 г",432 ₽,2 отзыва,"Завтра доставит Ozon, продавец Вкус тайги",https://www.ozon.ru/product/dobraya-sned-pashtet-iz-myasa-indeyki-so-slivochnym-maslom-i-gribami-200-g-238672221/?asb=T91uf9o8fGK6dI%252BAPsgAdIEg5Za%252FnXU5NjXP8Gqrsys5UPoZ27SWHNw%252BgOEgE9XO&asb2=NRDZ2jDlkeHUkUwsrSvImAfZ-zOBJAEYgu-drEEhUwlLCLVBQ-8bbqYZQg_oirww-oUWRCGE_CYWgkgJaLzOc6V6FupsH9MMMT3B8kuCSJtH5vDB70REGwtk0TTcw7KQ116eb64p_g_tIG_ex6WjBA
Паштет JEAN de VEYRAC из оленины с арманьяком 130гх2шт (Франция),804 ₽,3 отзыва,"8 мая доставит Ozon, продавец А.И.Е.-Премиум",https://www.ozon.ru/product/pashtet-jean-de-veyrac-iz-oleniny-s-armanyakom-130gh2sht-frantsiya-309094543/?asb=%252B4bWOI9CzHR6tkZUulFThxoGbVkJtTOw7%252FfAG7JmXzU%253D&asb2=fD5SvFXs_Ngr8TuEua-MgsnX2xEV0ng03laRb_LmbGs5FBN7aAevsZwNjkZLYo82
HAME паштет из гусиной печени деликатесный 105 гр х 6шт.,710 ₽,2 отзыва,"9 мая доставит Ozon, продавец Экzo",https://www.ozon.ru/product/hame-pashtet-iz-gusinoy-pecheni-delikatesnyy-105-gr-h-6sht-483672722/?asb=7%252BnXGFD65o1k0e0lcTCBgqvi2iRLA3DNPQNp2ms9vQiJlzSapDwegqkBnn6euKkc&asb2=v3foVk7nCBWbg5WJR2oXVCYVHQT8XXR_wOBOX_0Y0xQPMQ5igzBN95tKySXZ0UUI_Kxru4LReM50RvfqbB1jcklaS_M4CLrzcp121zOEnkxPO4aM69At19Tkw7aJJldiQEh7akvBgVmRqJFgCXJrJQ
"Паштет Деликатесный ""Hame"" из Индейки, 105 г, 2 шт.",508 ₽,1 отзыв,"9 мая доставит Ozon, продавец Food Market",https://www.ozon.ru/product/pashtet-delikatesnyy-hame-iz-indeyki-105-g-2-sht-302244405/?asb=jaECSwPHABp510RgbzF7wXQT4sl1Ey06NdQJM0o5%252BWSPkDwVwaPVG%252Fr7C09UVRni&asb2=qELE3DGjVnKySs-4VAggtZJkHLByYCWEi136Ni2w0nNwpnEVoRLM_1U-vHcn9PcIkPty7IFbb7ugtgkLRE_tV48ZTuJ8pzKPx2Y9ak1fE2ahgjDWXAXe1SJAuaWIcjWo9exz2bx-vHHqJqyKfg1Rbg
"Добрая снедь Паштет из мяса гуся со сливочным маслом и клюквой, 200 г",509 ₽,1 отзыв,"Завтра доставит Ozon, продавец Вкус тайги",https://www.ozon.ru/product/dobraya-sned-pashtet-iz-myasa-gusya-so-slivochnym-maslom-i-klyukvoy-200-g-238664174/?asb=Mzakat8I1J01IF%252FNsr%252FuBsWBP9EulyhVIE%252BMBHEicgzjNPwXncjEhQEtokGnz1Z5&asb2=MueGQeoOGYzB75Xugu70CksVbUyyeVb06CndBuf4TspDYSb8ew3AXTnvBZ3VQYIhO_ndihdAs8jEdeh3-IHoOShNSapKgtGj18N14dhBJ3mshEXzWtnz-tZJTMmxT6jT4iJS0BkkmyRwxn6pwl_VPQ
"Hame паштет деликатесный набор из 6 шт. - паштет из гусиной печени 2 шт, паштет из индейки 2шт ,паштет из мяса птицы 2шт.",730 ₽,2 отзыва,"9 мая доставит Ozon, продавец Экzo",https://www.ozon.ru/product/hame-pashtet-delikatesnyy-nabor-iz-6-sht-pashtet-iz-gusinoy-pecheni-2-sht-pashtet-iz-indeyki-483672515/?asb=MNnp%252FpimlpZ2TTm68V%252B7WvHfK42ikmRoEC8Xbns9VL6sygNuIWinPvx67RKoGTik&asb2=SuqV6I8muoWBbs9PeHrM3Mmk-Tsq61FgyzjE6RxjAE-3aW5kGe1WQG8T7OxoHuA4v6q63tJiVPwAhi1henFsYbhLQ1PVh-SMsfISsXQB9TrfzPn0vdIeRNQ1lKGfBCpw5unce4uqKu9-rTBo9JNIrA
"Паштет Лесная Диковинка из мяса косули с грибами, 100г",420 ₽,3 отзыва,"9 мая доставит Ozon, продавец Кетоша.рф",https://www.ozon.ru/product/pashtet-lesnaya-dikovinka-iz-myasa-kosuli-s-gribami-100g-368055990/?asb=cIztsClmt9%252BS%252BkcNtaWPJN%252BbRKpySTtuwrAhpBerQvExpV16QbqpiIj5Gn1QFuON&asb2=-kwFonvjr8UCVGlC6rp3P0QzsvSQOSN6WiuZI88JIG_fUi8SgSw6e1Y0M1WWDnLQLR-OrKGiTEWyYkOqLVtsP1XOXjY1Eius_PM-OX7kN8-A6Md0otNIYDSYOJIFGoSC44z34TX5MjqKQudrcMxHjw
HAME паштет из мяса птицы деликатесный 105 гр х 6шт.,798 ₽,2 отзыва,"9 мая доставит Ozon, продавец Экzo",https://www.ozon.ru/product/hame-pashtet-iz-myasa-ptitsy-delikatesnyy-105-gr-h-6sht-483517696/?asb=UdmFlXhIbARu62GCbE5Su0BPMtTahOwRnBnqHSsNXsMLXtEhVSHN3qDzP9LshfvJ&asb2=JC0tOSMvz5g6louacGqsxtdDLvEbOS2O0M8zupv9_4vliAiLxKgv2lOoOEj4xMzk_8Rrggx-Tjp2cpwqvQlCZIWrYKKW5avweKClOqziVi145VJoTAWpiBeJLjcVGCgB83lNzqKZfU5V4lRtuhWdFQ
"Паштет Jean de Veyrac, из свинины, гасконский, с Арманьяком, 130 г",519 ₽,13 отзывов,"8 мая доставит Ozon, продавец Ozon",https://www.ozon.ru/product/pashtet-jean-de-veyrac-iz-svininy-gaskonskiy-s-armanyakom-130-g-227737394/?asb=YdxAbdP3n%252FgtFOCeIntDbPs2%252FiuTCsMXPhjJTEKH3wY%253D&asb2=lNVVGWlGTDeQRmipJTc4t3KpFsJbFFEMNb20m6luVqX8wjVw3xMzMbJcSZjM7MA4
Паштет из конины КАУСАР натуралный продукт,264 ₽,4 отзыва,"8 мая доставит Ozon, продавец ФерМира",https://www.ozon.ru/product/pashtet-iz-koniny-kausar-naturalnyy-produkt-410201109/?asb=3GD%252BZPL%252F09FTf0sraFXA8M86tzzSksJu7dl92cHeFF8Y1EHmrEcOiYW1da59bbRG&asb2=AFHO3Ker2dqqt8bhuS2aZCwJ8TyiOtN8a0wAnmxWgpwGIA2AIdgKJeNCsvFiM709EzWKQFlW5NJqIAhda6Jj-SaqZ1kA_SQRqK5LmHckC-oWOSy9bHRvAQ_8e7HeotmQwGoBc-990eHDZqF1uXshGg
"Паштет Лесная Диковинка из мяса оленя с морковью, 100г",390 ₽,2 отзыва,"9 мая доставит Ozon, продавец Кетоша.рф",https://www.ozon.ru/product/pashtet-lesnaya-dikovinka-iz-myasa-olenya-s-morkovyu-100g-368054123/?asb=zBxJCUE6VEJedGIUiQUElJ0egD72E3cmsWGtpRhyBFa81YcREzy%252BFzzYU%252FQfVTaX&asb2=TjSlGHDGiZF6O9HOsP_4KDtg86rC1_ux2ddSgWBH7d27VLhgrfLGq9HW9wWRaffSuVv_v6lyTZSmCtTYLrcRGyeqHk290kw2CKxuBihFAvAYk46E92KI_N44p-5W8kAaUBkMa-FxsSItONvVd_s1yg
"Риет из утиной печени, 200г, стекло",375 ₽,2 отзыва,"9 мая доставит Ozon, продавец АО ""АПК ""ВОСХОД""",https://www.ozon.ru/product/riet-iz-utinoy-pecheni-200g-steklo-298061573/?asb=u2QwJPYOklsdo8xmtpaM21OJ6PdEc%252BzTmD2Y0V3ihZI%253D&asb2=YLf2TcQSMifVcO8d7P9R2yw5m50NoQy3jAw81Ca-oHHj1RMJefGb_NjDCGJykVW1
HAME паштет из мяса птицы деликатесный 105 гр х 8 шт.,915 ₽,1 отзыв,"9 мая доставит Ozon, продавец Экzo",https://www.ozon.ru/product/hame-pashtet-iz-myasa-ptitsy-delikatesnyy-105-gr-h-8-sht-483672686/?asb=emHSi5%252FZKtZqjfnJvJMAuf%252F2RfO%252FO64iN5nOZ5T%252FzWUDL2khNPaLcT2A1jZbbegu&asb2=jkKeIYlU7VKWmy-8v40MzoGdvlqjQIHJeYayF2AseoOFfqnc6tb_-3IH7EAFL0s4fKdXrv8v1wELb8aS68mXV52v5UsY0hSJgH0bO7NQcv5TZEvOaeqqa5lYJ6syo7LFUVJVt0CJ45H-AR1omhU5Vg
HAME паштет из мяса птицы деликатесный 105 гр х 3шт.,486 ₽,1 отзыв,"9 мая доставит Ozon, продавец Экzo",https://www.ozon.ru/product/hame-pashtet-iz-myasa-ptitsy-delikatesnyy-105-gr-h-3sht-483514379/?asb=f%252FWMYnDR%252Bqi3s3RK5XmUJdcEedgGBZGediIpEpx38xamF27Fk1gIyftJMy%252BqWD2Y&asb2=00cID2BmHQHVEJ2VrNIE3MCANHP3gf1snve3tWGHV4Ai7nvSRzc5cFkYWIvNfNd5cHSD8RxR8BBeCPeKRQEblnv6a_KZAp2cOw95cAQ_EWAaYd5nAxqsh85yU_ekGm4RNg9ZqHKF042vK48sejvuSg
Паштет Setra Утиный 4 шт по 100г,900 ₽,1 отзыв,"Послезавтра доставит Ozon, продавец ВКорзинке.ру",https://www.ozon.ru/product/pashtet-setra-utinyy-4-sht-po-100g-498806494/?asb=2kE4IOE4a4hEgPz99sbc6liv33D3oTrSYeDl4ZRpxJA%253D&asb2=CLwONFmXOP9EWytCklcg8QuUmxgqoK6Bv2LTpOypCaRzdwwNoQhQ8Yf_K4DFI2ul
Hame паштет из индейки деликатесный 105 гр х 4шт.,618 ₽,3 отзыва,"9 мая доставит Ozon, продавец Экzo",https://www.ozon.ru/product/hame-pashtet-iz-indeyki-delikatesnyy-105-gr-h-4sht-483672689/?asb=wXyh8owMd204T6eghOMTUiympLe8MylA0bPqHvIb4OCEBSOCcuUsQtMcdx71Iw15&asb2=sK327wWfC2YbCoGSjK-R2mODGbIy6CbNy9lSFuP4JiqIKuZD7tJPMXqmvVYkeGU04TTCALeYO1llZUi-OPDhV-sakt9OJLIV584aXMGxRqk04Mt4ZFHpTAeF0YP8ZK6ECbwXIDXHsvEUf6at0lQrsQ
HAME паштет из гусиной печени деликатесный 105 гр х 3шт.,535 ₽,2 отзыва,"9 мая доставит Ozon, продавец Экzo",https://www.ozon.ru/product/hame-pashtet-iz-gusinoy-pecheni-delikatesnyy-105-gr-h-3sht-483436152/?asb=0YX8AYThNWac9Ig%252F1rWYllnBYTH7BDJIhJMNDtTpRhgCkn03V0GCVPXMvojvxJww&asb2=jX73rJ9Qn3tHPejHW-OR1iXdV3HJ8Fm3rk94Bpm23zG4D87bZA1Fk3UzdCAdKNZurNGMT6UWbm6LqMre0PCvUMmzD2P2WGsYccrAtzTnznR6DyRYmg7e2cvwuuY2SEQr9l_apZSbj5Q9Y_L7da4mSg
Паштет JEAN de VEYRAC из индейки с каштанами 130 гх2 шт,846 ₽,10 отзывов,"8 мая доставит Ozon, продавец А.И.Е.-Премиум",https://www.ozon.ru/product/pashtet-jean-de-veyrac-iz-indeyki-s-kashtanami-130-gh2-sht-177343266/?asb=1YiC42ltwkYH6ea4H0g9sTkQV3Eu9hMMfEv5o4WpPc0%253D&asb2=diUjRfaCRkndf0wXZ6y7IPCr6olDSmVgvGi4sjMM2cbmZEBtP2vhgcjNbu4tHmKq
Паштет Лесная Диковинка из мяса лося с тыквенными семечками 100 г,490 ₽,2 отзыва,"9 мая доставит Ozon, продавец Кетоша.рф",https://www.ozon.ru/product/pashtet-lesnaya-dikovinka-iz-myasa-losya-s-tykvennymi-semechkami-100-g-368054455/?asb=DsnrLX5BinA0eb%252FBWW8vOxWTE%252FteMsXpgabEkhH65XlO%252FCH%252FEh8PgnrsrwSV%252FzfY&asb2=hoBf_W07zGaj0QvinCYJjWGVENsaNkvNldTN-cxfIoHBuPo338TkNUEgDVbgJjjbrj3fUyHPWi8KmeFb22YdNVCtM3-2WYB85xzOYmKbycxC8R3NISq8dDwPmp4gVXySZJnlXH2u6lAtW8bPz7z_6g
Паштет с печенью куриный / консервы паштетные 4 баночки по 125 гр,557 ₽,1 отзыв,"11 мая доставит Ozon, продавец ООО ""СмартАзимут""",https://www.ozon.ru/product/pashtet-s-pechenyu-kurinyy-konservy-pashtetnye-4-banochki-po-125-gr-468079324/?asb=aDdoglzWqakm2O7nRboU6urgeht%252BOKbWcTbwiJx86kRIBnKoQh1rqDTSc8mihBbi&asb2=Gb5wbdKIHYwgVKclzb5fTAr4i1JXIugy_cDtDWYRI-2QlPUUH19YZAhvDVXq5muOSvRF2KTT9pdruSuDfXmKb5k-YCCmwmHR1DSa5jh9pH_0Ugp_fk5m3PRNMRWFlsYAJliWgJ075msCZT_PjLl4Ew
Паштет с печенью куриный / консервы паштетные 8 баночек по 125гр,944 ₽,1 отзыв,"11 мая доставит Ozon, продавец ООО ""СмартАзимут""",https://www.ozon.ru/product/pashtet-s-pechenyu-kurinyy-konservy-pashtetnye-8-banochek-po-125gr-468072580/?asb=Cl8qsl05%252Ft12%252Frk%252BghKsxqM6JKvIkUmy906AMSxrlhvB2KTeASXZ7VDoHP%252FVajX0&asb2=hOh_hhKMTzcNXP4E1zDQP7x6fRWtK4YL0-BhThtW45_SAb2Irx1UZIZxj7lMye75W3uYYUEtSFXh3TlB9XzAN3ln2JTPph9rVdKs85dt9qtROu8j8U01OuR9CyP4Vlsanccq8E6tqvyoN8uGsQh7rQ
Паштет с печенью куриный / консервы паштетные 6 баночек по 125гр,746 ₽,1 отзыв,"11 мая доставит Ozon, продавец ООО ""СмартАзимут""",https://www.ozon.ru/product/pashtet-s-pechenyu-kurinyy-konservy-pashtetnye-6-banochek-po-125gr-468072898/?asb=ygqhygu1FFbk0PRDVww7ftHn6ngJOaD0uWcaWssNoeufR6B0%252BbZof3H7vX%252FpOmwr&asb2=r5BpNyfh1ShajAnsxwghKWLzILqpSB89QPRFdRdMr8N7278ZioDIal-zvTeOt-PE06uLtRVbaoK1KzJ53Z2d-QRJcUxwKESStzCDCVS8pzczQaWhT3QMbVsSaQZy6QZsjyH0pqexpLqesSTlleqV3g
Hame паштет из индейки деликатесный 105 гр х 8шт.,867 ₽,3 отзыва,"9 мая доставит Ozon, продавец Экzo",https://www.ozon.ru/product/hame-pashtet-iz-indeyki-delikatesnyy-105-gr-h-8sht-483672708/?asb=9xSi1ndGJZrf730dOhXPT%252FQNlQZSiX8qh5HaBM6uVi4%253D&asb2=ybCCnTewU4Xq-qBHt0GIMKImzHAQgCbaKdP5vIemezMpj8DbfOWTuUGETEd5i-zj9n-qKZeJ55IS3uVqaYHRSg
