Я Баба-яга. Приятно познакомиться!,185 ₽,23 отзыва,"Завтра доставит Ozon, продавец Издательский Дом Мещерякова",https://www.ozon.ru/product/ya-baba-yaga-priyatno-poznakomitsya-312084403/?asb2=ZRdyELoWxJ3EyWe_4aP6C15CF7swEH5vMZg63QVc2loTW2YMx5w4O52z_XkcpvEvY9Ep4_dUteMLCyqs_jaGZA
История России для детей. Вся история в одной книге / Книга по истории для детей Бутромеев Владимир | Бутромеев Владимир Петрович,718 ₽,193 отзыва,"Завтра доставит Ozon, продавец Издательский дом ""Нева""",https://www.ozon.ru/product/istoriya-rossii-dlya-detey-vsya-istoriya-v-odnoy-knige-kniga-po-istorii-dlya-detey-butromeev-212551547/?asb2=eAcK6LSnk9IaoymvCx5bA3OzNasY8uim0IW4ka_v1ttCUSbNj_7Jc0Z5-gZOvOzEMXVBxETnolhYpp4oSBzOQQ
"Я - Мама. Здоровье и развитие ребенка от 0 до 1 года. Книга для будущих мам, для беременных.",848 ₽,23 отзыва,"Завтра доставит Ozon, продавец Издательский Дом ""Филипок и К""",https://www.ozon.ru/product/ya-mama-zdorove-i-razvitie-rebenka-ot-0-do-1-goda-kniga-dlya-budushchih-mam-dlya-beremennyh-397890140/?asb2=VHuvjM8vNI0rp_pWBCdM9GZmg1_A11E20V-H0b6ljHeO0sgsN_UNvLSqIDhXbiHHn_Rr_W1NwPteAHB5P_i6yw
"Детская книга с окошками ""Детский сад без слёз"" Malamalama Книга для детей. Подарок к детям в детский сад | Тараненко Марина Викторовна",553 ₽,185 отзывов,"Завтра доставит Ozon, продавец АЛЬ ПАКО",https://www.ozon.ru/product/detskaya-kniga-s-okoshkami-detskiy-sad-bez-slez-malamalama-kniga-dlya-detey-podarok-k-detyam-465447518/?asb2=s7TOeLaSflbkhqWMKtv_q0wmSMlgj6U3_f1-QVZP26kkyyzq4FZ7rUWl6W-z-1HiQAAlRFLxzECrHaYcfzWJJA
Чудотворные иконы Пресвятой Богородицы. Образы. Молитвы. Описания,380 ₽,24 отзыва,"9 мая доставит Ozon, продавец Летопись",https://www.ozon.ru/product/chudotvornye-ikony-presvyatoy-bogoroditsy-obrazy-molitvy-opisaniya-250904432/?asb2=ofUK3Yxil3tamoRRzv_Ykz1SL6x94Gfy4eBAn0voBCK_yW_dQphYpqcvO6rVRSJigj7Kv0Z3Odt9jDl2J8w3DA
Думай и богатей. Подарочное издание,797 ₽,27 отзывов,"Завтра доставит Ozon, продавец Ozon",https://www.ozon.ru/product/dumay-i-bogatey-141894333/?asb2=hfA5GJm-MR8zxalHy1Gz8qpycEw4KijL24QrZJwPvCmqr5wtsKdLEE8ETK2zYfLW
"Психосоматика. Психотерапевтический подход / Серия ""Универсальные правила"" Андрей Курпатов | Курпатов Андрей Владимирович",908 ₽,67 отзывов,"Завтра доставит Ozon, продавец Издательский дом ""Нева""",https://www.ozon.ru/product/psihosomatika-psihoterapevticheskiy-podhod-seriya-universalnye-pravila-andrey-kurpatov-kurpatov-206674167/?asb2=jPxTMX-O8wk43a-v_ztFSiFr_-kA1e310j4QgqDQHaaVG1-i6V-TTvo03Abba8VvZzi45nBC3DXBguWZdo2eDw
Алиса в Стране чудес. Книга для творчества и вдохновения,253 ₽,43 отзыва,"Завтра доставит Ozon, продавец Clever",https://www.ozon.ru/product/alisa-v-strane-chudes-kniga-dlya-tvorchestva-i-vdohnoveniya-147617936/?asb2=zSF-aaEO2hyf5-V6hJVDzlvh8XW0wDc2yC0mqIRC74-5XDd5a_jBR5ntBhqP-dvE
"Сила подсознания, или Как изменить жизнь за 4 недели (подарочная) | Диспенза Джо",748 ₽,46 отзывов,"Завтра доставит Ozon, продавец Ozon",https://www.ozon.ru/product/2019-sila-podsoznaniya-ili-kak-izmenit-zhizn-za-4-nedeli-podarochnaya-breaking-the-habit-of-162728816/?asb2=1C8mao1LVj9hmfyy-huX5GHVmZVtmO3beFjd0Kv76GN1pgA_MbqQUSi5FTetNZag
Большая книга исполнения желаний (Подарочное издание) | Хей Луиза,781 ₽,8 отзывов,"Завтра доставит Ozon, продавец Ozon",https://www.ozon.ru/product/bolshaya-kniga-ispolneniya-zhelaniy-podarochnoe-izdanie-147362686/?asb2=nywXH6uWZQl4S_JF0Ao__vLHg82SqW1OTdUHGFiU8AnLpXrXlmV2chgdHb9-zr_B
"Чертоги разума. Убей в себе идиота / Серия ""Академия смысла"" книга Андрея Курпатова | Курпатов Андрей Владимирович",678 ₽,169 отзывов,"Завтра доставит Ozon, продавец Издательский дом ""Нева""",https://www.ozon.ru/product/chertogi-razuma-ubey-v-sebe-idiota-seriya-akademiya-smysla-kniga-andreya-kurpatova-kurpatov-203084278/?asb2=QX79DZOvL5EAsNTzv1yYMbAR_zNsAO24K9Uqagks8mDKCZna0N4_LG4Wfr9uL-g00rkBLB2IsJrtITcePI0A8w
"Набор книг-панорамок Сказки для детей Красная Шапочка, Кот в сапогах, Три поросенка, Репка, Теремок",565 ₽,1 отзыв,"Завтра доставит Ozon, продавец АЛЬ ПАКО",https://www.ozon.ru/product/nabor-knig-panoramok-skazki-dlya-detey-krasnaya-shapochka-kot-v-sapogah-tri-porosenka-repka-teremok-547674496/?asb2=qgW81nQm653MZqbyrNYNt2iYL8TgB0NpJZAg3vuMw3AK4VcEYMt_tqRvUtZa2RGgZe4P3RME4zQMsWTVSGeB1g
"Как победить панические атаки / Серия ""Универсальные правила"" Андрей Курпатов | Курпатов Андрей Владимирович",678 ₽,71 отзыв,"Завтра доставит Ozon, продавец Издательский дом ""Нева""",https://www.ozon.ru/product/kak-pobedit-panicheskie-ataki-seriya-universalnye-pravila-andrey-kurpatov-kurpatov-206064206/?asb2=6W_cthQvji1yPZJbZbAusH6iMI5r_umadrnFdFCZ7Q4gYJdrJViq4y0Da1CSJjBs-Ur3VLwyg1ESXuoEWLyBzQ
Смысл жизни (брошюра) / Подарочные и юмористические книги | Грив Бредли Тревор,272 ₽,7 отзывов,"Завтра доставит Ozon, продавец Добрая книга",https://www.ozon.ru/product/smysl-zhizni-griv-bredli-trevor-213161104/?asb2=ibxy59vI-VMSOHGc-_ICe5xT9NQOgXQKEVFJ5BeBB-xcArw-RfFfAIXrcayv0GKB
"Секреты ведьм. История колдовства от Медеи до Сабрины / Магия, мистика, эзотерика, астрология | Лежер Жюли",510 ₽,12 отзывов,"Завтра доставит Ozon, продавец Clever",https://www.ozon.ru/product/sekrety-vedm-istoriya-koldovstva-ot-medei-do-sabriny-magiya-mistika-ezoterika-astrologiya-416147506/?asb2=yX6y381Oz_spOn2QZqn_zjnYLt313K0FDo5eqSqd6FmZY3_g_vOcjYYnGqC-zI4i
"Удивительное путешествие на Северный полюс. Игры поделки эксперименты | Арье Лиза, Луговская Юлия Павловна",273 ₽,3 отзыва,"Завтра доставит Ozon, продавец Ozon",https://www.ozon.ru/product/udivitelnoe-puteshestvie-na-severnyy-polyus-igry-podelki-eksperimenty-udivitelnoe-puteshestvie-34073397/?asb2=1bDbAg-eq0lTGE-vIMyqCTEugWsC35-KsP9ROF64JI-BlCJahG4qpGH86sDZCj1C
Подсознание может все. Особенно у женщин. Пробуди в себе Богиню! Правдина Наталия | Правдина Наталия Борисовна,198 ₽,104 отзыва,"Завтра доставит Ozon, продавец Издательский дом ""Нева""",https://www.ozon.ru/product/podsoznanie-mozhet-vse-osobenno-u-zhenshchin-probudi-v-sebe-boginyu-pravdina-nataliya-pravdina-217489503/?asb2=KgSvwHewFHNvXwGvd4vVZEys_9tLDA8pp0mn307TDq8jFiYCnQZfsBk2rbCtw7V8jndS_y434TZZ4T4EDEzuxQ
"Как научиться дружить? Книга о важнейшем навыке 21 века / Серия ""Академия смысла для детей"" Андрей Курпатов | Курпатов Андрей Владимирович",558 ₽,55 отзывов,"Завтра доставит Ozon, продавец Издательский дом ""Нева""",https://www.ozon.ru/product/kak-nauchitsya-druzhit-kniga-o-vazhneyshem-navyke-21-veka-seriya-akademiya-smysla-dlya-detey-andrey-213373571/?asb2=sPpsWvqiZ9rrrMXPPghx8Hs68OHjH76wfTGCoaqoTTUI07dQO3b5R4Ii0Bjs6EpxFknbv5e3FTmFGTbU3DYrhA
Как приручить вдохновение,1 067 ₽,185 отзывов,"12 мая доставит Ozon, продавец ИП Маслова Анна Валерьевна",https://www.ozon.ru/product/kak-priruchit-vdohnovenie-200631462/?asb2=YWSqKMU21-pkzndoW0VUiIOMYwRjEnifGnRWItM7bBFpy3OPrITUFztunE9Ll3P7
Подарочные издания. Кулинария VIP-класса .Домашняя выпечка на любой вкус | Автор не указан,499 ₽,3 отзыва,"10 мая доставит Ozon, продавец Nice Price",https://www.ozon.ru/product/podarochnye-izdaniya-kulinariya-vip-klassa-domashnyaya-vypechka-na-lyuboy-vkus-avtor-ne-ukazan-326705409/?asb2=2rHDRVheDgjKFCeTlUAdUSmivVJifIYHI6XucmdeO4Y96N8VtxySSgN2sILu89LukVXaz3s03Szyd2dCCgYPhw
Думай и богатей. Подарочное издание,789 ₽,125 отзывов,"Завтра доставит Ozon, продавец Торговый Дом ""Эксмо""",https://www.ozon.ru/product/dumay-i-bogatey-podarochnoe-izdanie-249008933/?asb2=H76abNYv2k34sEmFSemMQA9V706BCZeh_4wq90tf8eDVKNdDls2hWzuCDs9WREIG
"Таблетка от страха / Серия ""Универсальные правила"" Курпатов А. В. | Курпатов Андрей Владимирович",678 ₽,112 отзывов,"Завтра доставит Ozon, продавец Издательский дом ""Нева""",https://www.ozon.ru/product/tabletka-ot-straha-seriya-universalnye-pravila-kurpatov-a-v-kurpatov-andrey-vladimirovich-205853871/?asb2=8dV4QlGrMm2v6oGHbJF_goeT5vNid36jLVbmYkcLzqw-XvWt6C8btipkM1g5yXXhyVSRQM5jRjQ02_boLPcjuA
"Рецепты хорошего сна / Серия ""Универсальные правила"" Андрей Курпатов | Курпатов Андрей Владимирович",678 ₽,18 отзывов,"Завтра доставит Ozon, продавец Издательский дом ""Нева""",https://www.ozon.ru/product/retsepty-horoshego-sna-seriya-universalnye-pravila-andrey-kurpatov-kurpatov-andrey-vladimirovich-206654332/?asb2=IXjt6DtytGUZ8AsrgI04B0RV7CnYfQoxOc7YCIwISKhVCIsSZDFLRoEyGWzEiLPkINtPSnhDDIyzvJrMBmNDTw
ПРИВИВКА ЛЮБВИ,150 ₽,29 отзывов,"Завтра доставит Ozon, продавец WBANDAGE",https://www.ozon.ru/product/privivka-lyubvi-281419585/?asb2=Yb-wlt-LJowrzXb0vH_MQOffvsPt-GZq2mvIQ32xewVByKmbMPMA0_meEi5gWenq
"Каролина и ее друзья участвуют в ралли / Книжки-картинки, сказки, приключения | Пробст Пьер",249 ₽,2 отзыва,"Завтра доставит Ozon, продавец Clever",https://www.ozon.ru/product/karolina-i-ee-druzya-uchastvuyut-v-ralli-knizhki-kartinki-skazki-priklyucheniya-probst-per-422111206/?asb2=tBF3a90YO3PE_vU2fuY_DAGg5kVHSK0htwli6mc8FVNJEAS0M0qBrm7h9N0SL1Xb
Когда тебе грустно... для детей. Как поднять себе настроение / Подарочные и юмористические книги | Грив Бредли Тревор,196 ₽,32 отзыва,"Завтра доставит Ozon, продавец Добрая книга",https://www.ozon.ru/product/kogda-tebe-grustno-dlya-detey-kak-podnyat-sebe-nastroenie-griv-bredli-trevor-207921007/?asb2=jFHUoUwWB4Igz0RK7nGuBmz7Id9xhHc0czmSUBJ0k8eGO9ImQ-FpvONH8wlYjpwN
Маленький принц | де Сент-Экзюпери Антуан,688 ₽,30 отзывов,"Завтра доставит Ozon, продавец Издательский Дом ""Филипок и К""",https://www.ozon.ru/product/malenkiy-prints-de-sent-ekzyuperi-antuan-268939107/?asb2=XNER9V4WmUN9oWjJGb-fvtVpNxMOy_Vx7l8XxRdWvwGxRo02P5GHMJx1gL3bXN1x
"Я стал так делать, и душа моя обрела покой | Преподобный Силуан Афонский",420 ₽,11 отзывов,"Завтра доставит Ozon, продавец Книги Издательства Дмитрия Харченко",https://www.ozon.ru/product/ya-stal-tak-delat-i-dusha-moya-obrela-pokoy-155425620/?asb2=YtAt0yDa3M8eZbTGWDpbtJ8sIW70zI6q7Uz4VcruZ8a5SKdEQKwGkTnVSWphMT2RWX9itFUBUTwOQy0icZNFgw
"Детская энциклопедия Книжка с окошками ""Как устроен человек?"" Анатомия для детей + наклейка Malamalama | Автор не указан",422 ₽,185 отзывов,"Завтра доставит Ozon, продавец АЛЬ ПАКО",https://www.ozon.ru/product/detskaya-entsiklopediya-knizhka-s-okoshkami-kak-ustroen-chelovek-anatomiya-dlya-detey-nakleyka-300751054/?asb2=H9TFrjOoX-Ta7nNLe7ieCumnMdOdXXD4hOlJuX0KeQ3NuxTML7DZ48lhTq1ZBiJu0E7ohkis-mnr0GB4G6XcKA
"Об эльфах, троллях и других волшебных существах",140 ₽,1 отзыв,"Завтра доставит Ozon, продавец Издательский Дом Мещерякова",https://www.ozon.ru/product/ob-elfah-trollyah-i-drugih-volshebnyh-sushchestvah-319221241/?asb2=m3I3aCjl-gEQgvF4xDqSkosM1I4aSY95-daGmcwW73spbl4fD8CYepDaMURHgRJhtdi2QNyB4wIEMn-TQS4pxg
"""Старец Божий шел дорогой..."" Советы и поучения старцев 20-го века | Сборник",302 ₽,16 отзывов,"Завтра доставит Ozon, продавец Летопись",https://www.ozon.ru/product/starets-bozhiy-shel-dorogoy-sovety-i-poucheniya-startsev-20-go-veka-sbornik-292435488/?asb2=QUswRVNnnmfvkMJP3h2Uriq60es4YB6ZOpyvZa8k3Rw7xFz68IR5dnlZs5bNkM7skpwjZ3QSIpPmcOad3uMzdQ
"Окно в Европу / Энциклопедия, история России",265 ₽,13 отзывов,"Завтра доставит Ozon, продавец Clever",https://www.ozon.ru/product/okno-v-evropu-147617327/?asb2=2uqUveOU5Zdl-MkfSTJSceqSpOFvVrzHiZ_3jfdMNy0lnQVqKbC601skFiRNAgOr
"МОЗГ, чтобы учиться на отлично! / Комикс для детей и подростков / Серия ""Академия смысла для детей"" | Курпатов Андрей Владимирович",388 ₽,20 отзывов,"Завтра доставит Ozon, продавец Издательский Дом ""Филипок и К""",https://www.ozon.ru/product/mozg-chtoby-uchitsya-na-otlichno-komiks-dlya-detey-i-podrostkov-seriya-akademiya-smysla-dlya-225559391/?asb2=dnpIEPRn_8D3See27R-4v3nXp2Qup1QjDiNzi9Iahtqra4c0-BiTxlTh7IzuEvoO
"Мышление. Системное исследование / Серия ""Академия смысла"" Андрей Курпатов | Курпатов Андрей Владимирович",908 ₽,79 отзывов,"Завтра доставит Ozon, продавец Издательский дом ""Нева""",https://www.ozon.ru/product/myshlenie-sistemnoe-issledovanie-seriya-akademiya-smysla-andrey-kurpatov-kurpatov-204280497/?asb2=sDDOUNo6OIpkB5g6R1yXA12z1dubUe93yyo0iBk-JlEbH2PJ7nuGRqZJBtTcAEjc
"Михаил Врубель. ""Малая серия искусств"". Художник - искусство, творчество, живопись, шедевры. | Скоробогачева Екатерина Александровна",863 ₽,21 отзыв,"Послезавтра доставит Ozon, продавец AR",https://www.ozon.ru/product/mihail-vrubel-malaya-seriya-iskusstv-hudozhnik-iskusstvo-tvorchestvo-zhivopis-380430405/?asb2=yVaGni2Q-j6EplJKmV9mUZG6Xz2uMSwETriOV0Jdhrf6m3y_aIL9_zRCwlAoS4La
Библия для детей. Протоиерей Александр Соколов | Протоиерей Александр Соколов,950 ₽,16 отзывов,"Послезавтра доставит Ozon, продавец Благовест",https://www.ozon.ru/product/bibliya-dlya-detey-protoierey-aleksandr-sokolov-protoierey-aleksandr-sokolov-267597674/?asb2=XFbCePZl0R_lhgGeE2EVUyidVPek9aEMGpE-3gtnBGQyLsSAH_BTHQdgBiJEFe6-_pgswDMXXHEzZBZbFnzbpg
