Набор детский подарочный/ канцелярский набор/ для девочек/холодное сердце,340 ₽,74 отзыва,"9 мая доставит Ozon, продавец Дядя Витя",https://www.ozon.ru/product/nabor-detskiy-podarochnyy-kantselyarskiy-nabor-dlya-devochek-holodnoe-serdtse-359997650/?advert=J7-Da5smhlwILL0Od22juMeKcmuJ4xjgdoBi5GqdrFddz9eBTGdHvRuLENvItllh-HidWkj__yQVMWWbLip-1LOZAquUmu9pgTs7vgxEAmnGNMxqOet1CSg0j31ZeI_AuaH-8fvXBiQ1Jcgmm2n9D4D-jN37vpSE9puF8Yl2B_EvmQ4nhNVw0nGNuoK8jd8QY2ToGOyVIlvlhpdCOxas43mU0LVGhe1S02uzjGmMZjwRhPRzzAv3Wu2YK8l8FdwqdhieMuh3KGN3twZ_wihlNMcBQDQ9mgO2CHZU9uFS1h_JieifLBOa9KeL4Rhmn10xi-29YvEHVPNljnZWP_6eE3HRfv-TXJoUeKZBj4JYTTQYoXDzpC3OL-bbXCgxQ3MDO_9w3dFZqWDL8atoDk26D_COdJ7znZRBgrx8s58L4R9JySJzQkG-yHi3F4ksLyZFLAE1_eIbi17PPxg_a6N6h6IKn9IFrQLRuPqnfZtis6WjpA8cqMiugxl3siu5b_P_X5DLZ0p92c6b6fdL3QIGt6kTlCRDFCtSLJkHt2M9m3ViWc8oHTV7kkZ4WRe2gdq9
"Набор фигурок ""супергероев""",570 ₽,18 отзывов,"Завтра доставит Ozon, продавец ИП Смирнов. Д",https://www.ozon.ru/product/nabor-figurok-supergeroev-501711053/?asb=uu1IQwJbtQfeWcQActkJ%252FUYsr4ha0ONa3sd1WMlES6U%253D&asb2=pqz1H8d15-dAdycqjSYgwOgqxXEASZCdy7m6S6vBV63YvoRAqr42-hvVmZLkSR94
"Набор подарочный ""Единороги""",488 ₽,1 отзыв,"Завтра доставит Ozon, продавец Gentlehugs",https://www.ozon.ru/product/nabor-podarochnyy-edinorogi-546619483/?asb=8HkTTn8SGM%252FNl4RPzh%252B8nX%252BAhdQxHH4BJ%252FEtgNXI1ts%253D&asb2=tlvaPsW5AnClwbW4gVFqG-ETxlfXe3NjGBWbkdcC0r-FyD9DlXnQs8EruxAiRtCd
Бравл Старс Браслеты 5 штук силиконовые ( Brawl Stars) для мальчиков,249 ₽,170 отзывов,"Послезавтра доставит Ozon, продавец Магазин игрушек Лёва",https://www.ozon.ru/product/bravl-stars-braslety-5-shtuk-silikonovye-brawl-stars-dlya-malchikov-318183534/?asb=c%252BLrPh%252FVkAn44ZmH9v%252B%252FP9n1LeTWBcTHKMsj8ZtBeUeNDLq0avC%252F2PRvAxJ4JhBq&asb2=2z4bGNUuXzUg-GIZHIWqLB3EnbZ8ks0XuCZPB6hI6NzuIrnj-QsG9C7-4grRqNoW07aOnidKeRTtj1k7Hej4pmNSuu6hvpwaa6iZ-OeYjqIXuv-uASeVeKJPMgMHJnp7gVT9zO049TzbGE7_QFuDJA
Повязка Наруто + кунаи и сюрикен,999 ₽,1 отзыв,"Послезавтра доставит Ozon, продавец Toys for children",https://www.ozon.ru/product/povyazka-naruto-kunai-i-syuriken-540140692/?asb=HfAUSwRQbMjtyQwxhdzdDvT9PZojsJYwTg2QXqcMAWo%253D&asb2=It4btolVSfU054866HxLqR-P8vGWZ8vIarujSka5fYfe86EazvwJ2_SwnzLWhbMO
"Перчатка-бластер с присосками ""Человек-Паук""",640 ₽,22 отзыва,"17 мая доставит Ozon, продавец Kimsgroup",https://www.ozon.ru/product/perchatka-blaster-s-prisoskami-chelovek-pauk-565203959/?asb=K9pnxAcY2CqdAtY%252FD0qswX8inFPebGf8lpxd6wKff7Q%253D&asb2=DdV83ytAowYrl3qDh1_dJgn9G3weFdVeYtvQrHlE2GcitcFlONEctB8q0SN43mFy
Дракон ПРО 1 PROSTO pets,498 ₽,19 отзывов,"Завтра доставит Ozon, продавец ИРЕС ГРУПП",https://www.ozon.ru/product/drakon-pro-1-prosto-pets-269257088/?asb=kMQGixqTPxb7RF5paJ%252FQCbzhqn%252BF%252FU4N%252FxGlV0ILtdc%253D&asb2=fQQH6CgWSI6jC9GoNfSyo2EbYnTRiXc5pggdOEyUcYgMdEgzTObUJ0cp54147NhA
"Развивающий интерьерный объемный конструктор 3D пазлы, набор для настенного декора детям и взрослым",550 ₽,10 отзывов,"13 мая доставит Ozon, продавец Royal Charms",https://www.ozon.ru/product/razvivayushchiy-interernyy-obemnyy-konstruktor-3d-pazly-nabor-dlya-nastennogo-dekora-detyam-453673028/?asb=0uxcHVH%252B2eKMWvVT42%252FdTqR5LJ4a0XzLHzAbQTO4ePj28rMazG3DPVghpHjEXVpY&asb2=e3Pro6kTdxh9vxZv-FNtXim-NZ_BmDaFDt3YEhR-k-2amgG0P3_LIhZfDDA2LGUVF7nqeF3NrsuJul9JY4pGzHaO-Jn01Mi21xjwWXAZva4_mzBtpxROVCXYt4ek5Hgm9IOfF6ZsdWyGh96lrlEivg
"Набор сюрпризов Happy Valley ""Любимый питомец""",641 ₽,1 отзыв,"Завтра доставит Ozon, продавец Эврики",https://www.ozon.ru/product/nabor-syurprizov-happy-valley-lyubimyy-pitomets-525985944/?asb=OlnzCZ6f0YqLAKEWSK%252BVcgXW%252F4uVHKSAFQfoaJOAmMA%253D&asb2=ykHGq-0kX51wEAgo6YXXHf-mjBfurOVoqsUhMhBwQv3dW2dB1268voob4r6SuPRx
"Большой набор игр деревянных для девочек, для мальчиков, развивающие игрушки от 1 года, настольные игры Монтессори Радуга Кидс, пазл, мозаика, набор для творчества, сортер для малышей",799 ₽,11 отзывов,"Завтра доставит Ozon, продавец RadugaKids",https://www.ozon.ru/product/bolshoy-nabor-igr-derevyannyh-dlya-devochek-dlya-malchikov-razvivayushchie-igrushki-ot-1-387945755/?asb=KVm5SwglX1n7opSCggqCOmI63hQZotqMn6swqmmamiE%253D&asb2=e3USW-00pc13eJ6RGLaYIieHYtBEukBhdwsGXSe4GZuv3QEIyKL2HyuPPsVe2RWH
"Подарочный набор развивающих мячиков ""Сумочка"" 4 шт.",302 ₽,1 отзыв,"Завтра доставит Ozon, продавец Эврики",https://www.ozon.ru/product/podarochnyy-nabor-razvivayushchih-myachikov-sumochka-4-sht-464374322/?asb=p4WwAEP%252FDc8dEP%252F2dqoMTIDu6JI59kx%252BqXX3Ikk4vZk%253D&asb2=FUsYG5QuBH48SutykqQq6ppaegeDzvE_hrgvwOcsyBdvylnKCB3ksCkXF12SHcMm
"Подарочный набор Холодное сердце ""Эльза"" / Расческа для волос детская и украшения / Принцесса Дисней / ""День рождения Анны"" / Детский набор для волос / Резинка заколка для волос / Подарочный набор для девочки",899 ₽,9 отзывов,"10 мая доставит Ozon, продавец F&K",https://www.ozon.ru/product/podarochnyy-nabor-holodnoe-serdtse-elza-rascheska-dlya-volos-detskaya-i-ukrasheniya-printsessa-513566580/?asb=scCXSmzxqyGg4V%252FviliADyXC%252FeTDMcvybSW4N6BHIp4Rw48ob%252FJY7S7FZC%252FsoVdQ&asb2=lq6iocQltEDDQkJJb7d96VYCcobYUuVF5UrwdoUBKhvnSRhfPha0BHs1P7NEj3fFIuSH-a5Nt7X-iIOR2u6t9PiDEEtdfYz_9-tBWQkw7ADFbg__NjPoeGtPObbmH5G8_HCjS6G7PHMBB4ibgmrFYw
Набор игрушек марвел 5 шт / Marvel набор / Супергерои Марвел с аксессуарами в подарочной упаковке 5 штук / Подарок для детей / Светящийся Человек Паук / Танос / Капитан Америка / Халк/Железный / Человек / набор фигурок / набор игрушек 5 штук,845 ₽,2 отзыва,"9 мая доставит Ozon, продавец Dream Shop",https://www.ozon.ru/product/nabor-igrushek-marvel-5-sht-marvel-nabor-supergeroi-marvel-s-aksessuarami-v-podarochnoy-upakovke-511408737/?asb=ERerYE74FqkX5O06J9L%252F4UXI2hLWUM1LI2pQVpKnk%252Bo%253D&asb2=G-x2czHqiwP4hf7aEQ52HpguraSdD0nAVIOGbbZeH2ZHDwzk1m8RrBPeWZXOmQsT
"Развивающий набор Умка Три кота, 2 в 1, мультиплеер и книга",959 ₽,65 отзывов,"Завтра доставит Ozon, продавец Ozon",https://www.ozon.ru/product/razvivayushchiy-nabor-umka-tri-kota-2-v-1-multipleer-i-kniga-262390585/?asb=WYkDqO2XDVjB4vwZyyHyTZX2e5S6lCn1rZBTz7JI3bU%253D&asb2=V4YvVf8uQ-xMUxLa80LP81RwIREn3FHwYtdKkbRWtg7OaZ8b3P0grXsPZqxbAhU6
"Пляжный игровой набор для бадминтона, фрисби и пляжного тенниса, 3 в 1",767 ₽,10 отзывов,"9 мая доставит Ozon, продавец Upmarket",https://www.ozon.ru/product/plyazhnyy-igrovoy-nabor-dlya-badmintona-frisbi-i-plyazhnogo-tennisa-3-v-1-273547692/?asb=lFso1KiC6AObxv5H5VfVz1ehBdZbDXGR0uUQK45tgajczFsex0z3WM0mzLG9KsG7&asb2=Ml9z6Wcgpk6MZ9rVt4jUMw9Ts1H8Az1jKSok4ES8xuJGl7o-GWJaBh8tt1qH91E5sKIKg1DY2WSO-za8bWpsb1Rah5Bd2HbZOcPdmAJCUgpGIe_ayMPVclZKvc8D6EikXgHDq0iAaiyubMCkOSoYFg
"Развивающий интерьерный объемный конструктор 3D пазлы, набор для настенного декора детям и взрослым",580 ₽,10 отзывов,"13 мая доставит Ozon, продавец Royal Charms",https://www.ozon.ru/product/razvivayushchiy-interernyy-obemnyy-konstruktor-3d-pazly-nabor-dlya-nastennogo-dekora-detyam-461655530/?asb=f1X%252Bvef4YLCqxbMNKy8hyuoRZzd%252FBUiWRhyyNDb6tkfY8XDAwQqdIGJBjrx8pKCJ&asb2=BUeYvSgxxPeGTaW1rlWDQfaVp9TDkv5_UTAJMAKxB4S8l1a10AX3FGgusjKzHSFbSaNSgvj7w48_xc7oYDQOZapTbGTeQGkm5EvOkJbrRqJLZZbbJMADh-35gm80IHOy7xLc9vWyAt8BQCkiEgVg9A
"Набор животных насекомых ""Природа"", разноцветные",225 ₽,1 отзыв,"Завтра доставит Ozon, продавец ИП Каланчина И.Д.",https://www.ozon.ru/product/nabor-zhivotnyh-nasekomyh-priroda-raznotsvetnye-374681963/?asb=Z3Tb0cNz1faiK7YK5SaBts7UtZm3OeaA9FuLnAICtFBHiWXtSszSeX6zxWPi8%252F08&asb2=ll9OsObLkE7epbQMqpqp7kRmZsLYDzlmZ4zpD01BAdDYl_uNM-g5m4O2oJqeafY5XFNHvnmBHUTehfmVjPx5vDONnaVHruv_VE36uFzYo6lORdGPuPY-01tTbC0SXFiXsVMw_sELir9wj6f29f62Gw
Оружие Наруто Кунай односторонний металлический детский Саске Учиха 15см / Цвет: темный металлик,398 ₽,14 отзывов,"10 мая доставит Ozon, продавец Smile_TOY",https://www.ozon.ru/product/oruzhie-naruto-kunay-odnostoronniy-metallicheskiy-detskiy-saske-uchiha-15sm-tsvet-temnyy-metallik-507209706/?asb=rN5GC4oda5ijTQmQdG07DY0dvCe4nlPPFOS0zRa8k1A%253D&asb2=pEIeLcUve7__2MwxsEtnZZpp7TBVEB6_v01f3N_UfmkLGsCWubRE0cYi-O_-tMBC
Оружие Наруто Односторонний кунай металлический детский Кисаме Хошигаки 15см / Цвет: чёрный,428 ₽,14 отзывов,"10 мая доставит Ozon, продавец Smile_TOY",https://www.ozon.ru/product/oruzhie-naruto-odnostoronniy-kunay-metallicheskiy-detskiy-kisame-hoshigaki-15sm-tsvet-chernyy-507230032/?asb=nsV3jp5XY6QNrksCixLzXzJTzVyurtFD0l2VgZjUQck%253D&asb2=92ocNF5N9qsaMWpXN6ZmwSLsM6HXkTXXVXqVxrgqme9MtCMxI4t02TQmR4JUFeq3
"Набор подарочный для девочки наручные часы, кошелек и очки, 1 шт",630 ₽,7 отзывов,"Завтра доставит Ozon, продавец Garcom",https://www.ozon.ru/product/nabor-podarochnyy-dlya-devochki-naruchnye-chasy-koshelek-i-ochki-1-sht-416366944/?asb=YIZFdtIjydBFjLH8yRtccn%252BlQk7xohkB3xTiOXe%252BcHlgBpwXKQTV6ArsyUnIH2yQ&asb2=2s32lzKGm9uu_q7ygmb7KNeegt6dThXrQ-QZe6r8Jy0Dbe_qNLZxVlYbf9s6qEcLnh4NLSV7ZmoTZbKaQgvBnq8LdOTwXZZveF9WdMoFxtGwBTo1V1f9bfkYwt3kPDzaBVUnTspwZ4j6TLQ6Yho_VQ
Подарочный набор /Подарок ребёнку/Сюрприз ко дню рождения 5-12 лет,599 ₽,2 отзыва,"Завтра доставит Ozon, продавец ИП Горбушина КВ",https://www.ozon.ru/product/podarochnyy-nabor-podarok-rebenku-syurpriz-ko-dnyu-rozhdeniya-5-12-let-384493954/?asb=oWVbvQfZc0MlqT7GDinUxcthEpwM2R8wBo2o%252F4aRiuWsd6%252BMbEueBGbVpTb19tnM&asb2=ZA9a3VxVgoruv_71Zi3mYAPgYsDmSct_8ogPUFb4hCrxfENqVW6S3bwPxqUODVrFv67WxRqdD-tBrJ5biqDYyF__uD5IXfeXPABjjUd0NPrDuQGGtc83uCzhkn1WUK-3
"Кролик пушистик, брелок светло-коричневый",382 ₽,2 отзыва,"Завтра доставит Ozon, продавец Братья Трубецкие",https://www.ozon.ru/product/krolik-pushistik-brelok-persik-415235404/?asb=YaYXxRN32GOl%252BsEtTZ4Vy%252FA%252BGJj1mdmcIHW4Ab05QZ8%253D&asb2=OonRtRXYNBNZs4B_fnj9mlvBzfNumugSiC6152cnFRSGg7I-OY7arJgF5Qi67z_8
Набор Beyblade Burst / Арена и 2 светящихся волчка / Интерактивный набор,990 ₽,1 отзыв,"9 мая доставит Ozon, продавец TedToys",https://www.ozon.ru/product/nabor-beyblade-burst-arena-i-2-svetyashchihsya-volchka-interaktivnyy-nabor-412253505/?asb=0zxff6zH90tH3zhdtb%252BmLMgqp4tRljPKHZT0qU9FjmM%253D&asb2=Y6j1Dpl7QYeR91YG8QoCPa2hyx3XxTCdWqnA__Vk9lCk1itFJavPUTmC8XCYw7Dy
"Игрушка из ПВХ пластизоля ""Набор Машинки. Раскрась сам."" Набор для раскрашивания 5 предметов Фигурка для раскрашивания / kinda",699 ₽,20 отзывов,"Завтра доставит Ozon, продавец ООО ""БЕЛЭКСПОСЕРВИС""",https://www.ozon.ru/product/igrushka-iz-pvh-plastizolya-nabor-mashinki-raskras-sam-nabor-dlya-raskrashivaniya-5-predmetov-481703043/?asb=JofKycHKh1D392MAg7UzujXAo7M2ZUVESyAjdK%252B6ZuA%253D&asb2=pwIqGljiWYvK-yUQktE6aiGsRVXoqgsLrwdOdp-SebDfSkMC1XugJbNJIiyIuqwq
"Музыкальный набор Умка Три кота, 2 в 1, мультиплеер и музыкальная игрушка",541 ₽,65 отзывов,"Завтра доставит Ozon, продавец Ozon",https://www.ozon.ru/product/detskiy-nabor-umka-tri-kota-2-v-1-knizhka-panoramka-i-doska-dlya-risovaniya-262390596/?asb=fbm3AI5be0sYNMp%252F4R%252FfJFsBsFtK6v5ZcBrEcYFEm%252BM%253D&asb2=m1mWjN6y9GVr9e58wxLQ7jZ6eLpgicgUxwdBu3h83pqpnCnGo0lKkzC_YgUkjlmu
"Развивающий интерьерный объемный конструктор 3D пазлы, набор для настенного декора детям и взрослым",750 ₽,10 отзывов,"13 мая доставит Ozon, продавец Royal Charms",https://www.ozon.ru/product/razvivayushchiy-interernyy-obemnyy-konstruktor-3d-pazly-nabor-dlya-nastennogo-dekora-detyam-453664911/?asb=%252B6YGNCPZq205sMat5nYhHz2pF3Rb1lTvFUe0yLqtwWE%253D&asb2=tmb6K_lm_g-FyBPHcJoUWtfzw8DGftB6cnhAwyTvyVqNqWI0SOtGyM3H-jEXU_xl
"Подарочный набор Холодное сердце ""Эльза"" / Расческа для волос детская и украшения / Принцесса Дисней / ""День рождения Анны"" / Детский набор для волос / Резинка заколка для волос / Подарочный набор для девочки",899 ₽,9 отзывов,"10 мая доставит Ozon, продавец F&K",https://www.ozon.ru/product/podarochnyy-nabor-holodnoe-serdtse-elza-rascheska-dlya-volos-detskaya-i-ukrasheniya-printsessa-513747520/?asb=CPBx74HH6cEW9f%252BHHCz38u4ruQuQLYnhpFCIdMwEMBBcCx92xHCd9vwbXi8gR1Pm&asb2=ie_TQ8s63b4XnKOL4uLoNGfpop3DnVkPb2wo-kh_9RAaf6Tz0piBdaU3F2-j-J7YMLv4pHlgo6Ati65OTWP58TrW7foVYM1FDKIw0fa5iJJWhEPrtvI-mfNM_HGfHAg6VL4IwJbkwxaB6t8T9o6kxA
Подарочный набор /Подарок мальчику/Сюрприз ко дню рождения 5+,849 ₽,2 отзыва,"Завтра доставит Ozon, продавец ИП Горбушина КВ",https://www.ozon.ru/product/podarochnyy-nabor-podarok-malchiku-syurpriz-ko-dnyu-rozhdeniya-5-380148522/?asb=a7ukeDngNAYCuZwFqGqtnga2z2NOORM70fxAoivnHF7bYfy1YoAmqZ0srX%252FnDiFp&asb2=BuE65fTh_IuYEJyz7ksX6n0kaJ-XibqGePxa1xz7o5GKFBJlQSf3tSo0SUi1Gsnk60FXhYT0PU7hjVed8fsluXJFMDB-JrtbZ5a_HB86OKU65IGxvYr68DsHoOxtFUNB
"Развивающий интерьерный объемный конструктор 3D пазлы, набор для настенного декора детям и взрослым",690 ₽,10 отзывов,"13 мая доставит Ozon, продавец Royal Charms",https://www.ozon.ru/product/razvivayushchiy-interernyy-obemnyy-konstruktor-3d-pazly-nabor-dlya-nastennogo-dekora-detyam-465248732/?asb=m1itnAO%252FPwFEZOenDhYPrBjhYLAvXKW9YuPnAUZWIM%252BFXQy4ls787zop035dWuFR&asb2=H6f-2Oc-WcqtkDJe0G8h-RqUAcgTag7TGwOjxm9PEPRlrlMYIevPZ2iG0rPLIICPNWxhseGSK1h-KSEysAfbX-3TkKwHvLLSN4GNRmEvhBMv35-4tzVXJ3E7WbBiRqXJlX-X7RHiAvdjOubFuyaHjw
Подарочный набор /Подарок девочке/Сюрприз ко дню рождения 5-12 лет,949 ₽,2 отзыва,"Завтра доставит Ozon, продавец ИП Горбушина КВ",https://www.ozon.ru/product/podarochnyy-nabor-podarok-devochke-syurpriz-ko-dnyu-rozhdeniya-5-12-let-380148200/?asb=kXCGd9ZrLIP7dUst75hCNUGyiPAU%252B8txZcqZ64E1c8D6%252BJbQ4okSKyI5TrRbSKbS&asb2=XLEmzYGIqfnO2Nf5gknIQWafJIIn3TgJeFscUuJX46OAMYkeInvZ78sThmHJ3l5PzFC5rASiQOqVJ__5JnwrJAAq-ZDUww6Z558ugCWbNe6W-N8n5_HdEdOBgpMsbH_h
Увлекательный адвент-квест к Новому году / Квест для ребенка / Подарок на Новый год,105 ₽,40 отзывов,"9 мая доставит Ozon, продавец Vivaldi Store",https://www.ozon.ru/product/uvlekatelnyy-advent-kvest-k-novomu-godu-kvest-dlya-rebenka-podarok-na-novyy-god-370880518/?asb=%252F8FJ5vjxiI2cpJRsSqznC5FuwaNI4hNQvE%252B4TdyV5cwJpnsiV4wH8z56fQ24sGmN&asb2=yfpC6lAHgZt1q5u3iq2T9BYBYFy_jETJDZgptHDKVW-N1H4UgJNFNfRd4bQR-PxEhWhxeY6s2vVfO7_nri-NKi3X3f_2u3t8iiUjr7wiG8dlK3aW16ZtrRRCDoIxyLx1Iuuc0FJKs7Um-lqjdpIAEg
Набор игрушек/Настольные игры/Новогодний подарок/Лизун человек-паук/Битва молотков/Цыплята катапульта/Человечки лизуны/,331 ₽,4 отзыва,"9 мая доставит Ozon, продавец LM Shop",https://www.ozon.ru/product/nabor-igrushek-nastolnye-igry-novogodniy-podarok-lizun-chelovek-pauk-bitva-molotkov-402916253/?asb=h5Yfs7TALnNni7GeCsgnN0JyZR1E1lbnavEdba90BlU%253D&asb2=ZnL2z1O90isExfIQy_Kl61FBEu8hyN0qB2R3wWGgfToT31ywdxzgkhO7KqAc7tki
"BabyToyBoxs подарок девочке на день Рождения 4 года 5 лет 6 лет 7 лет 8 лет дочке, внучке, сюрприз бокс 15+ игрушек",983 ₽,12 отзывов,"13 мая доставит Ozon, продавец Baby Toy Boxs",https://www.ozon.ru/product/babytoyboxs-podarok-devochke-na-den-rozhdeniya-4-goda-5-let-6-let-7-let-8-let-dochke-vnuchke-461144478/?asb=fCR2Q3Cx1RgyEDK1eUEYZC0rNQAwkrldmpq6ZqvK3fksoL%252FeoOKsFzTUOWN%252B5ARl&asb2=FswxeQg5j4l8EWk-GKXs5aQukQRrJ9kJs3E-mR-HNaFIegdSDY4Wc5AgguXfYefeDto8poR2DUBrLyu6_RxKHns08yvK6BAYSkiSM5sGjnMqqhZpyr3umdZUKchd8rdTqUM2Dn36zE471bIIRjelCA
Оружие Наруто Нож-кастет металлический детский Неджи Хьюга 15см / Цвет: цветное золото,398 ₽,14 отзывов,"10 мая доставит Ozon, продавец Smile_TOY",https://www.ozon.ru/product/oruzhie-naruto-nozh-kastet-metallicheskiy-detskiy-nedzhi-hyuga-15sm-tsvet-tsvetnoe-zoloto-507170060/?asb=ZarGsD%252B%252BIkYUKrPQ8sBruHmIKrxkhko0OifIdNzDvoE%253D&asb2=buz9BLHlj2TOKjSh5QA15RKkzfRw8EGeey29LwB97utS2UG4Ee-xIrkY06GqZUJP
"Набор для раскрашивания ""Пони Раскрась сам"" Фигурка для раскрашивания / kinda",599 ₽,20 отзывов,"9 мая доставит Ozon, продавец ООО ""БЕЛЭКСПОСЕРВИС""",https://www.ozon.ru/product/nabor-dlya-raskrashivaniya-poni-raskras-sam-figurka-dlya-raskrashivaniya-kinda-393431069/?asb=EJ4VnZIdXMY%252Bs7tDEhoJZ5TKbyzuHy6EPAsWAUYPSlU%253D&asb2=DoqZwfJP4v3A2SzTXIfMGwqRlkA_BZc_o2r4iH7eLBANF5UJUhrlgR5j2T_7mi5t
"Развивающий набор Умные игры Синий трактор, 3 в 1",406 ₽,21 отзыв,"9 мая доставит Ozon, продавец Ozon",https://www.ozon.ru/product/razvivayushchiy-nabor-umnye-igry-siniy-traktor-3-v-1-262390554/?asb=CguDtDd2OH682VTHzJgNwN7HWY2PIKlxdL4rVBqyjRQ%253D&asb2=vn3bCQwAzGvHfB2iOstrz--ehxLpFlheJRC43yfdA_-RdVrZAcJ5kEN_1Elj50B-
