Пропитка MONOPOL Protect обеспыливающая и гидрофобная для бетона (уп. 3 л),722 ₽,3 отзыва,"9 мая доставит Ozon, продавец Техбетон",https://www.ozon.ru/product/propitka-monopol-protect-obespylivayushchaya-i-gidrofobnaya-dlya-betona-up-3-l-513438947/?advert=Q-og1KKzS2KRLn7PXUY-Io-yRN0qRWJKTYfo3HxIugnh99CN60qqWJ7nhCaKpvRQeYC5v1VdqTMTUrU6nSze3VCNmKRAP3mQHCJhA2bc1Qah59f8eTa3lTA1gNTEnWjOBe_13j-UnaYm6gGIZlnI_W3LpgqQUdKj4CIuXXYE66HydC6Xi6jAaYEUc5q_STLz4RJ9F-FlYuYLeaRCN0EdP--OrrXYcIuaQqVcUfXMMMT_tFym95_RpQinoneBBaiK5fthvgdTXgiMrSc5Uh1XKjSlMgohVOY3aKl6F9nz8wu3LXDlIJPrPRWJNsVcgYszFER7liwBFx7VbgxqOQzY1ZFRJypZIRPVQHoYyquy-xoAcaN6aRS8pZrWSYv0mm9o7ztgsBSNki3bx-8FmiBHKI76foSNQ8wuq4dALzdDeA1WyykLnhtaczg3TAYTf8sPokM_RjZadd-vcwn1swGxK79lG0M4PFWq9jUXpQOoVQomLw0_EEecH1Xhzn1bOH4W-vJYbcyxjRdBUA13rXmcg5-KDeIsbxWrPL6FMEoU-VDtRZc94FnRYERwqTVXlVbb
"Влагоотталкивающая пропитка Cemmix AquaStop Colorless, 5 литров",391 ₽,25 отзывов,"Завтра доставит Ozon, продавец ЦЕММИКС",https://www.ozon.ru/product/vlagoottalkivayushchaya-propitka-cemmix-aquastop-colorless-5-litrov-230548442/?asb=48A%252Fbp5VmuorVBSfOwBdrX%252FSkG2uwui8%252FrS3Bjm6aUo%253D&asb2=g9e1Ok1jjaBuRvSnaJVkWuhnotW1avKWBfcdtcCKdVGWcJBBzs2u9zcUvN7bnYju
"Пропитка для дерева Здоровый дом Антиплесень, деревозащитное средство, 3,5 кг",615 ₽,14 отзывов,"Завтра доставит Ozon, продавец ТурZonа",https://www.ozon.ru/product/propitka-dlya-dereva-zdorovyy-dom-antiplesen-derevozashchitnoe-sredstvo-3-5-kg-299875486/?asb=0olZ00FZ1bfY%252FCRXRkRb7W6gKsGkKaWJutgWCci7NKz2oHRXdfRSxvQoWd5VdacB&asb2=MrpolEjUiDIC63wEk6PpmpR-0kxNt2nx_f2N7D77SfPn2RXjLCOeLhYvvdLeZ5x0Fd7fYvbA3AWYyEaKRgsAOVnb85GNIJC-0hxi_cyTq7kb9SQOK90sgANhtsDRrEJSnGgWh_FNgkLMwvEkHjuN7g
"Пропитка для дерева Здоровый дом БИО, деревозащитное средство 3,5 кг.",585 ₽,32 отзыва,"Завтра доставит Ozon, продавец ТурZonа",https://www.ozon.ru/product/propitka-dlya-dereva-zdorovyy-dom-bio-derevozashchitnoe-sredstvo-3-5-kg-299829562/?asb=RcJQ8chkyfb1W6c%252ByFRWhw7v2aWB1Im7B6%252FgvtwxdaIzi6fnwgsMvKv1fxOhgJnA&asb2=WnrHx2HN0CyXL-auxQ9Z0akvgdeQ3tl18h-bnzK8xfHz4z2bhv-HPwlExp7bJC22w1MuPp6Cy-r79433DL64tcBMGRzgvwDBxZXXuWrkZGWbV1PVJlcMdzsiRshVx7yGIsDhFrNdiM9R0HnE_jsNlA
"Пропитка (гидрофобизатор) по камню, кирпичу, бетону водоотталкивающая, антигрибковая, с эффектом ""мокрого камня"" 0.8 л, 0,7 кг",480 ₽,14 отзывов,"Завтра доставит Ozon, продавец Certa",https://www.ozon.ru/product/propitka-gidrofobizator-po-kamnyu-kirpichu-betonu-vodoottalkivayushchaya-antigribkovaya-s-effektom-308333690/?asb=De6v2X7tobGUf6jnYD0csy7loHjlb5BorhAtDCbEEDkcSPT9dmP3euN1F7P3iPvc&asb2=wHjaBKEYr7NuUuZbwE3jwWLEHWccmme5EhKr3CzOJ7qcL4pTzchOTXshY3N4QJYegVKZ3YlmZ7xdm02far9j3VM3xiG-SIdlybCIKGQUoeSrO-aDKuRongDvX9_mOaNotD7tfNKa_eobvYHp-yRCXA
"ПРОПИТКА-АНТИСЕПТИК ТОНЭРОЛ ДЛЯ ДЕРЕВА POLI-R Орех Полупрозрачная, 750мл",729 ₽,4 отзыва,"8 мая доставит Ozon, продавец ООО ТД «Поли-Р»",https://www.ozon.ru/product/propitka-antiseptik-tonerol-dlya-dereva-poli-r-oreh-poluprozrachnaya-750ml-238446279/?advert=bBA5lR8jRA7Xxep9h-Txl6zr0BtjyEf6ZyiGTKPAP4H6weqF-KLli5wneKLTA9fyyVCPoLdGsaopcNb-5RHziOoNwOdJsxzjVH76c8xe2ojR6bRmVIgZwsCZVywkktzGmdGZzIyxI9MWYZYirc-Y4hnPleJRBfWOGC6PIoX66up4RYvs4xiT1xCKsYzJtoJ4IqUySXsnwebxPdYQTN0xeDkPfmNBwplALKBfBoAfUVW_B5d1mARRJWH_7krx2gnA0str5i6_BA7HOjD6BgYJguV0zYEVLkiw2ASnElMm3WOv9I5Eh04zNuro4fbCCodqwvn2xhqTDfT3FAVqEZE-yUIODay5XOb6Vczy2WvRJDDtjdRenkUKkjPwaDo7VkV5_wQvLh7iK8D91PgvgX2Z-r8aZncmdq1VbnJF3-uUYICDHvkBL5KOanh-37vlY8hbMP7aYv5MELaeWqK-SX01sl28ueSW8o7cKoPaWkmeG0ZI-y4ysZiJdDpZaMGE1yHy0ZU37nzZ5XyjHT8Ay7jfMxgnbd9vVuscmtcBhVTKbg1qAeWODGjfjkkIgDLck5Tb
"Защитно-декоративное покрытие для дерева GOL wood AQUA (0,9 кг), бесцветная / colorless",461 ₽,6 отзывов,"Завтра доставит Ozon, продавец ООО Новый дом",https://www.ozon.ru/product/zashchitno-dekorativnoe-pokrytie-dlya-dereva-gol-wood-aqua-0-9-kg-bestsvetnaya-colorless-294787473/?asb=c4Rz8XLL5EBwMWrPP1Wo7sFgfADMofFq8LcVjvNH%252FKA%253D&asb2=DI1SqmXYpZ_-y8nBtdbaPSDx3byV8m7XxLipj0aw3z2h9h431UWZDP31Yk0ZoZFG
"Состав лессирующий VGT Gallery матовый с эффектом чернения PATINA ""Коллекция декоратора"", 0.2 кг",430 ₽,1 отзыв,"8 мая доставит Ozon, продавец ООО ""БАНАПАЛ""",https://www.ozon.ru/product/sostav-lessiruyushchiy-vgt-gallery-matovyy-s-effektom-cherneniya-patina-kollektsiya-dekoratora-0-528458528/?asb=AEndWKLfh8%252B9iI40WnT%252BC2kZ9jyXl3x76KrJEJ48Xn2Wvqo5Q7lZGX8gmmqhVslk&asb2=Ti-ApTn6rVCY-4L6q2F8m2VWFI1J0oqa0IMl3MrnWK1OUOHCHV_6XwfJ7TEtcXhg0zsmKPYmmzMQIBSNJnPyhxVqr2uDIhCHyF80tvXhnrN09m7vWZjhiDr7HJciXXXx7fgTLyV0VPHS31g3lBpo9A
Пропитка для дерева пленкообразующая Drewnochron Impregnat Extra 1л. Кедр,499 ₽,44 отзыва,"Завтра доставит Ozon, продавец Interpaints LLC",https://www.ozon.ru/product/propitka-dlya-dereva-plenkoobrazuyushchaya-drewnochron-impregnat-extra-1l-kedr-496465598/?asb=Qh1%252BJk4HNN7EeQH7vRhhiGe%252B5qb%252FO%252FPrH3DvzVIKvoh8lqq40a7RqHpeXcuaCk9K&asb2=AHKT2g5ktin25UpuIwxXohsl8S-1-4RD3ySUGar3xNfpiCc-hSk9MKGpDN6e0crPo88erLDHsqh8BgMKVZKpzB3fGfEtD1zbeaQp4mtnbHHdvc4Knh0DKPVdM5_GcA_z
"Огнебиозащита GOODHIM 1G DRY 1-я группа огнезащиты (концентрат 1:5), 1 кг",456 ₽,44 отзыва,"Завтра доставит Ozon, продавец ИП Новиков Д.В.",https://www.ozon.ru/product/ognebiozashchita-goodhim-1g-dry-1-ya-gruppa-ognezashchity-kontsentrat-1-5-1-kg-174017227/?asb=Sh5l87PZlZsbPZoDEfK8dvtW4bqwVGxMi67NFjhpcifCW0pzNMP1LcfSORiJueBo&asb2=go1zhjfZk8yzmS6sKhsB81_sLDCwCi3Xa3CHaQuXbS_2zOc-ouJYLF7zMCJ5TeBKSlO6ydONJGUAWqCOer2QyQNGjODFW8BU4t8LYHmaXYqkt-MiOw3Ron3Ws_9ze_Ffu1ISZBBJoz50M-59fGAS0Q
"ПРОПИТКА АКВА-ТОНЭРОЛ для дерева акриловая Лесной Орех, 0,9л",582 ₽,1 отзыв,"8 мая доставит Ozon, продавец ООО ТД «Поли-Р»",https://www.ozon.ru/product/propitka-akva-tonerol-dlya-dereva-akrilovaya-lesnoy-oreh-0-9l-409856127/?advert=x_roL1ngjw8c6_plOGyUWW95nDeFlPEJDZxG7RdvbzMzXvrQV5C9hE21dOlyP2ga69lO2miqFbHIfh6zULZcTGR7l4MrvdTe1xFqiJFdZXmPhkxKusvV3VSBXVT538AhfvR9BCegi44SgnSynnQKgz0dk2UyP-80AFStiQ6r7iCNhnyd3wZNwaqvQmLRWF9Wr-iUhW6ARUhLsuI-wWOM_js4XEqH6PMJY0DSBdRSpXYVH8XjFaTZqoQ_l3-Gm8U0qJcZ60S0siIhkqrBjETklMxRAQVizQjNGwHAaBnlfSnFExHWHUL1zOfXFo_g_iI8gaQ2H1u0eVu3va8klKcFnNSqutCFj5hExIQkvG3ZTbP-j_PXfG9LDLd-LjvQRiIG733_oufRXdsi8Wfz9fYnNwS1640wqkht4wRokRISudbIyA4VPzzv0dYdOGeMuQdbJZutAgoXR1t0MU6rIAfSak4OQMn9I-oOz38g8asVwa_E7vTr8aJXC3EvecHgjStjBEf5nSXnALeqIDXEXzHxR-38C3Kk1JxNQBg4Pek2NUHGPjvWpRBYaQmbKErpJHOP
"Огнебиозащита профессиональная для древесины PROSEPT ОГНЕБИО PROF 2 группа, красный готовый состав 10 л",836 ₽,2 отзыва,"Завтра доставит Ozon, продавец 000 МастерСтрой СПБ",https://www.ozon.ru/product/ognebiozashchita-professionalnaya-dlya-drevesiny-prosept-ognebio-prof-2-gruppa-krasnyy-534465092/?asb=JMtW6YDlHkzCBUctniNSJ9i0qld0nDX%252FFcHk6HiPy6iipc0RhNyirN2eXaK98ZF5&asb2=ihBScyCKiKZS752ZY6bh2n5DL9SMispzCK_oTw8E9PBRhXffjbCSgMRbbBdRqJf2PmP1EKA7KRM-wRzZ2CoSx5Diajalj8W3GLvAxbpPcNZnzbB4hX5QpCMyzHkdIy7_N-mbWG5AzULnFjdN6vlp-Q
"Огнебиозащита для дерева 5 литров, огнезащита, раствор, пропитка, антисептик , защита от огня, плесени, синевы, насекомых",731 ₽,13 отзывов,"Завтра доставит Ozon, продавец ThermoColor",https://www.ozon.ru/product/ognebiozashchita-dlya-dereva-5-litrov-ognezashchita-rastvor-propitka-antiseptik-zashchita-ot-240726222/?asb=nSEku6a7IAFbVroedV%252Bdk1NRr8qxTXtY0HKRpD2TcXY%253D&asb2=x2X7dC0IYBedAtwRa5_lp8nkhBaNhDGdQgd5hxJgZqHB0VDNk2AT7l6PRPsbqepe
"Влагоотталкивающая пропитка Cemmix AquaStop Gloss, 5 литров",771 ₽,27 отзывов,"Завтра доставит Ozon, продавец ЦЕММИКС",https://www.ozon.ru/product/vlagoottalkivayushchaya-propitka-cemmix-aquastop-gloss-5-litrov-230578366/?asb=CfAAzxsJVgdBmk5E1P3vAzQt8osl6BKEwAGVUJlES7A%253D&asb2=TgSh6wTwCI8pJubYkf1t6Xnw1tCh8OacHhe7n5X_FMEb_OXckWqI2dl_wDjtzy1b
"Неомид Огнебиозащита 1 группа, сухой концентрат 1:5, 2 кг",759 ₽,2 отзыва,"Завтра доставит Ozon, продавец ООО «ГудМастер»",https://www.ozon.ru/product/neomid-ognebiozashchita-1-gruppa-suhoy-kontsentrat-1-5-2-kg-366469763/?asb=rVcFF7OVamKRje0Bex5DftQgLB9wpOh9rkLlmSAgCqc%253D&asb2=uV1d8LaTQarfxftI8rHGjtyBb2MX47F8tjSseaaSpDobH4MMYdQygLm-3YZlNJGy
Типром Д 1л Пропитка,950 ₽,4 отзыва,"8 мая доставит Ozon, продавец Краски для Вас",https://www.ozon.ru/product/tiprom-d-1l-propitka-323273849/?advert=uT_1KxfYukwUoX3tfWpH5GAH3uvTiJdk5v6YvseXsWNKu3mUVj29wVuyZPOVYMjD8TaWyH4UF40V2B2kzsr2HwsS4JxSkCUwHmof55zjgpUIhvZ2s0Bblr7_BLODd4jt-aqPDg_QfwHHTr7TPK9PlvwktQj9-XLebM8Jg_4vGAaBamu3Dmaz5RUhTYb49VZk11ZXld6MyGktITKSASMT6m9A4AtNz5xQpu1pBHAcQoB0w5gJSPVqrcq5gyi1Msb_UHRei1Xx3d3xAp5cYTXFgSZF-YAcBPfdJwI6OboSdNkSOdWr0W1DFUhPhgbWYtzjWfQ-yRb0cEKONHJ3Sa-8isS7Z-8jNuQMzbhUj0jVsbNde6kCRJyI3Wu-cppIZwyN1-07Cww2SWEPbFmNeqdOJvHz9MV00HYi5ewm7U8LE5QfUBgDtAgfKnpsWllyWIaESSAYxqxqb61LAKvSFdYkdOIx89V4oR_HjsgQZQ5JsaDM21nfW4_lC6NkpoyOTN9OGR0-_p4rLFr7d1mp6bn8Yi_uYegJ0I8bo77NNahNJhOY4hkaFbcaTAD82GxJof6h
"Защитная пропитка PROFESSIONAL с эффектом ""Мокрый камень"" PC404 1л",471 ₽,17 отзывов,"8 мая доставит Ozon, продавец КЛАССИК",https://www.ozon.ru/product/zashchitnaya-propitka-professional-s-effektom-mokryy-kamen-pc404-1l-259820992/?asb=PKRKplspHdxuDOWNQjOZCRp7%252F4Mnb4YxvamRvbTN3VY%253D&asb2=maZU5HWqaGfjZlgmxRotT6oC7AVpnO5TIXGgSuPBMYW6vAyH1e0O9AcS9I6rpyD5
"Пропитка для плиточных швов, Старатели Фуга-блеск 0,5л",445 ₽,16 отзывов,"Завтра доставит Ozon, продавец Мир Строительных Материалов",https://www.ozon.ru/product/propitka-dlya-plitochnyh-shvov-starateli-fuga-blesk-0-5l-396182580/?asb=AF3Vjp5nN8V2jkx2250Bf9xBAJrUUJzgTEOSSXxeezI%253D&asb2=mgHbz1yn3s9Unp_dFsQBXtO7OPQe77A8KMYsrh3IT6bh6JiJRqgTw5mAaoi8g0Jy
ГИДРОФОБИЗАТОР защитная силиконовая пропитка от влаги и грязи на водной основе PROFESSIONAL PC417 1л,279 ₽,54 отзыва,"8 мая доставит Ozon, продавец КЛАССИК",https://www.ozon.ru/product/gidrofobizator-zashchitnaya-silikonovaya-propitka-ot-vlagi-i-gryazi-na-vodnoy-osnove-professional-259821476/?asb=paqa0FX3kzcREjZkuKig9aqJIpU3mJe%252FTeAjPtjCExI%253D&asb2=dZLrWBGKg9pt5Dr6lxZ0kr6Es70Kqvy6iJpOn1RrZ-CDrg6j_D1oL5ClT-qEOKIf
Пропитка для дерева DREWNOCHRON 2w1 Быстросохнущая,180 ₽,201 отзыв,"8 мая доставит Ozon, продавец Interpaints LLC",https://www.ozon.ru/product/propitka-dlya-dereva-drewnochron-2w1-bystrosohnushchaya-192642393/?asb=shktN10%252BGul3lNHr7hvHooNIF%252Bd4hd9oI%252FATKZuPCdfudnD13UPRgBbyl7GhTmwX&asb2=wqMHSpqlb9Acv-OuzuMmhPIsCsrDWfs9ejbcKnTjwskI53bnMfWgM-zuDCXa456Ys-otQ74TWBi7i6I7vPQBFE9QMWI_JagUqXgqwU2xmv4cCrJwtumCJn573XL3GW_A
Гидрофобизатор Типром У1 1л,850 ₽,3 отзыва,"8 мая доставит Ozon, продавец Краски для Вас",https://www.ozon.ru/product/gidrofobizator-tiprom-u1-1l-322652880/?advert=O0jNfLULpPAJuFp3kAcQUINhr-1rAM2ydU4oplNuRZLmrwLBWuOvD9EvRlOAnqBBg9bFsnP7fY6oOTuHGad9RWw2GKsbQYzqm_3tFDPysjFhIHTabjZhB-Dz6W9HDuVpicXqLgGE9G2KHajujeaJLUIEax5JvMByigzm9_zZSxvL89-aEDjKEqiNyft5Jo6aHCoBnMbfi45VlbAXRr0toWneeCZiYTz5w3PfyNDgbnzKY64Kl0GdH8-XkUQfOAXN6A8_AK-8hGyGl9fPfz7IozBgb2d_edMKKAjiTXwpCKFKF1UrUnOCb4-4qDAk8FOHs9l26DopSTZyJluxOE6FQ7tkmhTGa6oA-dbuC6qLwkOPIkQ_V4y4P4PijXFkztmIS_O58qvVUu1-RVbIYrVsxZg9dH56ydHfxpQGBpNM-dzTyfw36G1lOG2-_G-GqxvP979pwe2lRdpP-Z0iq7YBjQuEf83s-Lvu_AXvbpmnX_XSmC_df7VLvJvg3QwKf6yPm7zW5fZD364a78TdlUUmSetEGkNs0WDctcw8A2lfjRoeBG_vJmNsvIFjQLYx2NuR
"Пропитка для дерева Здоровый дом БИО деревозащитное средство, 1 кг",288 ₽,32 отзыва,"Завтра доставит Ozon, продавец ТурZonа",https://www.ozon.ru/product/propitka-dlya-dereva-zdorovyy-dom-bio-derevozashchitnoe-sredstvo-1-kg-299835220/?asb=GN92TyHhrKyy9GSzVaHOvDvKg%252FnZ6WPvYn1VbVREhFEsYZIIHbn%252Bqw3exMJKD1Nm&asb2=iiHlaEh-IlvHA-PieBa4mw1kGl_PPgrHqX3I8EoQ0w_qfbW7L1fIGyrXyi1Wv1hTN7cNne6z0t7WZWx3F6nJYhb1wLa6S8dQppC5vuLwe40mZVekua6O0OSk5A-3bkm0LkrHko220_Y1JK8SdB8xBA
Пропитка для камня PROSEPT AQUAISOL концентрат 1:2 1 л,335 ₽,2 отзыва,"Завтра доставит Ozon, продавец 000 МастерСтрой СПБ",https://www.ozon.ru/product/propitka-dlya-kamnya-prosept-aquaisol-kontsentrat-1-2-1-l-534447374/?asb=F1dPtjaBHrKCgdhM%252Fpk9qZVmNio9%252Bmc6k40BJMSehTexhBxZnTE%252B%252FFU2diV%252FE33R&asb2=gq9H9gjrFNR92NfWDdg_jR-sQA6EsEYBfsijbxekjVxtEWUumlePDkEIj1uJMnkAq3VGAw2YGbb5x43wsubENH-kOgSnvtN8Jr26PR88vtUEydBGdjl2Q0lC82Mmp7nRPb-LR2OV4YYx0w-jnZpdHQ
"Водоотталкивающая пропитка для бань и саун Elcon Sauna Natural 0,9 л",978 ₽,111 отзывов,"Завтра доставит Ozon, продавец Elcon",https://www.ozon.ru/product/vodoottalkivayushchaya-propitka-dlya-ban-i-saun-elcon-sauna-natural-0-9-l-265350223/?asb=GnOGJ4UzzjPTwt1ZMFUF4Zu7tkLd9vQTsQNBYMPNzyAiIdpF8sOHsD9uljYH9X0l&asb2=HGd3BXTpEJgANzwFKgopxuLzQjj7vk4wC01SLOroZk9jdvz1Pnt7XT8S3RbNiKZkA1SyoP2BFFeUU5OaBlMXq61552uG1c-BAHlMMMUmoyQmZNFdqr4ZQnI0eWybzntcSwYofZJNIAcfNB2kyUFF8Q
Пропитка для дерева DREWNOCHRON 2w1 Быстросохнущая,180 ₽,201 отзыв,"8 мая доставит Ozon, продавец Interpaints LLC",https://www.ozon.ru/product/propitka-dlya-dereva-drewnochron-2w1-bystrosohnushchaya-192644034/?asb=%252Be3rlpous1gwT5nCjgK0IDbgIw7tEUr3M66OOVRJxxF1gX9b4bVbgPu3FmkyZUIp&asb2=d9G0H0DTQ0YtGligwoWPG2BJjptH1NixJXJGn-ELKld-kGwaRA7-bgNI5AUKjWABK-MAh8y5vkwmYJ-75PNdThcEkk1ToZDen6u_uTAxsyc1PL68PBp3ePpGZeSky7QU
Садовый вар Vixen 520 мл,412 ₽,7 отзывов,"8 мая доставит Ozon, продавец ВСЕКРАСКИ.РУ",https://www.ozon.ru/product/sadovyy-var-vixen-520-ml-492793979/?asb=nzNSOrL8lG0PviQrh7sBSkn2Xa%252FXF6iyZA%252BlRDAzXVtyvwT5urSZMkgM5QAyBnQm&asb2=F0z5zgnS3K5eq3lTISVkEYC5Kykkqo3xFCoh2OBy78oWE6en_WkajVPeFrnbCxsGYkQHQBhYQAlcvSZ8I7QUoA7O4Bsl1XFWSmGl60KbhWb91TbwJsW2qSAN7JHjkLPD0JtBRFZ7bib5CMCHlcigcg
Силиконовая водоотталкивающая пропитка 5 кг,699 ₽,18 отзывов,"8 мая доставит Ozon, продавец ИП Рощина М.А.",https://www.ozon.ru/product/silikonovaya-vodoottalkivayushchaya-propitka-5-kg-311696755/?asb=RwdRMCpkVYk6QIzThgES5t7VNv25U5wDlaSn3HBHWsU%253D&asb2=z0nQR-1hT60CK1A10T_YTzfZySKMKytc7Omo03Lp71FJiLoSeAFPTAk6KebIVUaa
"Защитный состав для древесины JOHNSTONE SATIN WOODSTAIN полуматовый 0.75 л, якобинский дуб",700 ₽,41 отзыв,"Завтра доставит Ozon, продавец Interpaints LLC",https://www.ozon.ru/product/zashchitnyy-sostav-dlya-drevesiny-johnstone-satin-woodstain-polumatovyy-0-75-l-yakobinskiy-dub-268799076/?asb=d8xqyCl8cZz658aafibtwpof8CeBRNCQsD7rjQ5I2sPCrPOo%252BwLsq%252F5lxq3hz4B6&asb2=azW5KvEenO1q17D6nF1EQuJ5by8r4XgOvcD1zflO7rtVv-pIE2e6a5UOM6FXsolbxpuw_149IYM0TuodmLgpD_sI7Vb0MPe-AGAeNsDQOqZbb-usgwxQSVof5i7ypWqT
"Wd.272, Пропитка по дереву Антисептик-СУПЕРБИО GOLwood (1 кг)",267 ₽,11 отзывов,"Завтра доставит Ozon, продавец ООО Новый дом",https://www.ozon.ru/product/wd-272-propitka-po-derevu-antiseptik-superbio-golwood-1-kg-294942811/?asb=veOTB7tZ4hlOX%252FgyNxGkMhB3dWrmp0bb5ou%252Foe7PDMI%253D&asb2=pe__Y5Xmz9GobxltbQiiy6VeERp8qAAi5jUTkWST8_ksnpaub3HeX-vkKEZ3vi6o
"Wd.270, Пропитка по дереву Антисептик-БИО GOLwood (1 кг)",209 ₽,6 отзывов,"Завтра доставит Ozon, продавец ООО Новый дом",https://www.ozon.ru/product/wd-270-propitka-po-derevu-antiseptik-bio-golwood-1-kg-294942900/?asb=cA6Xnho8fSN%252FiAO%252Fs5OqCBivJDiZbI55gt%252FtOWKRaDE%253D&asb2=XzPFbUF0Hj5gNdrYbflNuvnEcrZFI6dcCsc9utX_W307o-wU141kghkMKd48BQt4
"Защитно-декоративное покрытие для дерева GOL wood AQUA (0,9 кг), палисандр / palisander",461 ₽,8 отзывов,"Завтра доставит Ozon, продавец ООО Новый дом",https://www.ozon.ru/product/zashchitno-dekorativnoe-pokrytie-dlya-dereva-gol-wood-aqua-0-9-kg-palisandr-palisander-294787661/?asb=zayyUu64gZTK5tJw1X%252FREDXVUh%252FUu%252BuIO7V2TUfLd7U%253D&asb2=FfLYKvZlW2Hdr6x8fdnvQ-uXmVMBnqiZ0nsN42_ivf7VIoNZ96YtIh4XmPZHbh7g
"Антисептик для дерева V33 с добавлением воска ""WAX protection"" Темный дуб 0,9 л.",799 ₽,46 отзывов,"8 мая доставит Ozon, продавец ООО ""БАНАПАЛ""",https://www.ozon.ru/product/antiseptik-dlya-dereva-v33-s-dobavleniem-voska-wax-protection-temnyy-dub-0-9-l-170087743/?asb=cBLfIYvChtYu2%252FvAb8ZV9uAAFb5RSdHkY%252FWV1jtRiv8%253D&asb2=uHswtyI1kyo4LdIQHM0HdSgUzut82NKFvZfYZbMk8iJPAvIANf3DPpvJYc4lo_0h
Средство для удаления грибка и плесени / Уничтожитель плесени UP-1 концентрат 1 литр Зервуд,542 ₽,2 отзыва,"8 мая доставит Ozon, продавец Мир Строительных Материалов",https://www.ozon.ru/product/sredstvo-dlya-udaleniya-gribka-i-pleseni-unichtozhitel-pleseni-up-1-kontsentrat-1-litr-zervud-397213358/?asb=0fy3EZ%252Bpc16zaxFJXmIdsRL%252Fo3d0XbafLIn5AAq%252FlRg%253D&asb2=QhV1UHv8s7HE2pJcyITHRq4T96jCoEKjMEdAsxChLqxoQOYOKauXC36hlfkrUdWe
"Пропитка тонирующая для дерева Veres ""Ultra Lazura"", цвет: орех (04), 0,9 л",574 ₽,16 отзывов,"Завтра доставит Ozon, продавец Ozon",https://www.ozon.ru/product/propitka-toniruyushchaya-dlya-dereva-veres-ultra-lazura-tsvet-oreh-04-0-9-l-140193682/?asb=CwA%252B2MtL7qKWEnLGDgXGLmRRaIzp8Rhs8tf2HCUBSPE%253D&asb2=DV1fm6N2IPZb1cNxjiJKgejKia7SwzZvTKMVdpNkBjzW0HelEbyGLIrZo4OsT9aI
"Лазурь-антисептик Malare Wood Protect для деревянных поверхностей, водная, белый, 0,9л",800 ₽,62 отзыва,"9 мая доставит Ozon, продавец ООО ТД Маляре",https://www.ozon.ru/product/lazur-antiseptik-malare-wood-protect-dlya-derevyannyh-poverhnostey-vodnaya-belyy-0-9l-242730130/?asb=gsAOFOzu1UGElPqgHENph4AV2KtYVhfOGSHgUojWGyg%253D&asb2=J5TWF3laHrDMkEFddjSm2zL4NcFVYxH2P-KQQdKTWP4Fgbc-iqV67zCurqP7HKym
"Масло для террас и деревянных полов Здоровый Дом палисандр 0,75л",889 ₽,65 отзывов,"9 мая доставит Ozon, продавец ООО""ЛидерГрупп Строй""",https://www.ozon.ru/product/maslo-dlya-terras-i-derevyannyh-polov-zdorovyy-dom-palisandr-0-75l-175710850/?asb=jZ3H40KrRDCmz%252B8zo2OpI4XLFTiCBtN5xaR%252BSfcw91Y%253D&asb2=iNs_uA4mnbDWjvSWeWjYY8lcL42vZ7Qpi9ZIx0f21N4g-lqG6-EydGnKyHF-9cbu
"Пропитка для дерева Zerwood ZDP, Акриловая, белый",665 ₽,7 отзывов,"9 мая доставит Ozon, продавец Мой Дом",https://www.ozon.ru/product/propitka-dlya-dereva-zerwood-zdp-akrilovaya-belyy-324229053/?asb=mvBkmshFMjfzjdt8wm3VAY61s4vspd%252BolFonznB9JYk%253D&asb2=XrmA8Flb1n5eO4pF7zwL8ZfvrMras13RxOKv2YmkmsE-seLGlRfYhfLXAkqtAyz8
"Пропитка для дерева Parade против грибка и плесени G10 Fungikiller 0,5 л.",639 ₽,2 отзыва,"Завтра доставит Ozon, продавец ТурZonа",https://www.ozon.ru/product/propitka-dlya-dereva-parade-protiv-gribka-i-pleseni-g10-fungikiller-0-5-l-299824971/?asb=vTzr8B1gx4DTx2YQMeBuJVo%252BQ%252BZf5sAyzLZkauDf5UK%252BH1d11xFcodZFl2JkV9Z3&asb2=NJNwifjod_c6b248jfd2GrE-F5PqljoPn46uAqNpETzRM3plZMZqFLO2PopaG0UMThOHDwHo5AuPeRuB_mltm4jIO0Lh11B_yTjtsObjT7unsu9u1pSSrKuDVq7Lw2afokIOh43O3PfaXw4ds9jVVA
Огнебиозащита ЭКОДОМ ОгнеБио (II группа огнезащиты) бесцветный 5кг,789 ₽,14 отзывов,"9 мая доставит Ozon, продавец ООО""ЛидерГрупп Строй""",https://www.ozon.ru/product/ognebiozashchita-ekodom-ognebio-ii-gruppa-ognezashchity-bestsvetnyy-5kg-298730155/?asb=LYEcSvt7fGBwpMqdAzF%252Bwx7cY7xkoYNoNaQ45gH4CyRgyVhwq3V%252FzXG1GZxlN2cY&asb2=lsUGeV84rTxsA1B2_v230HBEW1qfi7HGvrPFyFCQZ9Fs9L0JmiPJ0PPjLskAkB9van_VW0WVIG2PlDutgr4sKUcNSKgpVm4shQlVHCmbrXabwjW_jTH7aIJ6iIjVy3QrhInBJyivKp-b_maZE1FajQ
Гидрофобизатор Типром У1 1л,850 ₽,3 отзыва,"8 мая доставит Ozon, продавец Краски для Вас",https://www.ozon.ru/product/gidrofobizator-tiprom-u1-1l-322652880/?asb=HCfHFNHiJKZ8OMyp%252BYinImagJAP33l4%252F6LRRhYT%252BOozDGYRAx%252BRF%252F9E4ptVPvX9E&asb2=I7BuKbXG6GGS4kWTSu8MvOkXco6_Mxzexilx0NQxUjAo1XxePftA-Unle1_YqSjgHCdbG9DChupHPJXKf3qpgMV7gXozTeGISHRzumxcU7TykKkK3xIVHZJWRdEhnLsvVkMUMOXCzXIH3Cn2hhC6RQ
"Защитный состав для древесины Johnstones Classic Matt Woodstain 0,75л. Якобинский дуб",999 ₽,37 отзывов,"Завтра доставит Ozon, продавец Interpaints LLC",https://www.ozon.ru/product/zashchitnyy-sostav-dlya-drevesiny-johnstones-classic-matt-woodstain-0-75l-yakobinskiy-dub-300242638/?asb=UHEenlyKgIYb7XIqQRvzPZhUbI%252FME9u4Vv%252BCShCPdA6e3NGt7H9yor0uVn0YB8bI&asb2=hzqZki1c91FgdXAhbU2vfjr2sn9J2CS1CZXInQclYfolqkTBJ9XE8pJEPkvv-p9oid9ZgANKUN4FXr2SWFxFnfxcJaZaU0EO5CaGZnH3JvEiUx9wNRLDilbMaPqOuEdt
"Пропитка защитно-декоративная GOL wood AQUA (0,9 кг), орех / nut",446 ₽,4 отзыва,"Завтра доставит Ozon, продавец ООО Новый дом",https://www.ozon.ru/product/propitka-zashchitno-dekorativnaya-gol-wood-aqua-0-9-kg-oreh-nut-294787377/?asb=g8oRSFp66zJl40jVd0M54m%252F4T2Fl2r9JxJcAXz1KK60%253D&asb2=-kTcGwUo37YBIy_T9bTxED5EB6rPTuV_EoTEJSyg9m-XcxuBdFBthtNomlhRIEez
Деревозащитная пропитка Калужница 3л,990 ₽,1 отзыв,"9 мая доставит Ozon, продавец Строй Сити Трейд",https://www.ozon.ru/product/derevozashchitnaya-propitka-kaluzhnitsa-3l-309085764/?asb=VTrKbcwyRB1AbVyAT7P5%252Fh4QDDquz8bGKYQxGj4dAac%253D&asb2=rkTGFeRllhNL5sHs6PuYqQnp8JcGOBPv917uLkeVmMQRX_Vm-i0CqtnuNW9vo9bs
"Пропитка по дереву Эмпилс PROFIWOOD 2,3кг (защитно-декоративное покрытие) орех",875 ₽,18 отзывов,"9 мая доставит Ozon, продавец Палитра-трейд",https://www.ozon.ru/product/propitka-po-derevu-empils-profiwood-2-3kg-zashchitno-dekorativnoe-pokrytie-oreh-285410186/?asb=45MUHz8nN5LLr6BO8bGnX4mb5NLHnsmqOnTEKyBKQ2c%253D&asb2=EDrZnSHq74mGPnne8RNdHfJoCOCQg9OIV7kmtI0VKXJ0MXvnvVIVkJhx46Ob4P9v
"Защитный состав для древесины Johnstones Classic Matt Woodstain 0,75л. Дуб светлый",999 ₽,37 отзывов,"Завтра доставит Ozon, продавец Interpaints LLC",https://www.ozon.ru/product/zashchitnyy-sostav-dlya-drevesiny-johnstones-classic-matt-woodstain-0-75l-dub-svetlyy-300236443/?asb=ZznuJUiXB6i7Gf2jrn9ljMXuKIsArS4GWtMsr98uf9SnrTjUD6TieYt6yrVzS7JY&asb2=Ai8oaMSIbC2713U717UgGi69fQzjwsPAKt1kKSB7CfjQNHxsEGP4XujzXBOLGSXp-GudFIcdh9WN6neU-yhNEXjDy_HSsFLlgEIEkmNdGbvAR6ieq6q3jBTmIEfh-Vbs
"Защитный состав для древесины Johnstones Classic Matt Woodstain 0,75л. Палисандровое дерево",999 ₽,37 отзывов,"Завтра доставит Ozon, продавец Interpaints LLC",https://www.ozon.ru/product/zashchitnyy-sostav-dlya-drevesiny-johnstones-classic-matt-woodstain-0-75l-palisandrovoe-derevo-300239526/?asb=%252FBWqNGl35h1I5R6AMhgWOSs5%252B1UV4pXw3L6tV9i29wkM5YCL04OCuld4ySGdNqKe&asb2=8vh41349e0P8Mw6OebCdj7lvcDvWCc9DuSDZFUVhpGmbPGqHMNRBw0nFvT-TWMQZ5pVAK-dbbzLXxJ8q-2gX93sJB-_hUp81sOribRAszNhNNV-EFaJ_GTHcaBearFKu
Пропитка для дерева пленкообразующая Drewnochron Impregnat Extra 1л. Сосна,499 ₽,44 отзыва,"8 мая доставит Ozon, продавец Interpaints LLC",https://www.ozon.ru/product/propitka-dlya-dereva-plenkoobrazuyushchaya-drewnochron-impregnat-extra-1l-sosna-496451710/?asb=vn8ZYDmuG20xv2caWXrCpJ%252F2Zoc2JZtqhp2P5KtV%252FVKElc%252B8ac1OMQtec%252FMX57ie&asb2=vTING1ucNZeeMZ_GHZfT9GAe7IRmlnlmXvhk-HbIhb45dCkM9Gaf30Jj4evvBoQxwpPLmMeXSqVzdQeaXyKdE9WISd5vd0d4hHjZH_6epaBzyrD_MyK3OG2Kc2iP77Yg
"Пропитка по дереву Эмпилс PROFIWOOD 2,3кг (защитно-декоративное покрытие) палисандр",921 ₽,18 отзывов,"9 мая доставит Ozon, продавец Палитра-трейд",https://www.ozon.ru/product/propitka-po-derevu-empils-profiwood-2-3kg-zashchitno-dekorativnoe-pokrytie-palisandr-285404065/?asb=ZgvQd2XCYQy6gsuAG9y8xfmCMmGNu9h%252BZQrHFUqHIxk%253D&asb2=zrwRjlwhBZo83fJUiRAbYVVwgXPl0GIwGYMaB-DXJWhx7t4bHYYJzxeQb_njUJAD
"Масло для дерева НОРТ Krasula, Красула Масло для бани и сауны, для полков 0.25 л.",509 ₽,6 отзывов,"10 мая доставит Ozon, продавец Защитные Технологии",https://www.ozon.ru/product/maslo-dlya-dereva-nort-krasula-krasula-maslo-dlya-bani-i-sauny-dlya-polkov-0-25-l-375599324/?asb=Lmq9O5KpT2CqKSEOVVGxWvT3smVvJOMCcIJzcKViaGo%253D&asb2=gW-UDUaqexRfJsaEcIKtcjDzUgSM-Kgx_uuhy1PmY2aDp_61zdXZnyL5Brb7Uu7J
"Гидрофобизатор для камня Syntilor ""Hydro Pietra"", 1 кг",420 ₽,21 отзыв,"Завтра доставит Ozon, продавец SYNTILOR",https://www.ozon.ru/product/gidrofobizator-dlya-kamnya-syntilor-hydro-pietra-1-kg-231818126/?asb=2qBdXvFtFXeUJg9v2ppdElpA4dPCho38btij3hj4Ia5xnWfZsvkRGBVwI5fLmHkh&asb2=1IyyXWz_8uZ6kspKxVSpfyTSLpEXRtCzBpiSxXg1Aee8BCO0ojC0NW2YpeOwikRb4mrdJ3dbQGGC6CfKWLVRLYl48CdfGp7cN0u2v5Kl5wFsnK9AS4fC6QM7lITc0avQM3YIJxsiGdLTVymKYKYriw
"Защитный состав для древесины Johnstones Classic Matt Woodstain 0,75л. Бесцветный",999 ₽,37 отзывов,"Завтра доставит Ozon, продавец Interpaints LLC",https://www.ozon.ru/product/zashchitnyy-sostav-dlya-drevesiny-johnstones-classic-matt-woodstain-0-75l-bestsvetnyy-300226442/?asb=avxWk91cEfRL5qOTbh7p2tHqItNhmNcTGTjhBrB%252BPQF6D2rxhorrHUSQ8ZTdt8JE&asb2=LKhStsBRH5R4MGHGRixy5C258FiinbhMGYlFUJkS9f8U-sLdfkh89ZgergoPx0kf7CsQskvxEcljcCcCTC26fMTc3FDX7fNbOJ4vmRTE6NIFBiZobgNqcmrn-G7lL0-R
"Пропитка защитно-декоративная GOL wood AQUA (0,9 кг), вишня / cherry",446 ₽,1 отзыв,"Завтра доставит Ozon, продавец ООО Новый дом",https://www.ozon.ru/product/propitka-zashchitno-dekorativnaya-gol-wood-aqua-0-9-kg-vishnya-cherry-294787540/?asb=YcIl3EN8720Cgc3wgKRvXV3tjqQwRshu5n5W8Ms7LqM%253D&asb2=Kgx4y5pD8nxPcZFbeMtw0nv7yw3yBYjZbImI827AunzDB_ur3jDp1WAehbxlBfUF
"Защитный состав для древесины Johnstones Classic Matt Woodstain 0,75л. Тик",999 ₽,37 отзывов,"Завтра доставит Ozon, продавец Interpaints LLC",https://www.ozon.ru/product/zashchitnyy-sostav-dlya-drevesiny-johnstones-classic-matt-woodstain-0-75l-tik-300240826/?asb=xzNiUowrgw5GUw5REREONr6O3DWCTREjuMg%252F5WRpjvzAoNTkGTnYbnADU%252BKMh82v&asb2=hwwQj6IWNWnfZM72pmeCJuoZQipc0LuS_L4RPRVXgQhLT_MTeyLctHz2sJ0fd_Brz4B3XLGOOYAUrNBg80iIjt6e7TcFo61j1ZMkFKH33uH8yFIpjgtl1u-OVbB94Bmw
Пропитка (морилка) для дерева с пчелиным воском DecoGuard Орех (ВД-АК-02-01) - 2л,881 ₽,5 отзывов,"12 мая доставит Ozon, продавец Оберег",https://www.ozon.ru/product/propitka-morilka-dlya-dereva-s-pchelinym-voskom-decoguard-oreh-vd-ak-02-01-2l-218003324/?asb=3w2gpiUBwgtt5kZ9JLc%252FbZbX9m0L29H0OLaAQSTVtCyebwDEsgy372dW5Lpl33EU&asb2=Wii0HYF1KYwM1eIFgv8eAezUnVBMcCqsfN3eIjmFY5LsYl_IBawNyzrtZYmn8JBohWD1Cj5eQ6bvRX47dRGV_aFtoFKhTVamLLlM5955pfUrR9T1zP9Oytfb3Up5tec1hXfhFFHj9VRLgWAQXw6p4Q
"Пропитка защитно-декоративная GOL wood AQUA (0,9 кг), калужница / marigold",461 ₽,9 отзывов,"Завтра доставит Ozon, продавец ООО Новый дом",https://www.ozon.ru/product/propitka-zashchitno-dekorativnaya-gol-wood-aqua-2-5-kg-kaluzhnitsa-marigold-295180822/?asb=dAkc1JZsXa4Xga6cV8WXmejhim10H3jdSNHBevyLIDw%253D&asb2=G9ecLfYMBUmY0t8p1tiO97ugnlHncNNHjfY9SUDi_klw_7ziTO4_ZhEA6LUgBhHC
"Лазурь-антисептик Malare Wood Protect для деревянных поверхностей, водная, бесцветный-лазурь, 0,9л",609 ₽,62 отзыва,"9 мая доставит Ozon, продавец ООО ТД Маляре",https://www.ozon.ru/product/lazur-antiseptik-malare-wood-protect-dlya-derevyannyh-poverhnostey-vodnaya-bestsvetnyy-lazur-0-9l-243894249/?asb=8KuG5%252BRbbL5IpM%252FzuRoqlVeTiXL1bqR6DKQCFr2cGjE%253D&asb2=hSqNcqejS7Jx8S53FB6emdhx_tMHpueWA1C0u7xp1JG26J0KzJn3Bu9CsuJPJESX
"Пропитка профессиональная Malare для бань и саун, от плесени и грибка, акриловая без запаха, бесцветный-лазурь, 0,9 кг",634 ₽,3 отзыва,"9 мая доставит Ozon, продавец ООО ТД Маляре",https://www.ozon.ru/product/propitka-professionalnaya-malare-dlya-ban-i-saun-ot-pleseni-i-gribka-akrilovaya-bez-475323460/?asb=cOA%252FRmj6qpXmnBrkgH8Y2pI6h3squgTAjt9QhjBIBjk%253D&asb2=NV9hka3KW9l6KNK7RritcG1x5Gd4hdUs8ISKhvRnR91ICyv18Fd-LDFs6WRMvcv4
"Масло для террас и деревянных полов Здоровый Дом серо-голубое 0,75л",889 ₽,65 отзывов,"9 мая доставит Ozon, продавец ООО""ЛидерГрупп Строй""",https://www.ozon.ru/product/maslo-dlya-terras-i-derevyannyh-polov-zdorovyy-dom-sero-goluboe-0-75l-175710834/?asb=lc8cReJZJSkSgeeB8AZ%252BOo%252BJIgW3tqMUqNuF5Ir2zOA%253D&asb2=grOeXC2BDjvI1CJzVFnFo5HPkyMPq2BzqFkaNEGmoG1jbn8ZXsX2JWYd_PiXSS2p
WOOD PROTECTION 50 ml. (бесцветный) Защитная пропитка для дерева,304 ₽,7 отзывов,"8 мая доставит Ozon, продавец Официальный магазин NEO Elements",https://www.ozon.ru/product/wood-protection-50-ml-bestsvetnyy-zashchitnaya-propitka-dlya-dereva-439350968/?asb=iLlHzMJ9CHUKDCI7XwKgcvOAOkYJGSQhU4311wk8Kkg%253D&asb2=pWXGJ18WZxpXLBSG5MTvkUM5NGBjjE-BNfwpXyT8mXNC0uLPuSfN36SN4QjNBaok
"Защитно-декоративное покрытие для дерева GOL wood AQUA (0,9 кг), красное дерево",461 ₽,1 отзыв,"Завтра доставит Ozon, продавец ООО Новый дом",https://www.ozon.ru/product/zashchitno-dekorativnoe-pokrytie-dlya-dereva-gol-wood-aqua-0-9-kg-krasnoe-derevo-439256332/?asb=aeIelXMO6%252BYyUTATpgwIdoeTR5kkCV%252BZ7QF8FFfeWM4%253D&asb2=Cbtnt9xaa2nxWv8CEfBM-Nke1RGVOBiYvdILicv5rghFWEl9fhIx7DbJgxD6swHN
Огнебиозащита для ткани и дерева Оберег FlameGuard (ГИАЦИНТ) 5л/5кг,829 ₽,23 отзыва,"12 мая доставит Ozon, продавец Оберег",https://www.ozon.ru/product/ognebiozashchita-dlya-tkani-i-dereva-obereg-flameguard-giatsint-5l-5kg-224224057/?asb=jK8gF4Kuu3cssJpa6Xd86EV1yvmvmnKK8JoeclG4ncW44kONmGLMQ10WZYHChqoi&asb2=bxQFHE7iAooJdmyJfG5Ec9p9e1oZtW9QgE184Adytyga2rDSxaj-2LHBqMahJtdCG6Er07orEpQcOAOAz5iH-LAUdKxsCiLrZHkYBFsIIiGm036UTdxtijVw7woiZfv2lTP9p4E0u9kC8mvWSCRVvA
"Защитный состав для древесины JOHNSTONE SATIN WOODSTAIN полуматовый 0.75 л, античная сосна",700 ₽,41 отзыв,"Завтра доставит Ozon, продавец Interpaints LLC",https://www.ozon.ru/product/zashchitnyy-sostav-dlya-drevesiny-johnstone-satin-woodstain-polumatovyy-0-75-l-antichnaya-sosna-268796676/?asb=2Ee6L6xsoEIAjoMrGP2d%252FBu0eCSxZ078mNuCwlQw4fZzuFgSnmxcB02oDT8WyEJb&asb2=9NPI_uERnkzjKZAfeMh1icG73enQKg01tliv8eEUsZqbVQANm68pZP3-WAJrzEbD4oJNagLzjnUMXk1ETXUJLHKIBR8zJcut7WPCwIdLznwKX2D10Mw6x2POYAtS5JQn
"Защитный состав для древесины Johnstones Classic Matt Woodstain 0,75л. Махагон",999 ₽,37 отзывов,"Завтра доставит Ozon, продавец Interpaints LLC",https://www.ozon.ru/product/zashchitnyy-sostav-dlya-drevesiny-johnstones-classic-matt-woodstain-0-75l-mahagon-300235356/?asb=H%252FvjWcDP3%252FsblN7C2n7844eimhMlNcbbYiVRMteVTJQruAPOKgcCpBFS7ZRkjOz2&asb2=rHur3wINKIgR4obIswh6FaJhFM-meQ8ny2HwgsTYKQSSKEFLEaZ0EUTljKBe9s9gcxFMYAMJ8_PkSj3P4wwj6tnCng4T9SCcCVd-fdF56_uSllw1fkmjhyTEBuKwCxIc
Отбеливающий и дезинфицирующий состав Neomid 500 1кг,688 ₽,5 отзывов,"9 мая доставит Ozon, продавец ООО""ЛидерГрупп Строй""",https://www.ozon.ru/product/otbelivayushchiy-i-dezinfitsiruyushchiy-sostav-neomid-500-1kg-309648322/?asb=Fk91JWz787DB30GGyX0dgVWmdB%252BMFN8U%252Bt%252FmuEK4snI7pDgfpG2Yy%252BcR35MKVDV6&asb2=ZUwDdeDTWovwQd6YKncz9hzkv1-Fvz5lPPZQ_-z10pp53LC0h1I30vO2QeBVtegsbUEf90kIvJR2bSZMm3KnbExuKLg69p0Ses-_TGJBhEf32se85JDDAzzdl1HOBcSJkfrIuumvVxhvUxIeepENsw
WOOD PROTECTION 50 ml.(светло-коричневый) Защитная пропитка для дерева,304 ₽,7 отзывов,"8 мая доставит Ozon, продавец Официальный магазин NEO Elements",https://www.ozon.ru/product/wood-protection-50-ml-svetlo-korichnevyy-zashchitnaya-propitka-dlya-dereva-439352555/?asb=PB%252FyclLUw%252FjteBfvVNGc%252B8STPeRZOHcVeyKy29JoGjQ%253D&asb2=4gyjGRju1juYFPrrKwhj02xR_x4oYlKyAxIlYimaz5adHw8f5Hr3XSiuWr5qaBOo
Пропитка для дерева Здоровый дом 3.5 кг,822 ₽,5 отзывов,"9 мая доставит Ozon, продавец ООО""ЛидерГрупп Строй""",https://www.ozon.ru/product/propitka-dlya-dereva-zdorovyy-dom-3-5-kg-183959156/?asb=A0P%252FuIht89vVxOsBPhxT1h%252FiCEl8GIuD%252FtjxkdgDzRM%253D&asb2=5Mu2psG2sPDqxUXfOi-AAy7r68XKT6Z0F9B_klGeUJz-9fmiR7orj378K_BtumID
АНТИПЛЕСЕНЬ антисептическая пропитка для бетонных и деревянных конструкций 1л PROFESSIONAL PC421,234 ₽,11 отзывов,"8 мая доставит Ozon, продавец КЛАССИК",https://www.ozon.ru/product/antiplesen-antisepticheskaya-propitka-dlya-betonnyh-i-derevyannyh-konstruktsiy-1l-professional-pc421-259485598/?asb=Lpy4I615Qs4crzCHuA4KqKxTMzG1iU6VdTK%252FSDDscUI%253D&asb2=pYjoyfSM-4qwrM6y4pHJMkPWB0_PY8qAr5ARo5DzpyalmlCh3TGBy92_V4ms_unC
"Защитно-декоративное покрытие для дерева GOL wood AQUA (0,9 кг), лиственница / larch",461 ₽,2 отзыва,"Завтра доставит Ozon, продавец ООО Новый дом",https://www.ozon.ru/product/zashchitno-dekorativnoe-pokrytie-dlya-dereva-gol-wood-aqua-0-9-kg-listvennitsa-larch-293321473/?asb=mVeOf30PW%252B2HJK1bJ38RGBVjISjyFGBpo6IvFM5thqk%253D&asb2=ApVXj-JyPJUDr74gBGbHpPnIzIi2i6qYo1xUILMIeJjpNqkn2BIkSHfEVA-GnRd0
WOOD PROTECTION 50 ml. (коричневый) Защитная пропитка для дерева,304 ₽,7 отзывов,"8 мая доставит Ozon, продавец Официальный магазин NEO Elements",https://www.ozon.ru/product/wood-protection-50-ml-korichnevyy-zashchitnaya-propitka-dlya-dereva-439358597/?asb=6IQg05AnCfszRs%252BcS3rJ%252BZ40UaldAaNKEQ2Ns4g%252FMOY%253D&asb2=JSn5FZKz20JpoSr24CL9e5pPMsqrFPwGcHf5-WV48J-XmINCTdnZICdK-QPpKqvv
"Пропитка для дерева Здоровый Дом деревозащитное средство Орех 0,8л",581 ₽,14 отзывов,"9 мая доставит Ozon, продавец ООО""ЛидерГрупп Строй""",https://www.ozon.ru/product/propitka-dlya-dereva-zdorovyy-dom-derevozashchitnoe-sredstvo-oreh-0-8l-175713402/?asb=uKiD5LUrz9yNX%252BDQclaf6m%252FGdQAx09YXMsg8JmR6taS5aeUqwS4cUTN0FuyE5ZYA&asb2=lhlS1A0Uhn1y6K_EZpZ2GFNxs6LaSHncKEoX7ih1elznBb1o0B1y3JPVLn8Cy91uRbRvlXX-BjNEavTHd30lGtetha6QRgbTJjpTZYE4cbzitOwfqt2KqD7EX4xMG0THUqq4zpV81F9quoV1CnZV4w
"Защитный состав для древесины Johnstone's SATIN WOODSTAIN полуматовый 0.75 л, сосна",850 ₽,41 отзыв,"Завтра доставит Ozon, продавец Interpaints LLC",https://www.ozon.ru/product/zashchitnyy-sostav-dlya-drevesiny-johnstone-s-satin-woodstain-polumatovyy-0-75-l-sosna-268796162/?asb=6HMUsclop2pB4yIdh%252FyTPP9N8UIrX2TfOcBAHt0XSvmCsWvJ%252BGRTRlVuqQxpnLjl&asb2=49M0Br30ckMUMiZtb3fIKHfKCqg5zkVGUU36yiDUgEGjXfaH7EfF2yZNzM1JKKZ7LpOHRSZfHxNd7tamjl6OZoXLtOjGt08e5hxjGzzSrNqJ03TlbaPT6qm29aQ7uYqv
"Пропитка по дереву Эмпилс PROFIWOOD 0,7кг (защитно-декоративное покрытие) махагон",339 ₽,18 отзывов,"9 мая доставит Ozon, продавец Палитра-трейд",https://www.ozon.ru/product/propitka-po-derevu-empils-profiwood-0-7kg-zashchitno-dekorativnoe-pokrytie-mahagon-285406728/?asb=Sz3iN579%252FHz09yIl%252FJQWhh1h3Qt10ODpFDLw4hCUuh4%253D&asb2=KsGyI4y3ZrDw-9aqgK6qx1CWfY0Mq8KK2G_4Ku8dnWLUfuUvWPhzXftE5bYgCGcS
"Защитный состав для древесины Johnstones Classic Matt Woodstain 0,75л. Дуб средний",999 ₽,37 отзывов,"Завтра доставит Ozon, продавец Interpaints LLC",https://www.ozon.ru/product/zashchitnyy-sostav-dlya-drevesiny-johnstones-classic-matt-woodstain-0-75l-dub-sredniy-300236410/?asb=nWuoWHdux%252FavU%252BxuRcIDAvyEu1RaPpq3j4jqwEabQ4Q83vP8a3fwerlXrvUnann%252B&asb2=XbHiI5F59Hv4NUR4f5fmpjLWz3PI-awOYV_RwnfG2RSKhxko7gnugIK3-3i6xKsRDnik-4B-GprS-vs8IEeJw0BjS4SKuvJOBt_callcn_SndnVDthGdsNP4827lKTXI
"Пропитка по дереву Эмпилс PROFIWOOD 0,7кг (защитно-декоративное покрытие) орегон",339 ₽,18 отзывов,"9 мая доставит Ozon, продавец Палитра-трейд",https://www.ozon.ru/product/propitka-po-derevu-empils-profiwood-0-7kg-zashchitno-dekorativnoe-pokrytie-oregon-285420680/?asb=Mx4CyayZnQ5sXnlFiwyvqz31kZ8NJEtMqHvqNV%252ByGHo%253D&asb2=BXoTEFP9M4YsIVR-o71LsmJHe44suiidWAnMrBMPIw6eApZs4D61TRy-xQMnu3Gu
"Защитный состав для древесины Johnstones Classic Matt Woodstain 0,75л. Красное дерево",999 ₽,37 отзывов,"Завтра доставит Ozon, продавец Interpaints LLC",https://www.ozon.ru/product/zashchitnyy-sostav-dlya-drevesiny-johnstones-classic-matt-woodstain-0-75l-krasnoe-derevo-300236372/?asb=wmdJdl8YEG8ZcipSuj4pLdxQk2uRYHzkY%252BEsqgrTS4bGSOIqJfbanNJZxTF6nkdq&asb2=GYKz0FztGBZt1jZyaXfwegowwn7MHO6cn-3_WZxolSWnMXZbgKAYXSClphrBcDHk4uwGHT4Ge3JfPwRHhrwMweDKGRhpbRY5tUmpzWiw4D7i1OcceH4RuV5WS0W3IpLF
"Пропитка по дереву Эмпилс PROFIWOOD 2,3кг (защитно-декоративное покрытие) орегон",875 ₽,18 отзывов,"9 мая доставит Ozon, продавец Палитра-трейд",https://www.ozon.ru/product/propitka-po-derevu-empils-profiwood-2-3kg-zashchitno-dekorativnoe-pokrytie-oregon-285544919/?asb=DhKNODVgqgfvVPwCt1jJy00pnFp67KeU6MYjkB0%252Bkh0%253D&asb2=4QEz4ziawTUNET1ojOXaUyzp4f3ABlENBYDi_eyJ9s4BUeesL4EZVKbRvFbwrX0E
WOOD PROTECTION 50 ml. (красно-коричневый) Защитная пропитка для дерева,304 ₽,7 отзывов,"8 мая доставит Ozon, продавец Официальный магазин NEO Elements",https://www.ozon.ru/product/wood-protection-50-ml-krasno-korichnevyy-zashchitnaya-propitka-dlya-dereva-439386479/?asb=66LbbJ1PmcMKtu629hRBkBSoQQPLtP7RS41TX1Qb754%253D&asb2=WA4Jn14qxhUa61iWp1nckXBoIrPv1zX08Is9k5U9j_Dj-_jR9JQcsLjNWDtWQAo3
"Пропитка для дерева Zerwood ZDP, Акриловая",665 ₽,7 отзывов,"9 мая доставит Ozon, продавец Мой Дом",https://www.ozon.ru/product/propitka-dlya-dereva-zerwood-zdp-akrilovaya-324230787/?asb=mUJLgvBXZpIl%252F4nIqmkUKaK89NFQiAz3Eoa6SmfQLyQ%253D&asb2=9Eanp1fhDpKW6uafm-V3GtpB9tyiPKqnB0Rw95CI5g-B7xOZu025kNoGELr6LeZN
"Зелест Огнебиозащита О-1 Огнестандарт, бесцветная, 5 кг",854 ₽,5 отзывов,"8 мая доставит Ozon, продавец Мэйджик Сервис",https://www.ozon.ru/product/zelest-ognebiozashchita-o-1-ognestandart-bestsvetnaya-5-kg-220600765/?asb=%252Fs69m2bwANv28IcdfYa149qJ5YLj3%252Bzm7yTt%252FpUCMeXWBcuFQ3bbN0FE269CUqaG&asb2=aKJxwsuRoCLVeAzdk-2absT57R6wocZH56xGmuvuDsPqE2JwcOgqnxLQd5tT_CkThbeIr-pUxeGZeKxuDCDnp6SKY72eD89nFF4XEvi8en1AU5-LOfVGBUroLXFx3HF6GZ05z5cdONswVCjfiXzsuA
"Лазурь-антисептик Malare Wood Protect для деревянных поверхностей, водная, Махагон, 0,9л",808 ₽,62 отзыва,"9 мая доставит Ozon, продавец ООО ТД Маляре",https://www.ozon.ru/product/lazur-antiseptik-malare-wood-protect-dlya-derevyannyh-poverhnostey-vodnaya-mahagon-0-9l-243967041/?asb=78iPBL3X2qrCaOWZkYBl7P6gIgmvDH7bX%252B80WvuuQQ4%253D&asb2=gWGw2yuzHNfz9gHDgSvbMYT-kr9JcFy3RU-ULYYrABx0CK7PTIYwOEqTj3OxYC2e
Антисептик-консервант для древесины невымываемый КОНСЕПТ СУПЕРКОНЦЕНТРАТ,816 ₽,1 отзыв,"9 мая доставит Ozon, продавец Colorika Market",https://www.ozon.ru/product/antiseptik-konservant-dlya-drevesiny-nevymyvaemyy-konsept-superkontsentrat-491744644/?asb=KcCGIQ1g0w%252B3pbzPFLqdigmAEGFadA8KgQyOARVaxLw%253D&asb2=O0zZLBaHiQlxEhang0PYn-MWEnMUwNskXMc4niNHJiEMUzRTbyPB18gBsJPjEjhD
"Пропитка по дереву Эмпилс PROFIWOOD 0,7кг (защитно-декоративное покрытие) кр. Дерево",339 ₽,18 отзывов,"9 мая доставит Ozon, продавец Палитра-трейд",https://www.ozon.ru/product/propitka-po-derevu-empils-profiwood-0-7kg-zashchitno-dekorativnoe-pokrytie-kr-derevo-285404758/?asb=%252By2jVILJuCFG6uH90hc%252BroXB5WuqnuwE2VzS08k1QVI%253D&asb2=IIj7rO9JCMBRh4uHyYqZWa-wiuJGiQY6qmXd999cd9otx2pJ5GJaGedkA31DL34W
NEOMID (НЕОМИД) Н2О-СТОП Гидрофобизатор - влагоизолятор 1 л.,731 ₽,5 отзывов,"12 мая доставит Ozon, продавец СРУБлёвка",https://www.ozon.ru/product/neomid-neomid-n2o-stop-gidrofobizator-vlagoizolyator-1-l-281602626/?asb=VOfuR%252BhX0AYXNgTcKel8cevIH1h8zwNYoPDtmLuQbyvXZyCcGd8EZhGMNls4GlmG&asb2=e3nwPS2dYVyYycpAyIVxs9BKk99hr-yldhat2CJNe6IlU5itMXMTv6AvjAkCKVQqtDGrDlPpZA1T5_dNeDI8EPvlTFmSq2Ze8EU08XrJV-qiJZhXVOM6UuQoopEfk5C0-Yc_0Sgp3bVPehceShHN7w
"Лазурь-антисептик Malare Wood Protect для деревянных поверхностей, водная, Орех, 0,9л",762 ₽,62 отзыва,"9 мая доставит Ozon, продавец ООО ТД Маляре",https://www.ozon.ru/product/lazur-antiseptik-malare-wood-protect-dlya-derevyannyh-poverhnostey-vodnaya-oreh-0-9l-243895023/?asb=OBRBCF0LC7g4TllwryVAXxUvLDqSPW6EpSsuZ3bbA6U%253D&asb2=8c9JYZO9BNPfpHK-ADAO6udVN8vgEKtYjOvv75ybOIIx2Ac4SUkk9hJGcj1mJJsq
"Лазурь-антисептик Malare Wood Protect для деревянных поверхностей, водная, Груша, 0,9л",762 ₽,62 отзыва,"9 мая доставит Ozon, продавец ООО ТД Маляре",https://www.ozon.ru/product/lazur-antiseptik-malare-wood-protect-dlya-derevyannyh-poverhnostey-vodnaya-grusha-0-9l-243118311/?asb=Zi6GXZ3O9z1xEwnp7%252B%252BB8krcUQcvRrcj6mZ%252B%252BFIgxlg%253D&asb2=YZF7H9wDrZyIX_eINZyBEsxHTrjLMcR0broCwCX64fJ0eoGL2DD5edYFutDn2Asd
"Лазурь-антисептик Malare Wood Protect для деревянных поверхностей, водная, Тик, 0,9л",850 ₽,62 отзыва,"9 мая доставит Ozon, продавец ООО ТД Маляре",https://www.ozon.ru/product/lazur-antiseptik-malare-wood-protect-dlya-derevyannyh-poverhnostey-vodnaya-tik-0-9l-243895273/?asb=ek%252F85YZN81u3DvgqjlhBw0Nq%252Bp2Gtmsj%252FtOVNIOSySQ%253D&asb2=EtuZfdHfu1sDnzdbK5ZZNBItjt6BW-1EDmZYfLNJbIGIEF8L_01xTV8cmnPj9Z8i
"Гидрофобизатор на спиртовой основе Syntilor ""Hydro Pro Plus"", 1 кг",788 ₽,8 отзывов,"Завтра доставит Ozon, продавец SYNTILOR",https://www.ozon.ru/product/gidrofobizator-na-spirtovoy-osnove-syntilor-hydro-pro-plus-1-kg-231819687/?asb=grcjpiVjEYTcemblgbyY5zhc07qq0npG%252BtvOjASUKBTe%252BowTpoe17lQRKv6potdR&asb2=_z-jmg6fjw7FSFb53kD3xJ9s3x9F8qNT3SbSvjJN4bc34g9Bz-a2K6SBqLzjdbfIWHznmToSQ_YFpTowtjco7x8SDABX74upvVYX5UFoidtls8y-pNtbQtzwQz1cHFSYepNTvlIp9wegEEzz9Y1zLg
"Пропитка тонирующая для дерева Veres ""Platinum Lazura"", цвет: белый (12), 0,9 л",789 ₽,26 отзывов,"11 мая доставит Ozon, продавец Ozon",https://www.ozon.ru/product/propitka-toniruyushchaya-dlya-dereva-veres-platinum-lazura-tsvet-belyy-12-0-9-l-140193781/?asb=MEZseG%252FNf3tJDfnrhRyMNMXuo%252FI%252Bg7mO8wAaI9AVPKc%253D&asb2=oQPFUZX_s8vg7YpN3LWpMZ0FU5WBSw0LwGzPewmfh0S6N0arQFjiSB7yAFt7N_pn
"Текстурол WOOD AQUA MATT деревозащитное средство на водной основе Бесцветный 0,8л для дерева, для фасадов, для заборов, для ДСП, для ДВП",912 ₽,14 отзывов,"9 мая доставит Ozon, продавец ООО""ЛидерГрупп Строй""",https://www.ozon.ru/product/teksturol-wood-aqua-matt-derevozashchitnoe-sredstvo-na-vodnoy-osnove-bestsvetnyy-0-8l-dlya-dereva-175258721/?asb=R4KIVLnyb0J1A5OHAOkrMS8fpXhqOtr9DEf0siKyfJXdvsJFOZkXZ4FlJpBqTs4P&asb2=L4QswTYW5AHInYzBv95RqXuII0J9Tup_WaJgd-tnsdXH7DjNmvDecaadocP2reudMRvYNYJvyzBkNxp-BnKaYw9F6ryFEBXtJOA_zdJjD2uN5JA8AMsdPRqxIrwZEo2C5jPpyIH3NdQ2PHPgz9rXTA
"Гидрофобизатор Типром М, 1 л",799 ₽,3 отзыва,"10 мая доставит Ozon, продавец ООО Герметизирующие материалы",https://www.ozon.ru/product/gidrofobizator-tiprom-m-1-l-278990560/?asb=zmMC%252B0Vv5YAXETfhfcGayW3Af0L9rQihyjDeCt3L2Uzj2giwBod2ZIjKYsytF0bh&asb2=8hc2smktR0BVY-6XoHCSTOlknMPRhfQ21p4JNAAua_LAzxjlL3aowPcEs7WEELHRoo2HjQiO_fRg533d77tOVgHq3T2c0Ri6O-W5kUiezP5f9gSNEzUHr1nA_d7Y6dL1ovknVMZ4ZWkscdudxH_2tw
"Лазурь-антисептик Malare Wood Protect для деревянных поверхностей, водная, Калужница, 0,9л",681 ₽,62 отзыва,"9 мая доставит Ozon, продавец ООО ТД Маляре",https://www.ozon.ru/product/lazur-antiseptik-malare-wood-protect-dlya-derevyannyh-poverhnostey-vodnaya-kaluzhnitsa-0-9l-243895690/?asb=sVn6bMSTPBOR7lFDZJb3zm0vtcBuAmCmtph1zLxtvdI%253D&asb2=x2XXcYKODqNizdAh1z6U2lhyBjIp4YW2Q_ZLw6JZkKGU_mnMepT00Dx4zz3oOqIn
Концентрат 1:2 СИЛИКОНОВАЯ ВОДООТТАЛКИВАЮЩАЯ ПРОПИТКА 1 кг,399 ₽,1 отзыв,"8 мая доставит Ozon, продавец ИП Рощина М.А.",https://www.ozon.ru/product/kontsentrat-1-2-silikonovaya-vodoottalkivayushchaya-propitka-1-kg-413833402/?asb=WqKljq4mQFRS%252FB0cherw%252Fj6Zhm3WxCT6CyhrCxoH8UHaGM0%252BBey%252BudgRjMLAzefS&asb2=BqTj-7DFPDwxbUEYaPGE3nz5400b9er6OXShWTSLbPyKOelQmLSPaY-X3gx77B3HchAVc1R5tTpYehOgCmoJy68knRQFMwiRF6wsWafkKz9oK2N5aaXb_KMqlXLiSnNmcaNZDGcY79drMbofK2WElg
"Масло для террас и деревянных полов Здоровый Дом слоновая кость 0,75л",889 ₽,65 отзывов,"9 мая доставит Ozon, продавец ООО""ЛидерГрупп Строй""",https://www.ozon.ru/product/maslo-dlya-terras-i-derevyannyh-polov-zdorovyy-dom-slonovaya-kost-0-75l-175710829/?asb=jxbH7rn2KoQjkMmMXJdCWcdDFuOloRpR2vrDenfXEEg%253D&asb2=qo7g5y_r26wzeakyWCDXNjHFAZJjwmvOSe3D7sFzeTARLH4Pb4nHq29lOzsUyWcG
"Лазурь-антисептик Malare Wood Protect для деревянных поверхностей, водная, Папоротник, 0,9л",662 ₽,62 отзыва,"9 мая доставит Ozon, продавец ООО ТД Маляре",https://www.ozon.ru/product/lazur-antiseptik-malare-wood-protect-dlya-derevyannyh-poverhnostey-vodnaya-paporotnik-0-9l-243894670/?asb=LIBc7AeGZEFkmkNajxmd5FWbLYftvzysGXm3Db%252BLN9U%253D&asb2=-2gKUwWg32ZhiCPodBin_ZVlpdeHdWA-tasNsFMHbJPCVx2vfdZl3Rb57Yd_r9xB
"Пропитка для дерева водная прозрачная 0.75 л - для внутренних работ, для защиты деревянной мебели, бруса, оцилиндрованных бревен, балясин, перил, наличников; подчеркивает естественную структуру древесины и защищает от биопоражений.",1 010 ₽,6 отзывов,"10 мая доставит Ozon, продавец Pro Gadget",https://www.ozon.ru/product/propitka-dlya-dereva-vodnaya-prozrachnaya-0-75-l-dlya-vnutrennih-rabot-dlya-zashchity-322321407/?asb=Ad8hsW4KDXVlAiAzOdzAGiiHfEA%252BWWxDCReRcr7O6No7kn%252BC20kY%252FbteJ0QsrteS&asb2=6mROu6tsFQkprX20bIdnUcohBqvghxrzMf6thTgJMdf2ortHccemUB5QGF0zdwqpYKQu_whbuCU-JshtWV3e3BFYzaolRp8Xo0bY4sS_7QK8K5iWTNmMMllfn6g9qzQ6vai6Dxp8DfGspa7-tpvC5w
"Пропитка профессиональная Malare для бань и саун, от плесени и грибка, акриловая без запаха, Сосна, 0,9 кг",673 ₽,3 отзыва,"9 мая доставит Ozon, продавец ООО ТД Маляре",https://www.ozon.ru/product/propitka-professionalnaya-malare-dlya-ban-i-saun-ot-pleseni-i-gribka-akrilovaya-bez-zapaha-grusha-475317218/?asb=07mCMRpjs%252BaDLB9BKuQpFehEGqCvye5vqK6A2tcWkys%253D&asb2=9W42KGdutMdIpnbJk6rtUgwDl7YFrwyzMwTOEBx-Dpq90m-OTGh75Kam1IwwVDc_
Пропитка для покрытия дерева на основе Льняного масла 125 мл,580 ₽,1 отзыв,"9 мая доставит Ozon, продавец Relax&Sport",https://www.ozon.ru/product/propitka-dlya-pokrytiya-dereva-na-osnove-lnyanogo-masla-125-ml-323949640/?asb=7ejdhWa%252B9NouS7UzmNXRgFcJcsOdtschNFa0oFn0WEM%253D&asb2=H0FGUJ8zatBbOqXUtHLkIhfsko-RGm1JZlbD8BEhEJohKRSqoVWxktVc1QJBwWoU
"Антисептик для дерева V33 с добавлением воска ""WAX protection"" Бесцветный 0,9 л.",799 ₽,46 отзывов,"8 мая доставит Ozon, продавец ООО ""БАНАПАЛ""",https://www.ozon.ru/product/antiseptik-dlya-dereva-v33-s-dobavleniem-voska-wax-protection-bestsvetnyy-0-9-l-170087745/?asb=Bwe2KvpE%252BDgQ9xlkPxkANKPQeiud4pHT6vxtAeeq5VU%253D&asb2=wn-IBxEYONnb8FduZqIFjOL69pQbsH7ZSnfy3TRkQuqO2K7skbA7UXmElTivyBeE
"Пропитка профессиональная Malare для бань и саун, от плесени и грибка, акриловая без запаха, Белый, 0,9 кг",826 ₽,3 отзыва,"9 мая доставит Ozon, продавец ООО ТД Маляре",https://www.ozon.ru/product/propitka-professionalnaya-malare-dlya-ban-i-saun-ot-pleseni-i-gribka-akrilovaya-bez-zapaha-belyy-475316811/?asb=sIb5KBlgqmgkF5gaW9Xf7E0gYLDxxATzjHzxa7ip%252BUk%253D&asb2=4RHJUinQrVj-vy3Mf_3pRm5vFOY64puEXCGjfxJFbMJ2RNKNNrxSfICudnQ2DAnt
Текстурол классик деревозащитное средство Сосна 1л,845 ₽,30 отзывов,"9 мая доставит Ozon, продавец ООО""ЛидерГрупп Строй""",https://www.ozon.ru/product/teksturol-klassik-derevozashchitnoe-sredstvo-sosna-1l-175258669/?asb=yr8qD8FTfSzlLehhVD2yDIZcd7VJqkMoVp2XWn%252F52twLzzabr7X3SoTmLoiqxGmV&asb2=g-vmQnEH5-47Xuqhf-WfkcsDuI7ICr44LwmqKBAjLqPCQpXzar1tFgs6wUqnuwZJvF2C4NsJsmIJTovJjQGdmQdl9hSSZSxTkPNdhvrHJPcUUpXn_KZueEESBNa8DrGzTefQ_N4sGGFgo23Ks3izxQ
"Текстурол Ландшафт деревозащитное средство на водной основе Сосна 0,9л для дерева, для фанеры, для заборов, для ДСП, для ДВП",882 ₽,36 отзывов,"9 мая доставит Ozon, продавец ООО""ЛидерГрупп Строй""",https://www.ozon.ru/product/teksturol-landshaft-derevozashchitnoe-sredstvo-na-vodnoy-osnove-sosna-0-9l-dlya-dereva-dlya-fanery-175258711/?asb=IN%252FHf4pRV0eUmoQPD2cLUa763C99uS%252Bz2QBpiRbexYKNLLgg%252F%252BmHnyUrTKh%252BXjWE&asb2=uB7w1vvjod5eCvAEVuF2e3MoYA2EIu98M_UA1IX7W9idnFf6L0L2B94k3g4dmVqdE7VZkJCoO4JuTLFZJLOOQhI1lPNOiZV4h_GMgGeRnVnaVI1Ujkuaz09q1zKD3qZdD1AgKNDV_W2d1JRjlueotg
Текстурол классик деревозащитное средство Орегон 1л,845 ₽,30 отзывов,"9 мая доставит Ozon, продавец ООО""ЛидерГрупп Строй""",https://www.ozon.ru/product/teksturol-klassik-derevozashchitnoe-sredstvo-oregon-1l-175258665/?asb=B8qCIiMv4PsytWtIFCTQ4erDG0llvAkOc6M7GFbBi77wwgN9aTgX8riTOUVLLVyf&asb2=0JdGH7MsjOFfeefdUAB7Gfe7zMHYwGD72fmDlhG3ct83XFhD4z6ksLsiQNarMbVTGLeJDDI0ZZ4-zAvBtqNOJendbsOVYnG37UBpuCr-3WK7GAKOA_UdgYJhM57aWOb5cy5qHQTBFWr2OdmDJ0zjYw
"Биозащита-дерево 0,5кг",200 ₽,1 отзыв,"8 мая доставит Ozon, продавец Мир Строительных Материалов",https://www.ozon.ru/product/biozashchita-derevo-0-5kg-501373949/?asb=hiPzDs%252Bdg9f5x8oFGE4zo22ekdz1CdNarf%252BMvDZF1xQ%253D&asb2=Qr74tUGys55E5sBs8KnNImiAneL4XERKQetcsWd-P5IC144Uav39BhUrTVA9KgAa
"Пропитка по дереву Эмпилс PROFIWOOD 0,7кг (антисептик лаковый тонирующий) Дуб",481 ₽,6 отзывов,"9 мая доставит Ozon, продавец Палитра-трейд",https://www.ozon.ru/product/propitka-po-derevu-empils-profiwood-0-7kg-antiseptik-lakovyy-toniruyushchiy-dub-279442464/?asb=xRMp%252BcAseEVFiorZAt2PN3QCaq3jPZ2MUGL47hzYC08%253D&asb2=aZXwKiKDAbKgj4h9pIdtoDBGJ69v3x44Ojk7zAcmMow2F_kL-ag0jzgRmlA2scvP
"Пропитка для дерева Здоровый Дом деревозащитное средство Сосна 0,8л",581 ₽,14 отзывов,"9 мая доставит Ozon, продавец ООО""ЛидерГрупп Строй""",https://www.ozon.ru/product/propitka-dlya-dereva-zdorovyy-dom-derevozashchitnoe-sredstvo-sosna-0-8l-175713397/?asb=m9dajd75J%252BigtbdpX%252Fo1WgyqYbx7djhE4Dma5nUlI1hnM87U4nOxCVhmJPnVM3fr&asb2=jRMS2SoCh21XCC67lKnjKh2E_GbpGx9W4syuZwOa8BUJl5mTVbSnTpy84mjG_zhriDRYmGmJ27_4qkUKnw5P6NLdCiUndsfZMW8Hfau1Yr7_fn3lcHtbdHLvZlg5vqmf3IhhvOrdrAV_eEbLignU7Q
"Текстурол Ландшафт деревозащитное средство на водной основе Палисандр 0,9л для дерева, для фанеры, для заборов, для ДСП, для ДВП",882 ₽,36 отзывов,"9 мая доставит Ozon, продавец ООО""ЛидерГрупп Строй""",https://www.ozon.ru/product/teksturol-landshaft-derevozashchitnoe-sredstvo-na-vodnoy-osnove-palisandr-0-9l-dlya-dereva-175258707/?asb=vBwBd5WO4A2uuOSo4zhOUykkHCYGX%252BVyIF7LykmD4xtZRcVWjgouvDAlc2qs1zPf&asb2=BkuLao0qMuIcMikYoFfpQei7mGAqeIs7sIjceMGia2l-rRByBZ62qbdVL-ji5S8DlKB1VIfkcsokcs5q_axPxcAsF3K56Tze8hoJM35nVq1p2gZkmpyfJSa1FuirGafNLKvOBjDHx5MN4H7shXR4cQ
Гидрофобизатор Концентрат 1л (5 литров готового раствора).,425 ₽,2 отзыва,"12 мая доставит Ozon, продавец BuildSeller.ru",https://www.ozon.ru/product/gidrofobizator-kontsentrat-1l-5-litrov-gotovogo-rastvora-289254426/?asb=hsicawbIrP2aOkugGUClFBEtes1HS2XAR4guZ%252F8E%252FmA%253D&asb2=tmevp-pKHIL9z2vZWR53YjxpKbWI8BtreKd771vHPh7p7FdARhsGyE2OpzqwISpH
"Текстурол Ландшафт деревозащитное средство на водной основе Орех 0,9л для дерева, для фанеры, для заборов, для ДСП, для ДВП",882 ₽,36 отзывов,"9 мая доставит Ozon, продавец ООО""ЛидерГрупп Строй""",https://www.ozon.ru/product/teksturol-landshaft-derevozashchitnoe-sredstvo-na-vodnoy-osnove-oreh-0-9l-dlya-dereva-dlya-fanery-175258705/?asb=HMlebTFg%252BKphQifVKm8kkZktDXdZv96wv8ow3DNRzSKednvTWZh50Ku5Gfj3kinI&asb2=gnyrMVt0sn-xh8UR0FkRQleKrGE3JknwaBph1qODhw6KecJLhLyFrehViVRkUfVVgU5U_mfQAxTTFrxONP9bUXnNp2GBsu9FGyBQlSNnl17EoWYKu841Tsq3FqZNpUl0TlcWhaN2u5cGSkwVYJFisQ
"Масло для террас и деревянных полов Здоровый Дом орех 0,75л",889 ₽,65 отзывов,"9 мая доставит Ozon, продавец ООО""ЛидерГрупп Строй""",https://www.ozon.ru/product/maslo-dlya-terras-i-derevyannyh-polov-zdorovyy-dom-oreh-0-75l-175710832/?asb=Q7R5xXufOChcw%252FOqsea4XarKbfTEMV6LgBtCefbYOfA%253D&asb2=AlHxqpmiS5HL3AwrADGR3Vqb5d_OYaqJ68NhttEAqzZlkiKa9RbM4vUrgFeLK0Uv
"Текстурол Ландшафт деревозащитное средство на водной основе Осенний лес 0,9л для дерева, для фанеры, для заборов, для ДСП, для ДВП",882 ₽,36 отзывов,"9 мая доставит Ozon, продавец ООО""ЛидерГрупп Строй""",https://www.ozon.ru/product/teksturol-landshaft-derevozashchitnoe-sredstvo-na-vodnoy-osnove-osenniy-les-0-9l-dlya-dereva-175258701/?asb=t3loWyPcCXJaue17%252BdU9EwE6TOu7tPXGcOvrz8NsosMpZIU2aKIvO%252B9oqdQnVleo&asb2=nWsCND5OSccIYuZq1sMy31_s1cnQA2peaHBRv_RsWSj71EciFqbON3Fg2u6wFGZ4EaTlqn4SwWVd1Q_i_1TR_c4MBR50axkFuZSkTdcgXFd4wKzcU4blkHd0WOX1qMiD5dXHrIpLB-MJxXmIi921tg
"Пропитка по камню, Мокрый камень, Декоратор ДК 71 1л",697 ₽,1 отзыв,"11 мая доставит Ozon, продавец Декоративные покрытия",https://www.ozon.ru/product/propitka-po-kamnyu-mokryy-kamen-dekorator-dk-71-1l-475944604/?asb=yMEMV0JGCyo%252F6zVPhM77ZpOAYOzQyXU4ARzNiK%252FFCcc%253D&asb2=LeZscWyccxwdOKYGLxnNfnkFJfS7IHUum8NXo5LW6XhLTWMeN0iMWIZ0L7aPWZWg
"Силиконовая пропитка VGT/ВГТ WOOD PROFI Premium, бесцветный, 0,9 кг",672 ₽,1 отзыв,"9 мая доставит Ozon, продавец POLYСАД",https://www.ozon.ru/product/silikonovaya-propitka-vgt-vgt-wood-profi-premium-bestsvetnyy-0-9-kg-457413728/?asb=ARay3HXIAAHuvKKU2Kir298q55L4zJWrzrtY0TAv3pKZhmQp8hoHkuD8TtAIgtTX&asb2=rus_rNR3ie8DvABqVEVWV4Jh9GGAeKw_gca_7Qcka-WNDHHwqg1HSi83Q4VScvvk4I2nQ87XDvOqHESDnkOKhyMvzE4HFcrp8FaehhXE5j_ZpHOjnCTJ4t3RhCOpvAOoXaJjpsdigMOxSMe-EDYzCQ
"Масло для террас и деревянных полов Здоровый Дом махагон 0,75л",889 ₽,65 отзывов,"9 мая доставит Ozon, продавец ООО""ЛидерГрупп Строй""",https://www.ozon.ru/product/maslo-dlya-terras-i-derevyannyh-polov-zdorovyy-dom-mahagon-0-75l-175710842/?asb=Jtm8CzDoq8rs3XM%252B%252BdeSZNp5fB9ZsvZFzCU%252B5xjQ5%252Fs%253D&asb2=CWh5C42JqlBQMvNTz53HUbrpfH-a-DtfafK6zYCPUOa2YQRq6YARUoIXIUJ_wwZz
"Антисептик для дерева V33 с добавлением воска WAX PROTECTION Венге 0,9 л.",799 ₽,46 отзывов,"8 мая доставит Ozon, продавец ООО ""БАНАПАЛ""",https://www.ozon.ru/product/antiseptik-dlya-dereva-v33-s-dobavleniem-voska-wax-protection-venge-0-9-l-170043470/?asb=tPj4Dv%252BT5oNAsO6TNtr66zlK%252BvU%252Ff3KHUvcqbEyUIeY%253D&asb2=huG1aXJFqTXtjvtXR5WtrQO4MrUcP-Kc2CMeUCNDO9nv5eh1dKkADZWXABBoZ06n
ЭКСПЕРТ АНТИЖУК 1л,380 ₽,1 отзыв,"8 мая доставит Ozon, продавец ИП Бриндарова Дарья",https://www.ozon.ru/product/ekspert-antizhuk-1l-469052335/?asb=wC1p9uTXeMsR7AnJGE5FwTIV7cKiFvd0LSvaTrAb24s%253D&asb2=Hg-aTY-l23IPnjUgVQGhi1n_3g61VSMk75xTtgyy-6eJCqbblBxFl8yP1qc73XIt
"Акватекс Экстра пропитка для древесины, утренний туман 0,8л для древесины, для ДСП, для ДВП, для фанеры, для OSB",897 ₽,52 отзыва,"9 мая доставит Ozon, продавец ООО""ЛидерГрупп Строй""",https://www.ozon.ru/product/akvateks-ekstra-propitka-dlya-drevesiny-utrenniy-tuman-0-8l-dlya-drevesiny-dlya-dsp-dlya-dvp-295248723/?asb=rlaY9FHObg38A1BpVqom9jyl8emWwIB2H%252Fgytpl%252FZHXDQmjUKb2PRUSpevT51oX9&asb2=TKedP8jEw3GmfvbfcGfMOg5_5TyEAkD3PJc77_WdGbV7eUICLlekZW2gCfNZbcX2JrWwRPRd5-tC-DWtDMYBunMbsZQX0RzIk1sKwL080wSZrDgN5S3oMHAGdklw9xZsh6kQA8hoQI7qJkpHYxEOLQ
"Масло натуральное для древесины Акватекс Бальзам патина 0,75л",1 048 ₽,1 отзыв,"10 мая доставит Ozon, продавец Еврокомфорт",https://www.ozon.ru/product/maslo-naturalnoe-dlya-drevesiny-akvateks-balzam-patina-0-75l-423643540/?asb=qnNAkF36vZEqOyowbJsOm3HfRxLzEr1FoL3isi7nYbQ%253D&asb2=b52GzErHB3g_Bebqa0xcmGjSF-I9-TVYzwQeTsCZjNXGt9KCf8XBCzcPZFytDH9W
"Мастер Гурий МГ7876 Пропитка для бань и саун 0,4 л",749 ₽,1 отзыв,"Завтра доставит Ozon, продавец Wooden",https://www.ozon.ru/product/master-guriy-mg7876-propitka-dlya-ban-i-saun-0-4-l-327922514/?asb=%252Bf%252FmPc6%252FGY10WFT%252B49oVs4dO2r60%252F1x1ZscgcwQgu7WFMw9yMB13iVXtK%252BqLzSZN&asb2=250MtM9oFp9tAdpzVh0irEFWZ27KjyTLZ4kScdCSS2lTJWDb_46FbNdIWoMRElWA3ddTEJtmknKplSYiGQgHLyQrpzrUk86cqNXBsbVTJGJiHycMS3nw4Qdvk6zdsKDM4kXdQ4B9oe0fhTjjQfIKJw
"Пропитка профессиональная Malare для бань и саун, от плесени и грибка, акриловая без запаха, Еловая зелень, 0,9 кг",789 ₽,3 отзыва,"9 мая доставит Ozon, продавец ООО ТД Маляре",https://www.ozon.ru/product/propitka-professionalnaya-malare-dlya-ban-i-saun-ot-pleseni-i-gribka-akrilovaya-bez-zapaha-venge-475320937/?asb=CC33vBWWYSFhXVmnlg932meBV9EvxCv3icotJhVhLBY%253D&asb2=ooEqYw5AcSnA6-9C-0Jqv1A8W2Wois78XSLB8nJL6KED4cVoZk-ESYh4VxE8KNtS
"Антисептик для дерева V33 с добавлением воска Золотой дуб 0,9 литра",799 ₽,46 отзывов,"8 мая доставит Ozon, продавец ООО ""БАНАПАЛ""",https://www.ozon.ru/product/antiseptik-dlya-dereva-v33-s-dobavleniem-voska-zolotoy-dub-0-9-litra-170410435/?asb=ZrK0oq42R2cHfaH1KnN96BYjTS6gzEIj6LMI05GaIvQ%253D&asb2=rCNlIbhiA3emVtYVe5ZLG5O89boCm9S9BSqEoAD7ZoA2M6IKTVd0-QinbctSuI1D
"Пропитка по дереву Эмпилс PROFIWOOD 0,7кг (защитно-декоративное покрытие) орех",339 ₽,18 отзывов,"9 мая доставит Ozon, продавец Палитра-трейд",https://www.ozon.ru/product/propitka-po-derevu-empils-profiwood-0-7kg-zashchitno-dekorativnoe-pokrytie-oreh-285406788/?asb=kNIKPocXPo3m7R2wQDKiiWIH%252Bj7VIps5GDy88MA2VdA%253D&asb2=Ckl4KnqSlsLJbpQpdJlgb4uQcyuZmdrVodmHHhqvAa0qOgDwvmVlaJw4OocPEURr
Пропитка огнебиозащитная II кат. бесцветная 5л Olimp 12518,599 ₽,1 отзыв,"9 мая доставит Ozon, продавец Подкова",https://www.ozon.ru/product/propitka-ognebiozashchitnaya-ii-kat-bestsvetnaya-5l-olimp-12518-286739551/?asb=TGLPShbGnTNhlKLODPIy1CJRJTYwgcBL3sic5h3A9PWV9%252BmAz25jbRw80oNrwL4o&asb2=bmFxWtXVQmYzasZVR04KVVycu1rGAH9-UDtBsspGWXwt7y9NtEPnZUQB4zI4U8ZYag4jyRcxAZkFci4W4E1lscLnxupDe41Qq8xcETiyytJEWRnBszu_MusYJ_L77ALaECuO75brrQoG86dG8zMGPA
"ИВИТЕК Пиротекс Огнезащита (1 группа, розовый индикатор) (10л)",990 ₽,3 отзыва,"8 мая доставит Ozon, продавец СТРОЙОПТМАРКЕТ",https://www.ozon.ru/product/ivitek-piroteks-ognezashchita-1-gruppa-rozovyy-indikator-10l-180773739/?asb=SrtNydyvlInwXkjFKKNDr3Co107xVBlKTEgsDqJKZHE%253D&asb2=1gOuRDvX34TQlpmjklnNM3lg_a89KgFE3_WHky-w46anJomzE1dt1WeOVz6vN-wp
"Акватекс Экстра пропитка для древесины, тик 0,8л для древесины, для ДСП, для ДВП, для фанеры, для OSB",897 ₽,52 отзыва,"9 мая доставит Ozon, продавец ООО""ЛидерГрупп Строй""",https://www.ozon.ru/product/akvateks-ekstra-propitka-dlya-drevesiny-tik-0-8l-dlya-drevesiny-dlya-dsp-dlya-dvp-dlya-fanery-295248776/?asb=vY%252F1KGKCdw1JU1DgnCYoIG35x7rtw7FzDX%252FwXcPGDcCxeGHEse8cwvgHV%252Fytk7eT&asb2=hZFnyWzoEU2V49CruoXjAr0QSza0efU_w8VsOrPqwDg8Io0viDivRc5z92PgQkw1K3HOcn-nNBEvP1c4Zws7ec4V56bKG5k9cFza2qgC-Ko4_yJFdvNAqCPtOva8za20q5Gl0ueSla3gIDeWuUULyg
"Пропитка для дерева Здоровый Дом деревозащитное средство Бесцветный 0,8л",581 ₽,14 отзывов,"9 мая доставит Ozon, продавец ООО""ЛидерГрупп Строй""",https://www.ozon.ru/product/propitka-dlya-dereva-zdorovyy-dom-derevozashchitnoe-sredstvo-bestsvetnyy-0-8l-175710809/?asb=LEroT1mdUdDdgHFj3Ptg1nuW5P6mhWvl%252FfCNDai69jXIBA1OxJc0F2tPvnrDdmhm&asb2=T2rSPJsU_cGZOhxLoAdHPznq5IW1bFke0GhoUcFG8DyHTWg2cSVPVoFESHsAfoKKWw1Ic3owplqNgnXPLlmCAutGIUG7yLQEZdoISGe8_zZWn9xcnHrn5HeRA0nOaCB0-xf3jl5opHQZ2j_ueHgCkg
"Защита от жуков, плесени, грибка, и насекомых-вредителей антисептик концентрат 1:5 защитный состав для древа FARBITEX ПРОФИ WOOD (Артикул: 4100011546; Фасовка 1 л;)",526 ₽,5 отзывов,"9 мая доставит Ozon, продавец М-КРАСКИ",https://www.ozon.ru/product/zashchita-ot-zhukov-pleseni-gribka-i-nasekomyh-vrediteley-antiseptik-kontsentrat-1-5-421512613/?asb=rEq%252BL92%252FHOWad1C9eSg9fwkNsSNPZ%252F82xPBgz0Hvcs9tNR7yw%252FCaEBuvHCFFbtci&asb2=zlwt28mQZlcSkmRucUn8JNApDrlXDFYlPkCKXhOBnnQSjuFG_wN6ntfXPWk1Ba8O_mnSo39xdqtP9EEREx1z2dMLBzsOMeCjHQDI4hnymENIrxkz2vLRjhqhelbNL8uNhaIvdhJ3iD--CbviVU_7Rg
"Олифа для дерева 520 мл аэрозоль ""VIXEN"" VX-91020",487 ₽,1 отзыв,"9 мая доставит Ozon, продавец АБС-Авто",https://www.ozon.ru/product/olifa-dlya-dereva-520-ml-aerozol-vixen-vx-91020-254890001/?asb=hHnZwdBfocje1HoPlO%252BssSlsJDr24BL7rfpVQLcnWqg%253D&asb2=18UKMSM-SZBEiz-0VO-ZUzh4KymNj85CJ-qIJPvtfFCF1NqC-427LJj6ahgrQwU0
ИВИТЕК Пиротекс ОгнеБиоЗащита Про 1 группа (малиновый индик) (5л),890 ₽,4 отзыва,"8 мая доставит Ozon, продавец СТРОЙОПТМАРКЕТ",https://www.ozon.ru/product/ivitek-piroteks-ognebiozashchita-pro-1-gruppa-malinovyy-indik-5l-180773749/?asb=rE8HKI6q8CcPyhvLd2pOyzMaG%252FqM29YRqPFiDiNNB2k%253D&asb2=PgXOr6u7ZZ3uPC_ePyPgw1Fk3bAx0qRVgNf3mI5BSHYFdZPaUwu5m8TCfXz_hPJ0
"Пропитка по дереву PROFIWOOD 0,7кг (антисептик лаковый тонирующий) Палисандр",481 ₽,6 отзывов,"9 мая доставит Ozon, продавец Палитра-трейд",https://www.ozon.ru/product/propitka-po-derevu-profiwood-0-7kg-antiseptik-lakovyy-toniruyushchiy-palisandr-278833332/?asb=pVHc%252BjNougXfoB6g9AYAnGX0e2llqTGkR9DDX11SF6A%253D&asb2=fZ18dlAilXhWF_24IdEwyL7OTrtAuPe3Ar7ai1CYn6E2KhvnZrIRIJjuSCh6ZCPB
"ПРОПИТКА АКВА-ТОНЭРОЛ для дерева акриловая белая 0,9л",582 ₽,1 отзыв,"8 мая доставит Ozon, продавец ООО ТД «Поли-Р»",https://www.ozon.ru/product/propitka-akva-tonerol-dlya-dereva-akrilovaya-belaya-0-9l-409666979/?asb=QdqAXbaxJB%252FkEo6wPxjz4oIXP2HLxBBoZM48eGViPw8%253D&asb2=r8oMXwlFV1ecqhIsn7p9UM8qluczoR-NdwWUXXaTmqZMZ7qqhKMLGsIZtnrWRQar
"Деревозащитное средство Marta, Орех, 0,75л",816 ₽,3 отзыва,"9 мая доставит Ozon, продавец ТероПром - экспресс",https://www.ozon.ru/product/derevozashchitnoe-sredstvo-marta-oreh-0-75l-272787432/?asb=vWm0KBIkA4412XvaJtJvXkaWILgC6UpicNatixX3ak8%253D&asb2=rmgpLo_tIicC_UFXuM3AsjB5C5oSE0peQhQ0DNLfhlg4l-No6r_SrW8G_CuUY1fM
"Очиститель поверхностей Типром 01, 1 л",689 ₽,3 отзыва,"10 мая доставит Ozon, продавец ООО Герметизирующие материалы",https://www.ozon.ru/product/ochistitel-poverhnostey-tiprom-01-1-l-279038670/?asb=o8PyqjCPm6%252FBE11Colqf1HsFHWwmp6Z5HaRQlZbfEUoKHpbqTLLCWRzooV1n8Wu4&asb2=LIwy7LdaB50koDhl8S8T2jbJMKO8nJNsm5IwHIqAzB68hupRWSLXsJhJu1rEq92kAgtAfbkiLZhIzBp6s8afDj6y5c6QAyGOb4LxS0Ze0lV5XSBfirYe2dZayDjXKubwcO7EgrPW6iC7A8eOZgmV-Q
"ПРОПИТКА-АНТИСЕПТИК ТОНЭРОЛ ДЛЯ ДЕРЕВА POLI-R ТИК Полупрозрачная, 750мл",729 ₽,4 отзыва,"8 мая доставит Ozon, продавец ООО ТД «Поли-Р»",https://www.ozon.ru/product/propitka-antiseptik-tonerol-dlya-dereva-poli-r-tik-poluprozrachnaya-750ml-238419796/?asb=u38HwhrvqyZqax9OUTjJf1A1lAqGRzwPqze5%252FQjAiwARuhbk4ED%252BqgK3D41YUjmx&asb2=U7eUcYnijjK6aHxdOdhxrxB_H-6pnTHb08JDNFdefCwilPhY8WAA13GHYzkSeIhUxQea4VCl16r7iKm7YW1v_TgI3fy7olqRj7Jngyrlddl1z5Vnzs8w786CGF-FXvw3E1G_2PvHLABzgR54peQJyg
"Пропитка профессиональная Malare для бань и саун, от плесени и грибка, акриловая без запаха, Тик, 0,9 кг",877 ₽,3 отзыва,"9 мая доставит Ozon, продавец ООО ТД Маляре",https://www.ozon.ru/product/propitka-professionalnaya-malare-dlya-ban-i-saun-ot-pleseni-i-gribka-akrilovaya-bez-zapaha-tik-0-475320548/?asb=e2R020NmWcykEYuLa1SBCkukEAMQaKdFiJMW07LnOjs%253D&asb2=7MN2We2DVGEEnhba859xWnbNmgAs30zaJAWlbLwh2tzfiE3KNpeuZG9nZrnJm45G
"Антисептик для внутренних работ Neomid 400, 1л",746 ₽,1 отзыв,"9 мая доставит Ozon, продавец ООО""ЛидерГрупп Строй""",https://www.ozon.ru/product/antiseptik-dlya-vnutrennih-rabot-neomid-400-1l-309645418/?asb=IasEIxE46kyvoEObDp1OGJx2va%252BjkbKwm%252FEWQI78gdbwYA%252BybVnLaGaZjhgylv06&asb2=7YrSAgGmL4XooGC3nhcGtddJjuM0PmLQq_NVoi87HUofwjNLiqcpojcUZuT_vV04BqGLVQmYZic0LIHD7TjuyGlcg8HZDwf3tZgGr1XRDi8f0PzL4fshoBMPtMf2V58i80J0SYpNlFaAs-701tguAA
"PINOTEX ORIGINAL пропитка декоративная кроющая для дачных строений и OSB, белая, база BW (0,9 л)",951 ₽,5 отзывов,"9 мая доставит Ozon, продавец МИР КРАСОК",https://www.ozon.ru/product/pinotex-original-propitka-dekorativnaya-kroyushchaya-dlya-dachnyh-stroeniy-i-osb-belaya-baza-bw-0-256821534/?asb=PhFHVv07kJLOQbWMIeaMOZ4Td6xd2bjEg4xuntsPC9o%253D&asb2=gMmrlIYcL4VFzGXJB4tUCN6U7ZhDefiE904e0TV0v03wi72Nl-KqDECgGAf-FxyJ
"Акватекс Экстра пропитка для древесины, орегон 0,8л для древесины, для ДСП, для ДВП, для фанеры, для OSB",897 ₽,52 отзыва,"9 мая доставит Ozon, продавец ООО""ЛидерГрупп Строй""",https://www.ozon.ru/product/akvateks-ekstra-propitka-dlya-drevesiny-oregon-0-8l-dlya-drevesiny-dlya-dsp-dlya-dvp-dlya-fanery-295248039/?asb=pmvK6dauD4%252BP33v5tLXs8wCOBF83r0ea3%252FAYO7dswAbgAZuwpn5lPNx34RGYiJIa&asb2=316rft1xby01tEudoE4DLOOVwDjUeKPb2UfK2PBPpQ18ukN2cHreOiH3dRuDWLzCM7osxL4Cam1Y1LOyogePHvXEuWgziUJ-ynvw7afx60VfIQK2CTDMCpXii-eZ7pSbFGsyUQLpziSEPK0dQ7jIqw
"Лазурь-антисептик Malare Wood Protect для деревянных поверхностей, водная, Еловая зелень, 0,9л",762 ₽,62 отзыва,"9 мая доставит Ozon, продавец ООО ТД Маляре",https://www.ozon.ru/product/lazur-antiseptik-malare-wood-protect-dlya-derevyannyh-poverhnostey-vodnaya-elovaya-zelen-0-9l-243893891/?asb=X1OwF1sLvr5dnTpxoe2qngE1GDN9wDucVG94sL2xgwk%253D&asb2=3WPnVUxW8q7Abx2JqEpzISdCAf0jOaAp4NZ1u6mv8eSkaoaLU9cb4Qahe4sd5GMY
"ИВИТЕК Пиротекс ОгнеБиоЗащита Норма (2 группа, Голубой индикатор.) (5л)",904 ₽,1 отзыв,"8 мая доставит Ozon, продавец СТРОЙОПТМАРКЕТ",https://www.ozon.ru/product/ivitek-piroteks-ognebiozashchita-norma-2-gruppa-goluboy-indikator-5l-180773757/?asb=qJ1%252Frc5f6J9fI89imJdlPL3ak6uMAVf%252FBo%252B6DkURdj0%253D&asb2=ImBvR16ATlVko4tUn4YXlqM9WRem9sFoUz1EIb5hmeAjSBFAJxJHRWhM2olrYuSW
"Пропитка по дереву Эмпилс PROFIWOOD 0,7кг (антисептик алкидный тонирующий) орегон",466 ₽,1 отзыв,"9 мая доставит Ozon, продавец Палитра-трейд",https://www.ozon.ru/product/propitka-po-derevu-empils-profiwood-0-7kg-antiseptik-alkidnyy-toniruyushchiy-oregon-284687232/?asb=edm0Q1M8JZsvJy6HMO2Q41GsrVPuTkrqkxQ1ptbalaI%253D&asb2=vDZlopPWem35Tgj7kVJVBOJ6vHfgGzweqjnbE6XIeBODaQ8vN1SZZBEtoYpQl3uj
"Пропитка по дереву Эмпилс PROFIWOOD 0,7кг (антисептик лаковый тонирующий) Калужница",481 ₽,6 отзывов,"9 мая доставит Ozon, продавец Палитра-трейд",https://www.ozon.ru/product/propitka-po-derevu-empils-profiwood-0-7kg-antiseptik-lakovyy-toniruyushchiy-kaluzhnitsa-279402536/?asb=gOag%252Bi9n5G2cN7hrwxvQTPJFkmveTP1kdpWgHWk0Qrw%253D&asb2=YFlp6cY_36dcOQe46WzoDGrETs0O9YAQo3ztKNUAgtPWPO5f3kwKHO_oh94o2dFW
"Зелест Огнебиозащита О-1плюс Огнестандарт, красная, 5 кг",854 ₽,2 отзыва,"8 мая доставит Ozon, продавец Мэйджик Сервис",https://www.ozon.ru/product/zelest-ognebiozashchita-o-1plyus-ognestandart-krasnaya-5-kg-220612553/?asb=EczgVxVcCBFYXlezMRlKVGLYY%252FI5ouj2tbEvT1bCZkcZmej4N2qXDZ%252FgVyqaQ5kd&asb2=vdNp-s7tWrQcXLR1vACquwIP1moqsn9rJZ0XagbViMMaBnSbfO_xLEsOz01pVzHzGGQW7JpSGgrMjYGNqHhmjW5NIHFfOXyfN3bN9H8Ju-O_BiHAfZc6Lom-VO1V62G7p8kFLVQ0ExCFETs_KHMwJA
"Акватекс Экстра пропитка для древесины, бесцветный 0,8л для древесины, для ДСП, для ДВП, для фанеры, для OSB",897 ₽,52 отзыва,"9 мая доставит Ozon, продавец ООО""ЛидерГрупп Строй""",https://www.ozon.ru/product/akvateks-ekstra-propitka-dlya-drevesiny-bestsvetnyy-0-8l-dlya-drevesiny-dlya-dsp-dlya-dvp-295248230/?asb=41pPV3DL5evrt66H7Uww2XH%252F2YDMh4ErZegzuowCK%252BowyRRKJTs9QBxmrhe1Qbcp&asb2=N4wfYKAMjARj9xhM6jb85F0R6l9LOD4wmN7jdFwGp_V56nHzghxjnIwJaY9oUdjOKKQqVw-B02-B7tDNMnGAPiE2Jo2iIpsy5VCqAVVqIohcwtmt5tqDlRMoBex9YelGlRB3xN3w-7fWROcjmewtug
"Helios Boritex Ultra 0,75 л. № 4 Орех",998 ₽,5 отзывов,"8 мая доставит Ozon, продавец ООО ""БАНАПАЛ""",https://www.ozon.ru/product/helios-boritex-ultra-0-75-l-4-oreh-298135215/?asb=Dp6hz4cvf3vrpEya8ul8KnV9Pwpaw1la6NRZ0Qmt73Y%253D&asb2=7r4I2kHIIC-gimioRbIzFBcTo0H1WUMhrd5zKngPLYp5ZU-cLhjGoJancLxg4hDz
"Пропитка по дереву PROFIWOOD 0,7кг (антисептик лаковый тонирующий) Белый",481 ₽,6 отзывов,"9 мая доставит Ozon, продавец Палитра-трейд",https://www.ozon.ru/product/propitka-po-derevu-profiwood-0-7kg-antiseptik-lakovyy-toniruyushchiy-belyy-278832064/?asb=Uto20EB7KveuAa9UIMmQo38aZS1K%252BX7n%252F85HANp4q2k%253D&asb2=xkpbtBQPl5yhvqnRFByY2OdT57wTubN1P75Jh2r1eNru3VClpunkFmVYBPDLEccv
"Пропитка по дереву Эмпилс PROFIWOOD 2,3кг (защитно-декоративное покрытие) сосна",921 ₽,18 отзывов,"9 мая доставит Ozon, продавец Палитра-трейд",https://www.ozon.ru/product/propitka-po-derevu-empils-profiwood-2-3kg-zashchitno-dekorativnoe-pokrytie-sosna-285405927/?asb=dGWUE76%252B9IFV43NYfqL0zNonjLrJ%252Fl9454zh5qP9Kas%253D&asb2=JZntQ6oXvqqbsXwP7Efq4XRYEo3y-e5ILpPfmV4Yu0WFKT57Z8wdUbEAAwUiR3SD
"Деревозащитное средство Marta, Рябина, 0,75л",468 ₽,1 отзыв,"9 мая доставит Ozon, продавец ТероПром - экспресс",https://www.ozon.ru/product/derevozashchitnoe-sredstvo-marta-ryabina-0-75l-272787455/?asb=WeG3jxN0W6av3MO3fF7stJQAQm0%252B0%252FasOdGKSs0BI6Y%253D&asb2=8W5NZ23a6Ngh1X0uFb83u8xqJsN9qU6MbBouFol-SI67Dj61WTSu7UT3tPvcFcrI
Пропитка для дерева Здоровый дом 0.5 кг,392 ₽,2 отзыва,"9 мая доставит Ozon, продавец ООО""ЛидерГрупп Строй""",https://www.ozon.ru/product/propitka-dlya-dereva-zdorovyy-dom-0-5-kg-183875871/?asb=1HzSbnBDWSU6byh2CZo7Yl2yJsG%252FVBgRtviIklTZeug%253D&asb2=oS8i1KJysEdOEkO-EcISMewCSIHoIyfW1iDa1Ele0yfneRBk8VjJjZwn3LG3tZuW
"Пропитка по дереву Эмпилс PROFIWOOD 0,7кг (антисептик лаковый тонирующий) Бук",481 ₽,6 отзывов,"9 мая доставит Ozon, продавец Палитра-трейд",https://www.ozon.ru/product/propitka-po-derevu-empils-profiwood-0-7kg-antiseptik-lakovyy-toniruyushchiy-buk-280123306/?asb=VUyCMROMe9FP8gJCXBYfVtKt%252B3BE2%252FAvs%252FxK6gcPMec%253D&asb2=8R0bH0Iax-1I1LlNZEZV-Ug9AOL5cNHkG5-H5W3TN5xA0yJkKOVV0NS4YEt-V8fS
"Пропитка для дерева Здоровый Дом деревозащитное средство Орегон 0,8л",581 ₽,14 отзывов,"9 мая доставит Ozon, продавец ООО""ЛидерГрупп Строй""",https://www.ozon.ru/product/propitka-dlya-dereva-zdorovyy-dom-derevozashchitnoe-sredstvo-oregon-0-8l-175713395/?asb=hLo6k4UXwB%252BvNQd58ClhurBRbs0BlrOK7ydZtsyUVF3qiEv8hs3gLggXHVKrjOSy&asb2=B3N8Mul2_ZjMK-N0e2vsB6BXAvcds78x5cZWlHcmLSGRlST-5biLQa5bmMKB5soNKrwuko82SATiIUzWO8qZA5vsEmNzLx8kTQjx08ny6uZmaXHKw8hDK-G0HhYClsDPl21tnty3O8arTJBxNvt-Ig
"Пропитка для дерева Здоровый Дом деревозащитное средство Тик 0,8л",581 ₽,14 отзывов,"9 мая доставит Ozon, продавец ООО""ЛидерГрупп Строй""",https://www.ozon.ru/product/propitka-dlya-dereva-zdorovyy-dom-derevozashchitnoe-sredstvo-tik-0-8l-175874963/?asb=KNFHRWDC%252BEvrt6JlzT27GFyE%252Fn2Eyn8Vq0Ufl%252FElOCyo1INuotSaorBCu6WpnDq0&asb2=hdk5clmWDUr62newUGKbMz8NZeF6wrf5scW4wu4JkEZyxaqZ3aaPuTPnR7k18TNSoDcB7XuCN5ZXsFhOiJgmMJye1vhARZB25xqlikd4ZPzWIXnm3GZUAuCSIdLFaUnwX84ywpimeKywOQZ-lkOvzw
"Текстурол WOOD AQUA MATT деревозащитное средство на водной основе Дуб 0,8л для дерева, для фасадов, для заборов, для ДСП, для ДВП",912 ₽,14 отзывов,"9 мая доставит Ozon, продавец ООО""ЛидерГрупп Строй""",https://www.ozon.ru/product/teksturol-wood-aqua-matt-derevozashchitnoe-sredstvo-na-vodnoy-osnove-dub-0-8l-dlya-dereva-175258726/?asb=pF%252FKQyDUyu7tL3J2tW3kxpj2uUM4OIlyEFC%252FUw5ASp5vUfY1i8OSZCVlKI4p%252FuYj&asb2=uhEGFnn6qI7tveQasyrAnfGFveXNi8BAkNnfMzWFZrY_axnvjl0D-zjyNlM7DxFaByioJzgy9e-rE8Yp61hGbil-FHAnZL_JOk_f3BTAAW8Ca9qcl1EVnyq_f28kW9ez3zlXZQ0GzojTHcO1f_pGzA
"Helios Boritex Ultra 0,75 л. № 7 Махагоний",998 ₽,5 отзывов,"8 мая доставит Ozon, продавец ООО ""БАНАПАЛ""",https://www.ozon.ru/product/helios-boritex-ultra-0-75-l-7-mahagoniy-297890232/?asb=j8hGd6Oy6zOAfhO7i7kXVAxufSNFHWeau3TZTfw26rY%253D&asb2=nhHUIiBFOUogSDPLwKyZNtdVc02VTL14_rownSfYxwONQyK4VbPOa7mwvfMocQ9a
Текстурол классик деревозащитное средство Черешня 1л,845 ₽,30 отзывов,"9 мая доставит Ozon, продавец ООО""ЛидерГрупп Строй""",https://www.ozon.ru/product/teksturol-klassik-derevozashchitnoe-sredstvo-chereshnya-1l-175258693/?asb=u74mnr%252BK6WimC1C%252FziiZYWAIP3FiiXa93ZHROrU62zw1%252FMbSURyd1eD21mBHfT1t&asb2=c06iTCwi-JxWzfPjtphX_uoNRjqfhPuutL3spzfguKNEPzs7Ngg45UcV9ctnhPTU5n7mjL2P3zw2Z5Ss2y0PPvGtMGZKqJTDgNkqYBPn0eeR_4PAX1IRyQW5guOejW9ErM-M-iDooyeCM2qmKvdS2w
"ПРОПИТКА АКВА-ТОНЭРОЛ для дерева акриловая Лесной Орех, 0,9л",582 ₽,1 отзыв,"8 мая доставит Ozon, продавец ООО ТД «Поли-Р»",https://www.ozon.ru/product/propitka-akva-tonerol-dlya-dereva-akrilovaya-lesnoy-oreh-0-9l-409856127/?asb=9iUEf9GXY%252FD3dapxD6WnyznJKV6xoQw0cS0jdhqUUgw%253D&asb2=rwOSVqUSwNoKnlRquNKaWEcJomHcxawItyv0xlKj8vtYTmxHTP8Jh4aOjvjXsLPy
"ИВИТЕК Антиплесень с запахом лимона (0,5л) спрей (3 штуки)",379 ₽,1 отзыв,"10 мая доставит Ozon, продавец Хозмаркет-екб",https://www.ozon.ru/product/ivitek-antiplesen-s-zapahom-limona-0-5l-sprey-3-shtuki-210211313/?asb=JmSj1vCAoEfy6ha14oKJwG97qQ0KNoA1tQMmyTh33%252FA%253D&asb2=I6jbpZG8DPIqy-D-auytuFy98vKWv8PxEHXkVwHMxed5Fsf_gal9-7EJMwcOcM1t
"Пропитка по дереву PROFIWOOD 0,7кг (антисептик лаковый тонирующий) Сосна",481 ₽,6 отзывов,"9 мая доставит Ozon, продавец Палитра-трейд",https://www.ozon.ru/product/propitka-po-derevu-profiwood-0-7kg-antiseptik-lakovyy-toniruyushchiy-sosna-278839987/?asb=KZhkdJylkWvJgNfOKkgMxDXgCl%252FSiSIvO4nP0EL9ybI%253D&asb2=htBuNys4BYsnr-sWCRnnw2uN7GB2-BF2WMII6jRWUU700tTd8muV56QjwbXiZnOm
"Пропитка по дереву Эмпилс PROFIWOOD 0,7кг (антисептик алкидный тонирующий) бук",487 ₽,1 отзыв,"9 мая доставит Ozon, продавец Палитра-трейд",https://www.ozon.ru/product/propitka-po-derevu-empils-profiwood-0-7kg-antiseptik-alkidnyy-toniruyushchiy-buk-284658373/?asb=0Jz94XosHb96Yzvq9D9wp%252FPlKwaM8wzNWG40l7x9lXI%253D&asb2=GT3xSCvAyFzkCvi-9nrTZym2qdjbCi5ynRjluYL2JoIdfZyGqMe5JbVkeV7T564f
"ПРОПИТКА АКВА-ТОНЭРОЛ для дерева акриловая Лиственница, 0,9л",582 ₽,1 отзыв,"8 мая доставит Ozon, продавец ООО ТД «Поли-Р»",https://www.ozon.ru/product/propitka-akva-tonerol-dlya-dereva-akrilovaya-listvennitsa-0-9l-409816755/?asb=%252B08QqNSH1CmzfUUeTzEjqACQrAS8In%252FJrDgtJ5s3HR0%253D&asb2=7a4C06sLB8Lu-nwnelgdmX7nmixrdsNvlOBdxnOK1I1arGEnOfzKE-wv8NHzSeSa
Алкидный антисептик для дерева с добавлением воска WAX PROTECTION полуглянец 0.9 л Золотой дуб,799 ₽,1 отзыв,"11 мая доставит Ozon, продавец Краски v33",https://www.ozon.ru/product/alkidnyy-antiseptik-dlya-dereva-s-dobavleniem-voska-wax-protection-poluglyanets-0-9-l-zolotoy-dub-280598657/?asb=GKduUpjJti4q%252Brab3GEm87WNVSRhauESlC8MztR3zt%252BIcGDT5cjPftIErzhcSyjN&asb2=KySZ4KIjhVHutCOIwpKyPDvRmTrSFO9H9v0ueyDIEw17FHep6DqV_EkMFFuKTgmf1jS2bTrWtkjiYKBWrpVJcM86wXXKzaDM2gOiDARQwpE0x1uVudhM0biUx_5Uy_pX
"Helios Boritex Ultra 0,75 л. № 1 Бесцветная",998 ₽,5 отзывов,"8 мая доставит Ozon, продавец ООО ""БАНАПАЛ""",https://www.ozon.ru/product/helios-boritex-ultra-0-75-l-1-bestsvetnaya-297889990/?asb=6M6LUZuuYTDxUJdCa9F6IqywU2NdvejQoCLNSr3mDbU%253D&asb2=AD7JvNTpoL7NfxBdCDWPPXWH_ECRejg80epE-s6Akf9kyW_u_WrhXuPULA43WwhL
"Пропитка для дерева Здоровый Дом деревозащитное средство Еловая зелень 0,8л",581 ₽,14 отзывов,"9 мая доставит Ozon, продавец ООО""ЛидерГрупп Строй""",https://www.ozon.ru/product/propitka-dlya-dereva-zdorovyy-dom-derevozashchitnoe-sredstvo-elovaya-zelen-0-8l-175710816/?asb=meHJCvILACgmS7a9JYRZSzx%252B9kWh%252BKZwAzo0C3asCLf5S%252FQSLI5HkzeH6lWOMPwJ&asb2=EFKk0HjiYqpg8c4RrzH4U-0tpQpvGUk63TOfnGQvpskwi8DJCoX4L6HIwUoJwKj-vV-Bnjmsx36lNnqHS3TV_s0nHV0PSde1WP2I_Y71MRYvTFoiAAkvrGiFXe5_30tMJmEqWG9V_YjyiVkvrXi2cA
ЭКСПЕРТ БИОЗАЩИТА ДРЕВЕСИНЫ 1л,394 ₽,1 отзыв,"8 мая доставит Ozon, продавец ИП Бриндарова Дарья",https://www.ozon.ru/product/ekspert-biozashchita-drevesiny-1l-469106836/?asb=mMeB3gRKezAlaFPyuryATlsR8y0K1eWFhyQhyd7vjJQ%253D&asb2=Z5anAZv2Xg1lmzNQ6ov-QJXcFFje39Nu9QdtPAbnRW7WAva8NJdayB2j0fNmXeHF
"Пропитка профессиональная Malare для бань и саун, от плесени и грибка, акриловая без запаха, Махагон, 0,9 кг",832 ₽,3 отзыва,"9 мая доставит Ozon, продавец ООО ТД Маляре",https://www.ozon.ru/product/propitka-professionalnaya-malare-dlya-ban-i-saun-ot-pleseni-i-gribka-akrilovaya-bez-zapaha-mahagon-0-475314186/?asb=x6df6uVQ3QAKB8xojOROc0bWg6a%252BgZ0cI6MqZs5XrkA%253D&asb2=NbEGkr_c9v-j3LvBngm91cAuJYxH0meoL3zq5CHsDAuqx6MUPG9DRSJi6nWTyb5J
"Текстурол Ландшафт деревозащитное средство на водной основе Чайная роза 0,9л для дерева, для фанеры, для заборов, для ДСП, для ДВП",954 ₽,36 отзывов,"9 мая доставит Ozon, продавец ООО""ЛидерГрупп Строй""",https://www.ozon.ru/product/teksturol-landshaft-derevozashchitnoe-sredstvo-na-vodnoy-osnove-chaynaya-roza-0-9l-dlya-dereva-409726231/?asb=%252BdWxHiEcjN%252BT71lygAoDGf0JWyjTKxpVW7yO81RTKkD%252FNbn8vnmC9rbmMHrYccFe&asb2=n7FfNQVS6azxS3XQuFoGmoTB8In4kQFgU-k1sFJWH-PlltAWId5h_YbeKCG-SuSnr-Ya5Vs-OFT1cPg-vl5pAaIpmblxywXaFHEtUkYkdIEDmhY48pLgc55SokGxThAflUoSiZxzP2eSG72wJafTww
"Пропитка для дерева Здоровый Дом Антиплесень, 1кг",497 ₽,4 отзыва,"9 мая доставит Ozon, продавец ТероПром - экспресс",https://www.ozon.ru/product/propitka-dlya-dereva-zdorovyy-dom-antiplesen-1kg-262658876/?asb=yNYBnDRFWzGWAIdShnmm0oKPm59RiTPDH1seFHw9JYM%253D&asb2=2_GVhvdNP6XTPtxzG6Pg2ndAIznqk_i25YhCeetp8azjwEsYy1wMt0wPPZzYLMBh
"Текстурол WOOD AQUA MATT деревозащитное средство на водной основе Тик 0,8л для дерева, для фасадов, для заборов, для ДСП, для ДВП",912 ₽,14 отзывов,"9 мая доставит Ozon, продавец ООО""ЛидерГрупп Строй""",https://www.ozon.ru/product/teksturol-wood-aqua-matt-derevozashchitnoe-sredstvo-na-vodnoy-osnove-tik-0-8l-dlya-dereva-175258724/?asb=iKydV%252FFodsppmHRURj%252FuIu7aZlQw8AuWfJrETC7Jy9wp7xfdgOVVO6LWzpZ1hCJH&asb2=jFviFs6_4isMMkIRGayQHMTzJHpMRwG3w5zIpC6CPcP0B1WRNw7HPMEhV__BC_GWpxx30N3cmOzmr8xiO-cJtr2xARe3YVxx2xYLnFiyPXfb-UHTu_fdQK5qF7geNiQ2h5XLr4VWPoabAfXjI5fM0w
Текстурол классик деревозащитное средство Калужница 1л,845 ₽,30 отзывов,"9 мая доставит Ozon, продавец ООО""ЛидерГрупп Строй""",https://www.ozon.ru/product/teksturol-klassik-derevozashchitnoe-sredstvo-kaluzhnitsa-1l-175258663/?asb=NuOCVr9Tw5VEoeTpan%252BHPvIc%252FxRCbib92JfgBtzLX4WwTAfOOTj9rzON6nOzb4Vc&asb2=QPEBfcHbLRhqfIUaCCa_jIoEQP3qX-da8BlnmEK1mx3luur1DrAYbo-JoWqKrzmKKvkw9sVll-KareKr4cl-2eT3FPkwlxIgJJgBf0UXyfJW6UCyDS7UH5dSg6QYHzsjXMOs6LYYw_6Zst3gBoYDJA
"Пропитка по дереву Эмпилс PROFIWOOD 2,1кг (антисептик алкидный тонирующий) калужница",1 007 ₽,1 отзыв,"9 мая доставит Ozon, продавец Палитра-трейд",https://www.ozon.ru/product/propitka-po-derevu-empils-profiwood-2-1kg-antiseptik-alkidnyy-toniruyushchiy-kaluzhnitsa-284687383/?asb=8rzBrJseSvt0iG6R1xgCxGJwhoSbiey6U8PRymnEL1E%253D&asb2=019a0DxzyIplAueMF9H5B3fSlerBMhzy-9i--BvAstschYr08oYHH1ppNgVMmVor
"ПРОПИТКА АКВА-ТОНЭРОЛ для дерева акриловая Светлый дуб, 0,9л",582 ₽,1 отзыв,"8 мая доставит Ozon, продавец ООО ТД «Поли-Р»",https://www.ozon.ru/product/propitka-akva-tonerol-dlya-dereva-akrilovaya-svetlyy-dub-0-9l-409851450/?asb=gv%252BT97DGuZVU9A%252FgMZn97%252BM6qdHFL7m%252BvHd4JAaMJn0%253D&asb2=6xInqkAhRpHfZBQ-IggHVDMqUWWtbQW5X-5dbGsjTQCZdN2erWuFe9HOORf2XLwR
"Пропитка по дереву PROFIWOOD 0,7кг (антисептик лаковый тонирующий) Орегон",481 ₽,6 отзывов,"9 мая доставит Ozon, продавец Палитра-трейд",https://www.ozon.ru/product/propitka-po-derevu-profiwood-0-7kg-antiseptik-lakovyy-toniruyushchiy-oregon-277843501/?asb=uZsENPrxIY%252FCJuoI%252F1uxO94MZw%252BinG45C%252Bk6caa09vQ%253D&asb2=BR4HpmoEgZo8cnQJa_kc3qepXVZJvuby3jjlHAZAW6Vmh2UcHfhw7nOZzw6I96cd
Алкидный антисептик для дерева с добавлением воска WAX PROTECTION полуглянец 0.9 л Бесцветный,799 ₽,1 отзыв,"11 мая доставит Ozon, продавец Краски v33",https://www.ozon.ru/product/alkidnyy-antiseptik-dlya-dereva-s-dobavleniem-voska-wax-protection-poluglyanets-0-9-l-bestsvetnyy-280597815/?asb=n%252FtoTsPStAyaxZgf8ly5190DMqxlQ%252FCj4Lly%252FycW4Kc%253D&asb2=DAaLAu3dbR_35b45CNshIj90DbOhqOcXhRCAtWO-C5BTADHmQtaHC-G79LOtE1Bvzwq2nts3nsQEoRNZYC-AdePxTl4lnViiw2CQ_vlwgWo-9kHZzXh6fAjMIYLOL1dJ
"ИВИТЕК Пиротекс Огнезащита (1 группа, розовый индикатор) (5л)",750 ₽,2 отзыва,"8 мая доставит Ozon, продавец СТРОЙОПТМАРКЕТ",https://www.ozon.ru/product/ivitek-piroteks-ognezashchita-1-gruppa-rozovyy-indikator-5l-180773748/?asb=zfcCVrFQqptCDMyEz4uyZKAztZVeOoTYScX9TZdG9hs%253D&asb2=hz_JGoRsdjxnlI8Vn0ibpeOBt4CUfAVn4baAt75VSoeW9TZ5wAW5UJZu4cHYmQ3t
"Антисептик для дерева V33 с добавлением воска ""WAX protection"" Сосна 0,9 л.",799 ₽,46 отзывов,"8 мая доставит Ozon, продавец ООО ""БАНАПАЛ""",https://www.ozon.ru/product/antiseptik-dlya-dereva-v33-s-dobavleniem-voska-wax-protection-sosna-0-9-l-170087744/?asb=tWoMxE9II1xQdae5v229eGOTzJYNfKkBGVyFD9aANkA%253D&asb2=pfNleN6mIkX3HHsLTe4_oBx9DVFShHnQwCREIQZk2YekvFGpJOMAnp72oYXYT-GN
"Акватекс Экстра пропитка для древесины, каштан 0,8л для древесины, для ДСП, для ДВП, для фанеры, для OSB",897 ₽,52 отзыва,"9 мая доставит Ozon, продавец ООО""ЛидерГрупп Строй""",https://www.ozon.ru/product/akvateks-ekstra-propitka-dlya-drevesiny-kashtan-0-8l-dlya-drevesiny-dlya-dsp-dlya-dvp-dlya-fanery-295248218/?asb=IOIn3QZt%252BDIiY%252F4rgCmxovLYGAEwW6Tat2tXiGfEjYPewIM48PBWLo1cPJbjGZa3&asb2=RasFXdjk-_QNHrakSncnAZneaOy8oZMzINsEsLNdEqj51g9eiQ6mYbB8fWQv1ftDqJ1wtP40Zm1ujJyM2pZizoyLfmjeIuNWe897dV2A4HD0w8chiHLXEqfYiZRGx84krA0g15-tTgFMX8SOWnepvQ
"Пропитка по дереву Эмпилс PROFIWOOD 0,7кг (антисептик алкидный тонирующий) кр. Дерево",487 ₽,1 отзыв,"9 мая доставит Ozon, продавец Палитра-трейд",https://www.ozon.ru/product/propitka-po-derevu-empils-profiwood-0-7kg-antiseptik-alkidnyy-toniruyushchiy-kr-derevo-284301390/?asb=IjgOvVa%252Fhks1WwMx9tstsNiDf5boSqnmmkJGC%252Fn6adg%253D&asb2=A5E37bAngaQRkHFqyBBEYeLmoAWn4QmuSO55Y5-5NIOsPuwTX9xvgonzwM-xxo-B
"Пропитка профессиональная Malare для бань и саун, от плесени и грибка, акриловая без запаха, Калужница, 0,9 кг",705 ₽,3 отзыва,"9 мая доставит Ozon, продавец ООО ТД Маляре",https://www.ozon.ru/product/propitka-professionalnaya-malare-dlya-ban-i-saun-ot-pleseni-i-gribka-akrilovaya-bez-zapaha-475320715/?asb=pXV7dCh8z%252BAPP5G8P76KLO40xSdbHNV944FGA8yVOrI%253D&asb2=CfuMmSFD9l0l5rryGKMSt6eGFF0VgCA9tQTeWEjld2SYUfBS5eEIpch8KHXvMx0q
"Морилка для древесины, водно-дисперсионная, Гранд Красное дерево",401 ₽,1 отзыв,"9 мая доставит Ozon, продавец ООО «Трейд-КиС»",https://www.ozon.ru/product/morilka-dlya-drevesiny-vodno-dispersionnaya-grand-krasnoe-derevo-229030590/?asb=mKBYpWN50dmBa1AaRhXTTARyEwpDLP%252BaxJbjyQlLzJw%253D&asb2=TKYXcv0mHvAyKWcKs4Sv5W8YfOMTnnJBIDEcKUxnLMfWty584sbsW9P0iQt2kDWU
"Деревозащитное средство Marta, Махагон, 0,75л",741 ₽,2 отзыва,"9 мая доставит Ozon, продавец ТероПром - экспресс",https://www.ozon.ru/product/derevozashchitnoe-sredstvo-marta-mahagon-0-75l-272787601/?asb=PrD2LglH5VOaomoBhMyw9uparcYnHK6%252FlIN0nqh0IrU%253D&asb2=2rYjdlZM2jdX_-4flb9udiHvgDf11LuwD0zsbK9EntS4IcJMrAU09wxL4qTHYjdn
"Helios Boritex Ultra 0,75 л. № 3 Тик",998 ₽,5 отзывов,"8 мая доставит Ozon, продавец ООО ""БАНАПАЛ""",https://www.ozon.ru/product/helios-boritex-ultra-0-75-l-3-tik-298134927/?asb=vMimFy2hfdpRN%252B0tcNCZuR%252Bw6P9HgQSB46JB0mjRGJs%253D&asb2=-5GZkr6SpzYEwmNVnpRBAevsHY4ND-b1t8WY_Lyu8iPtTm0U5CQvwHxFqDkQgpaG
"Пропитка по дереву Эмпилс PROFIWOOD 0,7кг (антисептик алкидный тонирующий) дуб",487 ₽,1 отзыв,"9 мая доставит Ozon, продавец Палитра-трейд",https://www.ozon.ru/product/propitka-po-derevu-empils-profiwood-0-7kg-antiseptik-alkidnyy-toniruyushchiy-dub-284687532/?asb=S9BQGwwQW4TXY0ZLJmRQ5xSeog4%252FZNg03Jt77Z%252F0yfQ%253D&asb2=x9gl5_83lFWhYnXZDdj4iF7FgbkVRprdmVyZjITReobyTEWjEXLR4Uc5S1WLTHmm
Алкидный антисептик для дерева с добавлением воска WAX PROTECTION полуглянец 0.9 л Темный дуб,799 ₽,1 отзыв,"11 мая доставит Ozon, продавец Краски v33",https://www.ozon.ru/product/alkidnyy-antiseptik-dlya-dereva-s-dobavleniem-voska-wax-protection-poluglyanets-0-9-l-temnyy-dub-280598176/?asb=jEvMUKKZFVh6xpKi9QkwMb7lvpADoGxQXS5OuktfbHM%253D&asb2=EagNs0t3JzNiSSzdErnK1UDKV23pDryeY2xrdiihZPitIBGHNF_FSpj_9oGfxBvboS_61KUY1PHqqQG9-WXchMF5EQ7grTWJe0_nK53Y0rHLOJGhnbx3imxb4d5QhmK_
"Пропитка по дереву Эмпилс PROFIWOOD 0,7кг (антисептик алкидный тонирующий) сосна",487 ₽,1 отзыв,"9 мая доставит Ozon, продавец Палитра-трейд",https://www.ozon.ru/product/propitka-po-derevu-empils-profiwood-0-7kg-antiseptik-alkidnyy-toniruyushchiy-sosna-284299394/?asb=3iG2vt%252B05vCQybMYzR71nqs2mr%252BBJeAC07i6VyVjwvU%253D&asb2=kxJZsI_PTRzjzHX9zd5Gs9mgzR1VOGOsybuVg6E0LGPWYlNrKcEbwMJPIhCl3A90
"Helios Boritex Ultra 0,75 л. №10 Каштан",998 ₽,5 отзывов,"8 мая доставит Ozon, продавец ООО ""БАНАПАЛ""",https://www.ozon.ru/product/helios-boritex-ultra-0-75-l-10-kashtan-298143003/?asb=LPiGYoax76nGeKkBp8%252FnF4Il%252Bls05cmaJ%252B3bvJw%252F0dc%253D&asb2=WsHRM35R2SjlHHkYxKWE-4qc5FElr6SzB78gjrXqBX_XDizv6urtc6EtN-oYaY99
"Helios Boritex Ultra 0,75 л. №11 Дуб",998 ₽,5 отзывов,"8 мая доставит Ozon, продавец ООО ""БАНАПАЛ""",https://www.ozon.ru/product/helios-boritex-ultra-0-75-l-11-dub-297830549/?asb=nkmPSscKeLZzljkS9XkuIkQbXKkfyQBlqgij1wZXABY%253D&asb2=Y5b3yMUyJRzDBG0KIUpfCaaOgf-PMKkdlDGV4tmJWO7no4X1VaokFdNoAIYfdIQ8
"Акватекс Экстра пропитка для древесины, олива 0,8л для древесины, для ДСП, для ДВП, для фанеры, для OSB",897 ₽,52 отзыва,"9 мая доставит Ozon, продавец ООО""ЛидерГрупп Строй""",https://www.ozon.ru/product/akvateks-ekstra-propitka-dlya-drevesiny-oliva-0-8l-dlya-drevesiny-dlya-dsp-dlya-dvp-dlya-fanery-295248177/?asb=wnqTs%252Ba5Mmq1NSS53m0XjnwJ%252FFJl9fntqFTCh5tgnA%252FQcIAgqkdJDN02kysuLWoT&asb2=AxNOmQx0uBa9_EPb5QtFYXTS3WRzMa4F-O94Hq7ZxdRxM09-MhZ3r8tcjah0PR5AbPTa3DUDSitJwwOCWeio_YFNbLMyPNy7Ccsua4raG1OWSdgAdyWJq0p_STwmkFKdTOAOEy12lJvCGz6gKTBa_A
"Текстурол Ландшафт деревозащитное средство на водной основе Дымчато-голубой 0,9л для дерева, для фанеры, для заборов, для ДСП, для ДВП",954 ₽,36 отзывов,"9 мая доставит Ozon, продавец ООО""ЛидерГрупп Строй""",https://www.ozon.ru/product/teksturol-landshaft-derevozashchitnoe-sredstvo-na-vodnoy-osnove-dymchato-goluboy-0-9l-dlya-dereva-409728348/?asb=Wh1iS1ETm9ZktiXozNCzftyCyG6mU9GXsPjgQBylOfOwqj0eph9UUkMNsys0jD5V&asb2=9XlwK6HMQGHgZoVFLRbLe3Gw1Yzq7Hv0IhwZefQjBDJ8SjUHNu8_zaKGn8Tqf1SjHogrQIrqVlr9NavwkhEda-CmGgEg5QFHr4umVegXaOkjkz3pBLnp4xW5QdXVjAhCdmhgTOmBXOLPYMLf7Nt-5Q
"Пропитка профессиональная Malare для бань и саун, от плесени и грибка, акриловая без запаха, Папоротник, 0,9 кг",687 ₽,3 отзыва,"9 мая доставит Ozon, продавец ООО ТД Маляре",https://www.ozon.ru/product/propitka-professionalnaya-malare-dlya-ban-i-saun-ot-pleseni-i-gribka-akrilovaya-bez-475314499/?asb=6aGo%252BXSG7rFHSUW4llQFPaq9Hg2DXZt5%252F5%252BN0uVEIuQ%253D&asb2=sCtlUeSz5fj4lgaJDgSwBJlDtiNj-P-j53zojxjhpodHVEKe9rkIJgiXTj84t1dY
"Пропитка по дереву Эмпилс PROFIWOOD 0,7кг (антисептик алкидный тонирующий) калужница",487 ₽,1 отзыв,"9 мая доставит Ozon, продавец Палитра-трейд",https://www.ozon.ru/product/propitka-po-derevu-empils-profiwood-0-7kg-antiseptik-alkidnyy-toniruyushchiy-kaluzhnitsa-284358638/?asb=1nRbei1ohCVZ29s%252FDfeHUwfs58fSqS5OKeTK%252BLxtsb0%253D&asb2=1-s7-8L9H_tfOtiZ3UzkVN5PraE2e7LK0J9K-dkioJG9E6uU_HyWh2gom7nmpPM-
"Пропитка по дереву PROFIWOOD 0,7кг (антисептик лаковый тонирующий) Тик",481 ₽,6 отзывов,"9 мая доставит Ozon, продавец Палитра-трейд",https://www.ozon.ru/product/propitka-po-derevu-profiwood-0-7kg-antiseptik-lakovyy-toniruyushchiy-tik-278830020/?asb=0tCkx0P7IThOcOxRjhmktLMPgyWrgPXTb06ASsnyxN8%253D&asb2=rBiWiAdsnflApNajzWyRXC0195wwroe0yaePb1evxn60TWz9-jz8IAwvemfYhAS9
"Пропитка профессиональная Malare для бань и саун, от плесени и грибка, акриловая без запаха, Венге, 0,9 кг",959 ₽,3 отзыва,"9 мая доставит Ozon, продавец ООО ТД Маляре",https://www.ozon.ru/product/propitka-professionalnaya-malare-dlya-ban-i-saun-ot-pleseni-i-gribka-akrilovaya-bez-zapaha-venge-0-475314500/?asb=yZNRp5BgjzU9HOB6ED%252FjqUW7CpGTOQlmcxxYuFdMbeE%253D&asb2=SqYLNFX76UCgvgc1MzzYFQNtTmCKJPVytbStxeGMqi85dHTGl5jZno4lLbpG88yu
"Helios Boritex Ultra 0,75 л. №13 Белая",998 ₽,5 отзывов,"8 мая доставит Ozon, продавец ООО ""БАНАПАЛ""",https://www.ozon.ru/product/helios-boritex-ultra-0-75-l-13-belaya-297830338/?asb=P5XGKd%252F9hGuQrEYKWDFxU6lR1uO0R8BqLMpLE%252FiuwLU%253D&asb2=dJMk-IcBll9QvW-o55ODPEJglVqSR2K8XACn_v2cElgiFX6LXSwV605LkysjT2zm
Алкидный антисептик для дерева с добавлением воска WAX PROTECTION полуглянец 0.9 л Красное дерево,799 ₽,1 отзыв,"11 мая доставит Ozon, продавец Краски v33",https://www.ozon.ru/product/alkidnyy-antiseptik-dlya-dereva-s-dobavleniem-voska-wax-protection-poluglyanets-0-9-l-krasnoe-derevo-280598092/?asb=gXFE6bQTr6x0Xe5BiVfw%252FrjucardRhudZCxZyZ6UbjM%253D&asb2=sTxr3t13kV249DdFLPzQUKGLVmrqi6HicRkrYbHmR2kkIylUGupmdhOF1JzjoSgmuSTVp1ktKjy63y1tZ_-YPafWlYHS8FjbcRZx4G0Pvaww0D-gx83-8K7-mB1xdOwP
"ПРОПИТКА-АНТИСЕПТИК ТОНЭРОЛ ДЛЯ ДЕРЕВА POLI-R Махагон Полупрозрачная 0,75л",729 ₽,4 отзыва,"8 мая доставит Ozon, продавец ООО ТД «Поли-Р»",https://www.ozon.ru/product/propitka-antiseptik-tonerol-dlya-dereva-poli-r-mahagon-poluprozrachnaya-0-75l-238446127/?asb=kI6aSPWOtncgdZ0Jxbu77IPQIzwtgJfIOsXC%252FPUN74v57j2Ae%252F5TvyrtCplewL4E&asb2=vgFVqAC4R0Vf98VjP1eirHM-H1RCaeUb3rcIebA565lKbdQJU-dQtpq33NXgpEohnqhlbJc220pmLUzc4JUHPX1ezccrLPeeWy0T4lgqEWPojnKciHOrtlk3Sdn4U2ik6Z2Is5Q-GVUOFnaAyOPl-Q
"Пропитка по дереву Эмпилс PROFIWOOD 0,7кг (антисептик лаковый тонирующий) Красное дерево",481 ₽,6 отзывов,"9 мая доставит Ozon, продавец Палитра-трейд",https://www.ozon.ru/product/propitka-po-derevu-empils-profiwood-0-7kg-antiseptik-lakovyy-toniruyushchiy-krasnoe-derevo-279408819/?asb=siYnVRHHzSxqouWhfV8wAItiNQphHLW0%252FnkAhpP%252F4EA%253D&asb2=PLOPj87PnOM6k8xUANUSnXM2txT3UL4sIGcbAPOODL78lqdIOCq8UrcgGswQEk6x
"Деревозащитное средство Marta, Орегон, 0,75л",816 ₽,2 отзыва,"9 мая доставит Ozon, продавец ТероПром - экспресс",https://www.ozon.ru/product/derevozashchitnoe-sredstvo-marta-oregon-0-75l-272785919/?asb=hRnLxQUpzMHXTkEWTo7d4Gls%252F3F6PcZDxlP8AyIMoWg%253D&asb2=A2o0PxICw8fkK5zUbYdcRM0GCKo5Xa2CCQtAsDvLeCoPNDbonVJJAUWOHwT3Pmov
"Helios Boritex Ultra 0,75 л. № 5 Эбеновое дерево",998 ₽,5 отзывов,"8 мая доставит Ozon, продавец ООО ""БАНАПАЛ""",https://www.ozon.ru/product/helios-boritex-ultra-0-75-l-5-ebenovoe-derevo-297830250/?asb=c%252B6t7IuOPcCxmqakKJQIUDv8nY0IPPwZc%252FlTp%252B3Em2o%253D&asb2=Cz6N4Uc5VxmULXwx1H7t9giUm5FW0SadheVl5wa2PY9JIOOnam6wre19j4r4kpsV
"Пропитка профессиональная Malare для бань и саун, от плесени и грибка, акриловая без запаха, Дуб, 0,9 кг",789 ₽,3 отзыва,"9 мая доставит Ozon, продавец ООО ТД Маляре",https://www.ozon.ru/product/propitka-professionalnaya-malare-dlya-ban-i-saun-ot-pleseni-i-gribka-akrilovaya-bez-zapaha-dub-0-475320194/?asb=3%252Fgh%252F9QUdCd2%252B7sRWdFdzrVgy7uyWvPdPRIhxI%252B7dew%253D&asb2=TJmOvMF9zQ9beFdNkYFp5KQzAtTz-UPRjz8PSvEE83pmnUIWraPaoZsu8pulzILr
"Морилка для древесины, водно-дисперсионная, Гранд Орех",419 ₽,1 отзыв,"9 мая доставит Ozon, продавец ООО «Трейд-КиС»",https://www.ozon.ru/product/morilka-dlya-drevesiny-vodno-dispersionnaya-grand-oreh-229032679/?asb=xSJHuBh0wPcEQXiTECqE9UD5rGb0PuL5rzTdjdeiT7o%253D&asb2=P9aIbP8iJHlxzz5TDwmEY-N_g-qQoLhaTYGnMsamgCt4-xtQMAG_YfI92gHK4R-g
"Пропитка по дереву Эмпилс PROFIWOOD 0,7кг (антисептик алкидный тонирующий) орех",487 ₽,1 отзыв,"9 мая доставит Ozon, продавец Палитра-трейд",https://www.ozon.ru/product/propitka-po-derevu-empils-profiwood-0-7kg-antiseptik-alkidnyy-toniruyushchiy-oreh-284687055/?asb=JbOm5amrR8ltMUXCOo2dIqI1eM8iel5hqi4FvjAtK9c%253D&asb2=a3AwWaR4sU-TwcAfFvjjOrNJjtEz0fnzKcah-PvjdUz12Q1eS0hSaMbJw6NfjzsK
"Пропитка профессиональная Malare для бань и саун, от плесени и грибка, акриловая без запаха, Орех, 0,9 кг",789 ₽,3 отзыва,"9 мая доставит Ozon, продавец ООО ТД Маляре",https://www.ozon.ru/product/propitka-professionalnaya-malare-dlya-ban-i-saun-ot-pleseni-i-gribka-akrilovaya-bez-zapaha-oreh-0-475317221/?asb=XI6qjVWeagYOs5xhFuV2jpSIVeP9y4Q5UftzwevAlxU%253D&asb2=jEysVQ1n8k0loiArwykH576qdaRME_ePGYdUEbKvyH5X8YLLnQFbhe4-Ydq92Eub
