Нейрогимнастика. Развиваем мозг ребенка. 4-6 лет. Готовимся к школе | Ахмадуллин Шамиль Тагирович,573 ₽,102 отзыва,"Завтра доставит Ozon, продавец Ozon",https://www.ozon.ru/product/neyrogimnastika-razvivaem-mozg-rebenka-4-6-let-gotovimsya-k-shkole-ahmadullin-shamil-tagirovich-448430469/?asb2=Bkrf6gz63UXS2yDcVQ3J0DAItsn5PIF3FFqQ1TzA_r74R9CL1M-wR16Sc-6OWaMi
Развиваем речь малыша от 1 до 2 лет. Пошаговый план. | Ахмадуллин Шамиль Тагирович,573 ₽,89 отзывов,"Завтра доставит Ozon, продавец Ozon",https://www.ozon.ru/product/razvivaem-rech-malysha-ot-1-do-2-let-poshagovyy-plan-ahmadullin-shamil-tagirovich-448430801/?asb2=cbHUKpvP97Y6uFMeC8HWIXq2m4txOn4wRQYfijSePPV3nHcNCzK5XxxO3HPSD71C
"Мама меня любит / Сказки для детей, малышей, эмоции, воспитание детей, книги для детей | Ульева Елена Александровна",212 ₽,27 отзывов,"Завтра доставит Ozon, продавец Clever",https://www.ozon.ru/product/mama-menya-lyubit-skazki-dlya-detey-malyshey-emotsii-vospitanie-detey-knigi-dlya-detey-uleva-405713350/?asb2=a3bCr_XIZ5_iv-YrwdLt48FnydK8hMbdVH0Zaz0lqsmCVfJ11k_n7Qe2OvhY9KQi
InvestFuture IF Kids. Аня и Макс: первая зарплата,475 ₽,15 отзывов,"9 мая доставит Ozon, продавец IF Kids",https://www.ozon.ru/product/investfuture-if-kids-anya-i-maks-pervaya-zarplata-546445381/?asb2=0UCC5fFY9DZpV_9FucwF_dDDXsKD_hqOYhcIbazQwtniO6JVpQGro8ZcgvFeF6eR
"Чик и Брики. День рождения / Сказка, приключения, книжки-картинки | Шеффлер Аксель",255 ₽,4 отзыва,"Завтра доставит Ozon, продавец Clever",https://www.ozon.ru/product/chik-i-briki-den-rozhdeniya-skazka-priklyucheniya-knizhki-kartinki-sheffler-aksel-512238425/?asb2=ibdDHnbDRuXKW3x-Q1n5qXbFbWU6LtRFDU4yRzGYHSLSboES6VJ-csM_5234RJ8O
Критическое мышление. Книга-тренинг для детей 6-9 лет | Ахмадуллин Шамиль Тагирович,582 ₽,103 отзыва,"Завтра доставит Ozon, продавец Ozon",https://www.ozon.ru/product/kriticheskoe-myshlenie-kniga-trening-dlya-detey-6-9-let-ahmadullin-shamil-tagirovich-448430434/?asb2=S1rpOs1tQ7ieATz30DZ8aC2aLhdz5PHzaQmeADFy2kwvkPEO-fQMH5t_-mOqZIzW
Критическое мышление. Книга-тренинг для подростков 10-16 лет | Ахмадуллин Шамиль Тагирович,582 ₽,59 отзывов,"Завтра доставит Ozon, продавец Ozon",https://www.ozon.ru/product/kriticheskoe-myshlenie-kniga-trening-dlya-podrostkov-10-16-let-ahmadullin-shamil-tagirovich-448430435/?asb2=i0556gmXcxFJXLAiFlWJtb5N8_aWPsLH1YTbNvaPwoZePQb4le5DJTek0FPyLcNE
Нейрогимнастика. Развиваем мозг ребенка. 7-10 лет. | Ахмадуллин Шамиль Тагирович,564 ₽,71 отзыв,"Завтра доставит Ozon, продавец Ozon",https://www.ozon.ru/product/neyrogimnastika-razvivaem-mozg-rebenka-7-10-let-ahmadullin-shamil-tagirovich-448430477/?asb2=ZExyBpEkYcqesGEzcMTNMFcLrXCaAWdAw4TuViGzrgXxoWvWprOX8Kt0Xhmskk66
"Найди и покажи, малыш. Моё тело / Анатомия для детей | Парамонова Анна",145 ₽,173 отзыва,"9 мая доставит Ozon, продавец Clever",https://www.ozon.ru/product/naydi-i-pokazhi-malysh-moe-telo-paramonova-anna-227215684/?asb2=dgPybmMu4CZ-ePzMgnBz2U8GSgsw6Ysa3Hbn-Bmhbupu1RM3W03JMuYrjJpwGnYA
Найди и покажи. Первая книга малыша. 500 слов,445 ₽,15 отзывов,"Завтра доставит Ozon, продавец Clever",https://www.ozon.ru/product/naydi-i-pokazhi-pervaya-kniga-malysha-500-slov-466454994/?asb2=CcmIO-r_2rNBKuzQBLkbI8WvgnCMKoEaem0OWsUrGg9uHvqX5pNcNOkq5kzbsYv7
Сказки для высокочувствительных детей. Сказкотерапия. Эмоциональный интеллект,419 ₽,9 отзывов,"9 мая доставит Ozon, продавец Феникс-Премьер",https://www.ozon.ru/product/skazki-dlya-vysokochuvstvitelnyh-detey-skazkoterapiya-emotsionalnyy-intellekt-501566675/?asb2=lpxDa_mWZDEPniLFGiUKbV8kdSSoIxHqzrxosKY2VotQG0Qo39evjrLw08TebpzK
"Древний африканский город | Макдональд Фиона, Вуд Джеральд",120 ₽,11 отзывов,"9 мая доставит Ozon, продавец Издательский Дом Мещерякова",https://www.ozon.ru/product/drevniy-afrikanskiy-gorod-173320767/?asb2=HU8LGC7UAcArlWysdLAguio9_UVN1u0Rol7ZtpPf7NoxaRMUrBB6LnLjy1PRX-65
Лучшие диктанты и грамматические задания по русскому языку: 1 класс | Сычева Галина Николаевна,102 ₽,12 отзывов,"9 мая доставит Ozon, продавец Феникс ТД",https://www.ozon.ru/product/luchshie-diktanty-i-grammaticheskie-zadaniya-po-russkomu-yazyku-1-klass-sycheva-galina-nikolaevna-314045153/?asb2=loIDfbwI3Hmml_zGh0GpGvvY2zYBThDWic6QsOVB5jfWdVi5_gbQFLtt0F1eb_Ct
Таблица умножения и деления: 1000 задач и математических шифровок. Развитие логического мышления | Зеленко Сергей Викторович,140 ₽,32 отзыва,"9 мая доставит Ozon, продавец Феникс ТД",https://www.ozon.ru/product/tablitsa-umnozheniya-i-deleniya-1000-zadach-i-matematicheskih-shifrovok-razvitie-logicheskogo-296671176/?asb2=ZSi-4isDhZ6sT9x4bSvOJRrcHixxCummcR_wcdLvzQv0NVpokPRjM1GCTdNMFJal
"Большая книга игр и заданий про животных / Найди и покажи, лабиринты | Попова Евгения",158 ₽,142 отзыва,"Завтра доставит Ozon, продавец Clever",https://www.ozon.ru/product/bolshaya-kniga-igr-i-zadaniy-pro-zhivotnyh-149058689/?asb2=Erb1NNi3c9bMnZbElyAcMQnVA7YNAVTuc4wtDRjMqJMNI8_BMpWiVrNxmwo-hBuf
Математика. Считаем до 20. Рабочая тетрадь дошкольника,79 ₽,76 отзывов,"9 мая доставит Ozon, продавец Ozon",https://www.ozon.ru/product/matematika-schitaem-do-20-rabochaya-tetrad-doshkolnika-136335958/?asb2=2bhX-Y9LagFhPxZr3L2RwcVCaSAafgBcLuEq_yU5wcpfGlXsrYbs4SyN-CYBGzcI
Замурчательные стихи | Валаханович Ксения Леонидовна,130 ₽,43 отзыва,"Завтра доставит Ozon, продавец Издательский Дом Мещерякова",https://www.ozon.ru/product/zamurchatelnye-stihi-valahanovich-kseniya-leonidovna-310228838/?asb2=M2Yb_0b58JM-tQTYNxnwuQLTyEL9Os-8erXUmdt3lJ5uTj732CZx0yTUxZSd5S8FwnczqilkbwPCr53ieMYqMg
Развиваем логику и мышление. Книга тренинг для детей 3-4 лет | Ахмадуллин Шамиль Тагирович,573 ₽,91 отзыв,За час курьером Ozon Express,https://www.ozon.ru/product/razvivaem-logiku-i-myshlenie-kniga-trening-dlya-detey-3-4-let-ahmadullin-shamil-tagirovich-448430457/?asb2=HeZTKQkjWJSID4K9Cajwu5d6kczTjhUvIWF65TK-v3sYBGEuhTgH4RQG4xQf63HD
"Найди и покажи. Вокруг света / Виммельбух, книжка панорамка | Лаваль Тьерри",450 ₽,87 отзывов,"Завтра доставит Ozon, продавец Clever",https://www.ozon.ru/product/naydi-i-pokazhi-vokrug-sveta-147618435/?asb2=R8AgK2xl0xBSwf9WiJMvw-RdRcDKOuATG3eL265M_V3mh4JzhDzJEL-rR5YFbltL
Как тренировать память. Учимся пересказывать. Книга тренинг для детей 6-9 лет | Ахмадуллин Шамиль Тагирович,573 ₽,100 отзывов,"Завтра доставит Ozon, продавец Ozon",https://www.ozon.ru/product/kak-trenirovat-pamyat-uchimsya-pereskazyvat-kniga-trening-dlya-detey-6-9-let-ahmadullin-448430453/?asb2=wECtEr1K3hQQgxzFFmLYVAvECxYeQCqbGXdVNRBq8poiSf0WVVIDzqYFqHGPe9YJ
Развиваем мозг малыша Мелкая моторика. 2-3 года. | Ахмадуллин Шамиль Тагирович,573 ₽,62 отзыва,"Завтра доставит Ozon, продавец Ozon",https://www.ozon.ru/product/razvivaem-mozg-malysha-melkaya-motorika-2-3-goda-ahmadullin-shamil-tagirovich-448430783/?asb2=WeZ1TeVwcsAYo2KX8jhnBojQkc7qFss3sZ1KgOZW7LLtSz7R4nhhUUekaLr5lzwf
"Котенок Шмяк - заботливый брат / Сказки для детей, книжки-картинки, подарок | Скоттон Роб",164 ₽,141 отзыв,"Завтра доставит Ozon, продавец Clever",https://www.ozon.ru/product/kotenok-shmyak-zabotlivyy-brat-skazki-dlya-detey-knizhki-kartinki-podarok-skotton-rob-309737945/?asb2=cbcVu2X9wImhDkAbef5SgZ5XWvOVcme-9vmP3bzjvXmdN--ulZtc-bSAV1W-Ezjc
"Сборник для 1, 2,3, 4 классов, БУКВА-ЛЕНД, ""Все правила математики"", 44 стр | Соколова Юлия Сергеевна",139 ₽,158 отзывов,"Послезавтра доставит Ozon, продавец Эврики",https://www.ozon.ru/product/vse-pravila-matematiki-sbornik-dlya-1-4-klassov-230543989/?asb2=t_0laOronQrhwJwsgX-2JgMC-JdVTaBBq2Iajmbdq2Va2VY-yHVabH-slaEJPOBp5cOGLXTFh0S3lBTPDYL0Lw
"Котенок Шмяк и лунный кот / Сказки для детей, книжки-картинки, подарок | Скоттон Роб",164 ₽,162 отзыва,"Завтра доставит Ozon, продавец Clever",https://www.ozon.ru/product/kotenok-shmyak-i-lunnyy-kot-skazki-dlya-detey-knizhki-kartinki-podarok-skotton-rob-309737914/?asb2=rU8O6LPgNgbNvKGAfGCgF4dE2-VBhDeeGZP5Ls6nz3jOJjVL_25_6b04L46sTSTF
Усидчивость и внимание. Корректурные пробы: Рабочая нейротетрадь для дошкольников | Рязанцева Юлия Евгеньевна,127 ₽,68 отзывов,"9 мая доставит Ozon, продавец Феникс ТД",https://www.ozon.ru/product/usidchivost-i-vnimanie-korrekturnye-proby-rabochaya-neyrotetrad-dlya-doshkolnikov-ryazantseva-231958169/?asb2=2b4aCpDg-RpKSChsQfIPqx2nBXnaH2MQQMDYzRp38qwXIB-oJ06xW1n0uU_yt2-qWfg8aA5gv6IPpBBavNUXeQ
Прописи. Комплект из 3-х частей | Жукова Надежда Сергеевна,222 ₽,115 отзывов,"Завтра доставит Ozon, продавец Ozon",https://www.ozon.ru/product/propisi-komplekt-iz-3-h-chastey-144147486/?asb2=mf3lYSOv8o-hUggRz-9kBOwU3otM_oOhqRyM7kVt5EP8saAch5OpmF1bR7vx7NQ9
200 увлекательных игр и заданий по английскому языку на каждый день. 3-6 лет,278 ₽,134 отзыва,"Завтра доставит Ozon, продавец Clever",https://www.ozon.ru/product/200-uvlekatelnyh-igr-i-zadaniy-po-angliyskomu-yazyku-na-kazhdyy-den-3-6-let-154014774/?asb2=gYZdjbtEiuWv9ubFES1sC1QJLKhZPM7f76SL9NW_5flWRvBkfpb0vhUaKqHvZfG5
Рабочая тетрадь Развиваем внимание и логическое мышление Для детей 5-6 лет | Бортникова Елена Федоровна,77 ₽,51 отзыв,"9 мая доставит Ozon, продавец Атберг 98",https://www.ozon.ru/product/rabochaya-tetrad-razvivaem-vnimanie-i-logicheskoe-myshlenie-dlya-detey-5-6-let-bortnikova-318696255/?asb2=pt3NZChX6fkNxyC8oZqEQXH0frAC-0pPHXBrAM6BE6q0TyLEhA-Wcj-ZzwyrwGVJ7sSF2qZdyhAYt14FRitxXA
Графические диктанты: Готовим руку к письму. Развивающие занятия для дошкольников | Федорович Галина М.,102 ₽,22 отзыва,"9 мая доставит Ozon, продавец Феникс ТД",https://www.ozon.ru/product/graficheskie-diktanty-gotovim-ruku-k-pismu-razvivayushchie-zanyatiya-dlya-doshkolnikov-fedorovich-314044553/?asb2=WNC0I-z7I-qn1wWydbU6-2BwoIq_1uBt3aIUP8ozNycXNv8spRkldhTQcfmu514y7-t0NMgZF-fyCCInJYoAeQ
"Найди и покажи, малыш. В мире транспорта | Парамонова Анна",150 ₽,123 отзыва,"Завтра доставит Ozon, продавец Clever",https://www.ozon.ru/product/naydi-i-pokazhi-malysh-v-mire-transporta-paramonova-anna-227218081/?asb2=M4lOdgapaGMAAphfTQ2-nIifYGF47IOC-YKE0Fhz5IwLwPgUwBO7A-yriIeVdr6c
Я побеждаю страхи: Энциклопедия для малышей в сказках (мягкая обложка). Развитие эмоционального интеллекта | Ульева Елена Александровна,247 ₽,157 отзывов,"Завтра доставит Ozon, продавец Феникс-Премьер",https://www.ozon.ru/product/ya-pobezhdayu-strahi-entsiklopediya-dlya-malyshey-v-skazkah-myagkaya-oblozhka-240279964/?asb2=PfzLo_S7l0QZg9Tr5dNFMq-HlTGzJhG05UEPMGOOYPZoE1TbxFgjNi709R4iLnwPCQESHf-lYzpOuAJ5otTJVg
Тренажер по чистописанию. Русский язык: 2 класс | Субботина Елена Александровна,128 ₽,90 отзывов,"Завтра доставит Ozon, продавец Феникс ТД",https://www.ozon.ru/product/trenazher-po-chistopisaniyu-russkiy-yazyk-2-klass-subbotina-elena-aleksandrovna-314044532/?asb2=CLSGtylq3JXnJRBXT9q0eZIR-qhouAG5Njx1W4wlCMknFTrPfIemTOqOxdFRRlTO
Пишем слоги и слова,80 ₽,71 отзыв,"Завтра доставит Ozon, продавец Ozon",https://www.ozon.ru/product/pishem-slogi-i-slova-137475064/?asb2=Jf90EuZlOd0loP9KiJ0o__1lnNnDfEH_YCHZphtMjil0v7opnfJMh9dlAiYu57zL
Скорочтение. Развитие периферического зрения: Рабочая нейротетрадь для дошкольников | Рязанцева Юлия Евгеньевна,127 ₽,65 отзывов,"Завтра доставит Ozon, продавец Феникс ТД",https://www.ozon.ru/product/skorochtenie-razvitie-perifericheskogo-zreniya-rabochaya-neyrotetrad-dlya-doshkolnikov-ryazantseva-278002525/?asb2=fitTAByAqvlizYeWb5XM_Ip8ly1OSDVdOj9gxNs5t9TQWBqQ5c5ICz8-ijvTf2AF
Развиваем речь малыша от 3 до 4 лет. Пошаговый план. | Ахмадуллин Шамиль Тагирович,573 ₽,91 отзыв,"Завтра доставит Ozon, продавец Ozon",https://www.ozon.ru/product/razvivaem-rech-malysha-ot-3-do-4-let-poshagovyy-plan-ahmadullin-shamil-tagirovich-448430492/?asb2=2kFC8X6iq9xBF69eJ_AazS-zldYvp4gHQRmXz3qIA9mWPcKcxy1Sr3VFBSUngWQ6
"Дисграфия: учусь различать звуки. Логопедические занятия для учеников 1-4 классов | Суслова Ольга Владимировна, Мальм Марина Викторовна",137 ₽,62 отзыва,null,https://www.ozon.ru/product/disgrafiya-uchus-razlichat-zvuki-logopedicheskie-zanyatiya-dlya-uchenikov-1-4-klassov-suslova-olga-258619359/?asb2=6BYKRBE_48-t-Ze5lT3ubKmAc9q3pCMgsYD39C4I1yqlb83439byW-TG5y7GIQkA
