Охлаждающий спрей Спортивная заморозка Мощный 520мл Sport coolant GRENT,440 ₽,93 отзыва,"8 мая доставит Ozon, продавец BIKECOM",https://www.ozon.ru/product/sport-coolant-grent-sportivnaya-zamorozka-moshchnyy-ohlazhdayushchiy-sprey-520ml-169067858/?asb=HhbJMuIGrLTKhHdvUlPTcM99X87x1mimco%252FscoWdTA7IGsihk7%252FbvY06a3SFY4On&asb2=jup0pe_NkhFBO9HEE0CphNiQ8jq2PAm-KVX90sQsvYwW6DKMPw3flEqSMJ_4jJbHleO4UaXZenomYZra-zATp0lCcCvrN7kEGXmewLCwlVdRQZpVrs6JCN32iuVbMmKWVdFcCEXdFnkNkEaBWTm_0w
"Мяч для американского футбола Af 500, официальный размер DECATHLON",999 ₽,65 отзывов,"8 мая доставит Ozon, продавец Decathlon",https://www.ozon.ru/product/myach-dlya-amerikanskogo-futbola-af-500-ofitsialnyy-razmer-decathlon-175255979/?asb=qkxANj3nYi1CZGlsxab6xB18t2CgmARhkQ4ZlU30GE8%253D&asb2=8e2rCJsmQV7gMotBHvo_o-qIo-CN_8t-xrgW3t_ul611MLfyBNQQ4AN9QIKDA5Wq
Мяч для американского футбола для детей черно-желтый KIPSTA Х DECATHLON,599 ₽,45 отзывов,"8 мая доставит Ozon, продавец Decathlon",https://www.ozon.ru/product/myach-dlya-amerikanskogo-futbola-dlya-detey-cherno-zheltyy-kipsta-h-decathlon-188990397/?asb=m3Hre%252BPhM%252BifwU%252BLHIUivbxVF5r5UHVnbY1UNAbBsT8%253D&asb2=iM4obL-ZJWIDxjj-5Mnjhe0-oLCmT-n145kg3L7T1a8Nko4TN3Tk_iN0MZXZf6fP
"Мяч регбийный R100, размер 5 OFFLOAD Х DECATHLON",999 ₽,10 отзывов,"8 мая доставит Ozon, продавец Decathlon",https://www.ozon.ru/product/myach-regbiynyy-r100-razmer-5-offload-h-decathlon-222655104/?asb=sFUdHEKx9QkcdxGk2RK0OuxK8m7K5QJW%252BUIy1WznRas%253D&asb2=M_6HGN5L7nC1VAN7fZbgqCQtQN2pqTOBUARDRKY42TKL_usj0_WvVBIrUSW1wOgp
"Мяч для регби желтый, размер 3 R100 DECATHLON",699 ₽,2 отзыва,"8 мая доставит Ozon, продавец Decathlon",https://www.ozon.ru/product/myach-dlya-regbi-zheltyy-razmer-3-r100-decathlon-175255445/?asb=Twdn%252FWz8RDu2mRawtBhu%252B%252Ft1tcuA5Be9cVSwQtYDzz8%253D&asb2=VfoFvjJrrIDdNA5NnLcFTD5PexBQ1RFa5cf4E0f_ie2yQ1otwkhlhNvdb1P39zEI
Подставка под мяч высокая OFFLOAD Х DECATHLON,599 ₽,9 отзывов,"8 мая доставит Ozon, продавец Decathlon",https://www.ozon.ru/product/podstavka-pod-myach-vysokaya-offload-h-decathlon-202244386/?asb=2sSuuKVPQZSL4B9cI3Re%252BctkqqfrwBrVHfdOzmi2MUY%253D&asb2=A3yPv_If2bf7OGFeij_HCHpQckHHNPE9wh33I1ndHL05rD3AMkyX5hl4vAKlcbpw
Налокотники для спорта волейбола эластичные бандаж защита сустав повязка фиксатор экипировка на руки 2 штуки,911 ₽,21 отзыв,"Послезавтра доставит Ozon, продавец AURORA AM",https://www.ozon.ru/product/nalokotniki-dlya-sporta-voleybola-elastichnye-bandazh-zashchita-sustav-povyazka-fiksator-ekipirovka-327410156/?asb=8BdPBDwKfY7XJhRIAJRcHh3WIfmbLUX4u4fUM5DFw2o%253D&asb2=FL2Rp-6duR03qGHcpb0Tr-aJnGsxylBQMo14TbWPq0m3V6CvcDHti6R2dYOkDo4b
Налокотники для спорта волейбола эластичные бандаж защита сустав повязка фиксатор экипировка на руки,911 ₽,21 отзыв,"8 мая доставит Ozon, продавец AURORA AM",https://www.ozon.ru/product/nalokotniki-dlya-sporta-voleybola-elastichnye-bandazh-zashchita-sustav-povyazka-fiksator-ekipirovka-327419065/?asb=0e0N3viCcjtbiJJwEs8vdb%252FwCp7o6oj0hQWoNlzOhHolgqPcZ%252BbsyqhWVK4ckCpd&asb2=roWi4Qc43I69bpmsH_zia5SorVE9H37_7H4im5RNcH-d1LmWzVvP7iq2NIvdLzgMFNT2S1QaJdnYvJ2Iu3in2oWulg-chfrJAzc_Z0_MqLqTAn0D7_eIDTd85iLymnk2lWbZxQRydMP9rJaX0KLz_g
Налокотники для спорта волейбола эластичные бандаж защита сустав повязка фиксатор экипировка на руки 2 штуки,911 ₽,21 отзыв,"Послезавтра доставит Ozon, продавец AURORA AM",https://www.ozon.ru/product/nalokotniki-dlya-sporta-voleybola-elastichnye-bandazh-zashchita-sustav-povyazka-fiksator-ekipirovka-327434874/?asb=HU8JN%252Fq06ekoyv6631Vj8jDSfBqjf6HWNKKZcLQFfkA%253D&asb2=O2--Ipi456aWvaxD18HDVFEKb23hucClCp63K8P3pzh_5d32-e9ucdz2H2efHRq6
Мяч для регби Demix,949 ₽,27 отзывов,null,https://www.ozon.ru/product/myach-dlya-regbi-demix-229296786/?asb=eQOiLXZLseuayenSKh1vPV3h5oFSzI1AnInGxrrGClA%253D&asb2=hFS6Do7ahMf0bI7j3d3iCKohtLkyjmOhZh0YJ0gRlDpdSKRc_5DYv7g4DJ1QUv7A
"Мяч для регби R100, размер 4 DECATHLON",699 ₽,10 отзывов,null,https://www.ozon.ru/product/myach-dlya-regbi-r100-razmer-4-decathlon-175255427/?asb=ppYxfE9HlNS%252BxVHYWgcqs83M7ng8j5njF9saHqnyViU%253D&asb2=qbGl5XVQtGAqDe81ywF5ojOFJa07jwH4E2kWj5OJw9ZhgGtCBrol-u2vbL7aPh5G
Налокотники для спорта волейбола эластичные бандаж защита сустав повязка фиксатор экипировка на руки,911 ₽,21 отзыв,null,https://www.ozon.ru/product/nalokotniki-dlya-sporta-voleybola-elastichnye-bandazh-zashchita-sustav-povyazka-fiksator-ekipirovka-327419048/?asb=jPZMnRnqXc4jvYy5rQk3yjnYoMtsHiMSMmiZKgIFoVc%253D&asb2=YzXlnzAbXkeypUge160CIIbyCczDj0WLxngw_5FTYfjL7afdHx9isvMmvb3Tiy7y
