"СУМКИ ДЛЯ РОДДОМА, набор сумок 3 шт., прозрачные, рюкзак, для бассейна, для мамы и малыша, цвет лавандовый",630 ₽,5 отзывов,"Завтра доставит Ozon, продавец MUMLOVE",https://www.ozon.ru/product/sumki-dlya-roddoma-nabor-sumok-3-sht-prozrachnye-ryukzak-dlya-basseyna-dlya-mamy-i-malysha-534974346/?asb=ZlWl%252BDcUCQ%252BhoyNKbAz6YKh2MNfaYwLDuYYwhLPc8ls%253D&asb2=08Y1pEBvI1SjJDWe85l5bc5x213u5tkMtzpQWlbYYWHnzskvK2beBumB3VgBACBR
Рюкзак для мамы YRBAN,801 ₽,75 отзывов,"Завтра доставит Ozon, продавец ДС Маркет",https://www.ozon.ru/product/ryukzak-dlya-mamy-yrban-147739037/?asb=GlN3lezdk2DJmzOR%252FnTg50cMn0t%252B0ZuHPWgJaB6vtHNU7EChbLjKeVGzvsmXocbx&asb2=51u_htxhAlZNA0qPZFEBhVX61OAKnWJVn5ts_jD0l1MKjgmaS6WjaDDK6amDy7qCGltcW5vLAzQw0enBSd0NI8oXgET6NSrsgpQV4-xO7gmBmNq9740SyXsNzc7HHetfM3UTXbz4Kz-nGCRjozweFA
Большая сумка в роддом + 2 косметички +нессер Kinderbox. Цвет Серебро / Набор сумок в роддом / Комплект 4 шт,595 ₽,62 отзыва,"Завтра доставит Ozon, продавец Kinderbox",https://www.ozon.ru/product/bolshaya-sumka-v-roddom-2-kosmetichki-nesser-kinderbox-tsvet-serebro-nabor-sumok-v-roddom-komplekt-257056043/?asb=atNR781nIv6e%252FEwku6XBxP%252F2BIq5xTazViM6NLGSkf3nOcxckyIgmOrQsUz4EFTa&asb2=lLSFvcTgWEnMIpkdRzCH5hNrCfL99L6CsHLUBsp17Xq7AyGg12PoM0MPP5e6PuvicEDvbfel11JGDr38z2nkgrKn8xovqfnJzXh3wzNCUfTePimkeNAe3W6ySVkeUgYVKqHhHmq5Ai4MBs5PLWqDUg
Рюкзак для мам/ Сумка для мамы/ Рюкзак для путешествий/,999 ₽,2 отзыва,"9 мая доставит Ozon, продавец Good Shop",https://www.ozon.ru/product/ryukzak-dlya-mam-sumka-dlya-mamy-ryukzak-dlya-puteshestviy-519828649/?asb=QgI7qt%252FjMhLT4mLdeP5tSrIgMPIriib0%252BTGlUfJZsZM%253D&asb2=4YlTAVLF7rbwOJWzbXhMA_-UC3nh_RlQTj7_ZUTqw9xrQF71PgmPGQwapCxhP5F2
Рюкзак для мам/ Сумка для мамы/ Рюкзак для путешествий/,999 ₽,1 отзыв,"9 мая доставит Ozon, продавец Good Shop",https://www.ozon.ru/product/ryukzak-dlya-mam-sumka-dlya-mamy-ryukzak-dlya-puteshestviy-519833242/?asb=KLj8qGFkx8DDPip3wA7zInE%252BFlppiNtyIQT8lwY8w50%253D&asb2=ejZQaAGNNEgx2JiP55Mveh4_yZ-EqNzPddsOZxt1ZFS8TKYuqdU8yMHw766s6TvE
"Бамбуковые сухие салфетки - полотенца в коробке для гигиены тела, лица и уборки в доме",204 ₽,8 отзывов,"Завтра доставит Ozon, продавец Shekels",https://www.ozon.ru/product/bambukovye-suhie-salfetki-polotentsa-v-korobke-dlya-gigieny-tela-litsa-i-uborki-v-dome-363414961/?asb=FrYGoi%252Bms3G2cV4h7qBRVRrn0mWTbdAs3kO8JmV21Pk%253D&asb2=QxsgvPVDWzhKvs02hTK-RvqPS6-9BUI1tpQDKAdz4r2iNZQaDeVn0EqEX4ywA1N_
Большая сумка в роддом + косметичка+ нессер в роддом Kinderbox / Сумка в роддом прозрачная / Набор сумок в роддом,552 ₽,184 отзыва,"Завтра доставит Ozon, продавец Kinderbox",https://www.ozon.ru/product/bolshaya-sumka-v-roddom-kosmetichka-nesser-v-roddom-kinderbox-sumka-v-roddom-prozrachnaya-257077085/?asb=nP2hdb6UhQGUewwwdIExFlqQNm6ZRaan%252B%252BgSvJqBbDanF6ODudOuTQKWnEant2Fd&asb2=8myXyti-9qyeslxlfuS8zZLkIryARUpnokqL8zUoJA8Xo3eP3DtC85ZMeLgVhFe2Re6ig0PQ6gVfda6rQ8WC-LrZIPwE4l-SzcVNqNcUSbwV6S2i8A5o1n4kfCDMSVzwLeasbHp42vcV9Hx9FSHZNQ
Рюкзак для молодых мам многофункциональный,607 ₽,3 отзыва,"9 мая доставит Ozon, продавец MarketHit",https://www.ozon.ru/product/ryukzak-dlya-molodyh-mam-mnogofunktsionalnyy-350464023/?asb=RlaOLK6Pe4O7a8rrizONvyMOAgQ8%252FNcj%252B9a6%252ByuEz5zUt0vXK6eVGgseqYF%252B0veV&asb2=oyDn6WlWAppk2IopvjHCMSFPEbiAhITOMsnW7P5IfGKJk3EBIKhxvW9TfAnsfuRMFjS_CARY-UdCkq9yfb_2eC2k3UTiD8DvbkD0E4NL5HcAOZoqFNNVTP1F06o3d9doowgCl7oF6dIFgow3OLyoxw
"Сумка для мамы и малыша непромокаемая ORANGE HOUSE, для подгузников и бассейна, Космос, с одним кармашком, 30x39 см",469 ₽,3 отзыва,"11 мая доставит Ozon, продавец ORANGE HOUSE",https://www.ozon.ru/product/sumka-dlya-mamy-i-malysha-nepromokaemaya-orange-house-dlya-podguznikov-i-basseyna-kosmos-s-375743687/?asb=eVr1y8w%252FNYV%252FJ%252FPrD%252FbIJpRchl6o%252BDNUoJcRnygl%252FTY836vOT4vUhwslS2Q8ZLHN&asb2=VXBUanY53GF0StNGG133uz-t7AG4bf5Gj_03kZekmuIr_oMlQZQ-OJkmaJixVTv_O-tr_h0AMyPjfcX-DyPDP7f7XMByzDDPmpBs5NJM1blVi7KQhbE5rmgL08yfD4Do
"СУМКИ ДЛЯ РОДДОМА, набор сумок 3 шт., прозрачные, рюкзак, для бассейна, для мамы и малыша, цвет серый",630 ₽,5 отзывов,"Завтра доставит Ozon, продавец MUMLOVE",https://www.ozon.ru/product/sumki-dlya-roddoma-nabor-sumok-3-sht-prozrachnye-ryukzak-dlya-basseyna-dlya-mamy-i-malysha-534976936/?asb=XcRJrNBcWKow0A9vyx1fs8QSM3Euf1ShwAkK9TxMXbY%253D&asb2=Ozb3kUniHH2CN69M29hd59YpTYiGEZunStFZMDf4uGYb3Hpac04M5U33jj0Et6r6
Большая сумка в роддом + косметичка+ нессер в роддом Kinderbox. Цвет Золото,522 ₽,184 отзыва,"Завтра доставит Ozon, продавец Kinderbox",https://www.ozon.ru/product/bolshaya-sumka-v-roddom-kosmetichka-nesser-v-roddom-kinderbox-tsvet-zoloto-257043278/?asb=hCZImbQwekXVTfoDQiVE7rHZIo0McSa0j0VQ9SjYa%252BfKqnigJa1QPIbWVOs0cKXy&asb2=E4og0ZTqw_3jaHxFXw9OBADw7CrKdvM-LsnrI2dbDf8gitKTUiSJbWY5xvjEV83SnnE7G0zudi9Zn1CvcvAfDOLXVvINp78cQcZxn04biyUsUME6J7xrrTjV0XnP5h3w2unSZwEkyBkXLREeBY0I9g
Детский пеленальный коврик / Переносной пеленальный коврик / Сумка для мам / Коврик для пеленания младенца / Коврик с карманами,894 ₽,1 отзыв,"15 мая доставит Ozon, продавец ИП Каекбердин Р.Р.",https://www.ozon.ru/product/detskiy-pelenalnyy-kovrik-perenosnoy-pelenalnyy-kovrik-sumka-dlya-mam-kovrik-dlya-pelenaniya-377003840/?asb=lgs5d2gbKV%252BOKjBS6CFqsinApEY0uUv2aRlQxd0DCEA7XOaOfRNKzummLA5tufM1&asb2=AhEULcSuLVaYKB8PGm62bQHMGORV9p1kW8tfoEd8D_Hwb_01i7PpH-bGVw1fboX0vZRhd8hUzMVpgR6hsmiwJtpXwMu5ZQrsgvI6lTR44yK1dKgDEA6TwKUor7uVw49z1vpj3_ulneaC-CIblKnXRQ
Чехол для сумки в роддом,242 ₽,12 отзывов,"9 мая доставит Ozon, продавец Здравствуй, мама!",https://www.ozon.ru/product/chehol-dlya-sumki-v-roddom-400747319/?asb=mvBma4xz%252Bz5LQwlv01p4dXJhuKCpUHCp4wVTVw64%252Fd30mctn0lkTK5yxnlHOyfdj&asb2=QORdW_9q7cXnQy1sik-Hd3XR0fly3X_hIqLO7VcLc-7LcLZxJS2-YV8sq6t_O9JVw5frSqiCBXUyo-3SCFsV8pWb4Y7R-Nqsq__x_pHzjTOJdUkwh83WAXRwvPcgCzYR0nYpEqC9Jq680RT-scyFAA
Большая сумка в роддом + 2 косметички +нессер Kinderbox Цвет Белый / Набор сумок в роддом / Комплект 4 шт / Сумка в роддом прозрачная,618 ₽,62 отзыва,"Завтра доставит Ozon, продавец Kinderbox",https://www.ozon.ru/product/bolshaya-sumka-v-roddom-2-kosmetichki-nesser-kinderbox-tsvet-belyy-nabor-sumok-v-roddom-komplekt-257068600/?asb=05PAg18R4Q5hSSdBeD6kDZC3wJeehJSVKDBDhwY8A9gzoRsTbnyiIjXk72emz8T%252F&asb2=egwZv1KYnAeBBYSjtOD7Y7JtKHSrWVFLIvz7A4EWTZkcKwTs3FOUF6LaG0aDy0QPk0VddD2z5yIGBPl9sbykZ-WJvgDbwuhzLX-Fv0lzy-Etzk542QiDKFLL6K-SJmDsFhEqY40HvLEAOyzegOOpqA
Рюкзак для мам на коляску,990 ₽,1 отзыв,"9 мая доставит Ozon, продавец Магазин "" DANKI """,https://www.ozon.ru/product/ryukzak-dlya-mam-na-kolyasku-394421341/?asb=sskp0N8KN9W0DQBHdEEcPLjmDhNAKkiDxIIfA3ZtE2w%253D&asb2=9lXLutEzsk7itPiwegzXZnkGXzaetw2ZZDpAJ0i9WzXSmd7raCVB9ohP_rOS7f9R
Большая сумка в роддом + косметичка + нессер в роддом Kinderbox. Цвет Серебро / Сумка в роддом прозрачная / Косметичка прозрачная / Набор сумок в роддом,540 ₽,184 отзыва,"Завтра доставит Ozon, продавец Kinderbox",https://www.ozon.ru/product/bolshaya-sumka-v-roddom-kosmetichka-nesser-v-roddom-kinderbox-tsvet-serebro-sumka-v-257107233/?asb=CRy1jm2%252ByZYBd5P%252BzRMPwtEjDVO1MiRAuq%252FIrBUyKutLhImcjmuQmC6zWGVI4P0n&asb2=X62I5k5jx_La8K52vBQcWCHdF1LO1YzSiLiCvSXIvdt5PEpYycWVmcmpNofs2-iSTYAL_VYyftFiDW5apf1IXTojaMog4W_BVajPk3kuNi62Mv8Gc3ydQLdrVKf9s1QEcn-Pv5ffc3SEl5v4goe4JA
Чехол для сумки в роддом,229 ₽,12 отзывов,"Завтра доставит Ozon, продавец Здравствуй, мама!",https://www.ozon.ru/product/chehol-dlya-sumki-v-roddom-211195872/?asb=dgLMwe9gE44A2nAheQN9Fahe2mMfqZEJfUpjdjEK%252BObWXM247T7hqxRI%252Bm8u7AiJ&asb2=1K1c4PXPOHasriDECeuD3IF0wul8SZyoFQ2kccgjyNI-XTfFxM4yJOEFWb8ipKg0DXGd6rxZ6fhQEDWcBCXLa6mTwrPSTv5lqGBlPKdMrnxUUBUXMTWO5eeirTLhCF5Z0UBXsMwL2ciM3FseiE51WQ
Большая сумка в роддом + косметичка+ нессер в роддом Kinderbox. Цвет Белый / Сумка в роддом прозрачная / Набор сумок в роддом,567 ₽,184 отзыва,"Завтра доставит Ozon, продавец Kinderbox",https://www.ozon.ru/product/bolshaya-sumka-v-roddom-kosmetichka-nesser-v-roddom-kinderbox-tsvet-belyy-sumka-v-257074733/?asb=hH%252FREMpRn9YynOlgwHcoaK%252BKxvQnf%252Brfq5urVreTRAqcwrMOil45nFHrZAbXtV7h&asb2=vwr44GvYjWQdWkVHrgE5fgdrQ1qLs91OLJBvhWpKqOdy11HlbRwP6uwSacts4_ys1TJaW-8RC5VP7UQZ98bOz4enhbW4bJ8cdlnEkgzM-jxpk_6C1dUnK1AgLZflese9dSm-Hp9Xu7vse9k5wTGDxg
"Бамбуковые сухие салфетки - полотенца в коробке для гигиены тела, лица и уборки в доме",228 ₽,2 отзыва,"Завтра доставит Ozon, продавец Shekels",https://www.ozon.ru/product/bambukovye-suhie-salfetki-polotentsa-v-korobke-dlya-gigieny-tela-litsa-i-uborki-v-dome-363308888/?asb=j9ZKazWM%252BM%252BjJOfYYDPmxX%252Fi%252BkCQT0K6TmqzDnpk%252FPo%253D&asb2=N1x82ioEifZWJhiAqzvlPjtdeTMHrBq3PIX6qKheUTMSPIn7UtWByvyApOCwIla4
Сумки в роддом комплект от Premium Mama Сумка+Косметичка,640 ₽,20 отзывов,"17 мая доставит Ozon, продавец Premium Mama",https://www.ozon.ru/product/komplekt-cumok-v-roddom-premium-mama-sumka-kosmetichka-177507385/?asb=JKd42xYDrKtgs930SIC2S6nqrk7ttE6STQ8R5%252FQP7PI%253D&asb2=ZWP5eEcZxODAIKm_XANyUDizMLmSDKYIzefl1mGS_V-4_KnxfYi-lsSHBMpHDpR1GWx2AD7xDN21f1nsTrSSEw
"Сумка в роддом прозрачная Серый Цвет Комплект 3 шт, Для мамы и малыша, Для беременных, Сумка спортивная в бассейн, Сумки для выписки из роддома, Косметичка",490 ₽,7 отзывов,null,https://www.ozon.ru/product/sumka-v-roddom-prozrachnaya-seryy-tsvet-komplekt-3-sht-dlya-mamy-i-malysha-dlya-beremennyh-521788289/?asb=EauMgqcPrsw63lzir93FGReLANDabW7jnZDzmoQliuY%253D&asb2=epVGEz9o1qh7iWjlThhrL-6daEHFq85EGiVcUWcMzDNcF-qXDisD7XTtGe_DyxsG
Крепления крючки на коляску для рюкзаков и сумок,249 ₽,6 отзывов,null,https://www.ozon.ru/product/krepleniya-kryuchki-na-kolyasku-dlya-ryukzakov-i-sumok-332434140/?asb=OvTsMemu2QEI2KIk0qlzaQDPdwDmh3eiPe67lkfxW8s%253D&asb2=RKbTix5GoLLxMa0j6bI9sla-OOiC2arjx6wJcaQYYpKV_kjnNeS9VB2fhwQb8KF0
Рюкзак для мамы YRBAN,801 ₽,75 отзывов,null,https://www.ozon.ru/product/ryukzak-dlya-mamy-yrban-147739036/?asb=W2fCET9ehU8KOSOqpnbJcmhX2L8w3%252Bq0ReCdDOULyAO3K%252FrlhOj6L7MFUSY3mnCn&asb2=UlQR-d0ZNxJHQIjAQPpUkgT6LODe5Qd6kztAoBGKNe4U_sO_U9TGe2e5iGRAhAnhfhSRZUCe1pKUsGyBYV0JQ8VX6CEtfJU9mzluH5UZYq9HahvRM3QIDkze6qWYbUjxcXjIhXmJebQY1m61hD0ydQ
Пеленальный коврик / Сумка для мам / Пеленка с собой,539 ₽,21 отзыв,null,https://www.ozon.ru/product/pelenalnyy-kovrik-sumka-dlya-mam-pelenka-s-soboy-295203164/?asb=uQ19DBnRDIVEv3lXxoVZQX6ttmUv2UuCNOdaRkkoqMY%253D&asb2=3bEw5wdjr3hG2VRitWCiz864FPoD3T3xQJTLor6BrprLyz1mPBDO3HCA36XElZEf
Коврик-трансформер пеленальный,690 ₽,7 отзывов,null,https://www.ozon.ru/product/kovrik-transformer-pelenalnyy-342430094/?asb=4ctF3Vr2ZEbriRrEFbQ%252BIWxyn%252BQzmsq3Kph2VP0Zi8PfFL3O8NDkiftTCR9WAkyK&asb2=SfcwG2FWBFwtgXpfJJ6UpObkH6imOvh5siIFwl-DTCUTKejVNVq1TtTiVMMAKL62-x-8UfU5vWFEVsWOcNwby0-8hwEqQf6u5ibtwapc0cDWJGf9FsJkVVha3GVHZnfxUf_DtJH-KO6Va85HBHpjAQ
Пеленальный коврик / Сумка для мам / Пеленка с собой,539 ₽,21 отзыв,null,https://www.ozon.ru/product/pelenalnyy-kovrik-sumka-dlya-mam-pelenka-s-soboy-295160040/?asb=GrEvpzyhMJ6jc965tJgkIXRE2GNRHLlbj2DjE%252BhMmS8%253D&asb2=yFQJOgpT9LEj9cjVV-UZlIoEllloP4PqSEe31oF9fiVQCJ63ap-xyxXW4JyY15HU
Рюкзак для молодых мам многофункциональный,759 ₽,3 отзыва,null,https://www.ozon.ru/product/ryukzak-dlya-molodyh-mam-mnogofunktsionalnyy-350482050/?asb=IpkhcEI3U5Di2EXIo5O7n%252FcrSv6HEW8y4xHc%252ByvurJNgLEH2ZfDG0RzJ85to%252BUUJ&asb2=i6loTd56eZyu7-kAbEQGt-XOW8xJdr3LkfPBe5CZQCM8pJHy3f-YHcU3D6MqubONmBn_wIkPk4sAvwvmWFSH7fLdujqPFn3tCHQF-xM4YOyKNPn6gj8Do4qiRK_ousNNa17u-PmfkL7Gj-CZr8FFFA
"Сумка для подгузников, сумка для мамы, сумка для мамы и малыша, органайзер для подгузников, сумка для бассейна, сумка для коляски, сумка для новорожденных, 27х28см",560 ₽,6 отзывов,null,https://www.ozon.ru/product/sumka-dlya-podguznikov-sumka-dlya-mamy-sumka-dlya-mamy-i-malysha-organayzer-dlya-podguznikov-389151722/?asb=8bsBhcrj8JJYq0kOTbaIjNEDgX5ljnN5FiagMyqlNlU%253D&asb2=7xbBOyIgerIZOhn9NJ_EEsNId_gMx9g7YSWRE-_QXB2KGcLBG5Udh9joM22eLjv9
Чехол для сумки в роддом,229 ₽,12 отзывов,null,https://www.ozon.ru/product/chehol-dlya-sumki-v-roddom-211195877/?asb=9fdzCL6VgwUO0WuGID%252FordCvvC51QPL3YCXVz58IP%252Bg%253D&asb2=e4-jUqqdRuwk4VezrQU-NntT-wnX37zUHp4hVZ59pwo2nOOOj6gkMZaPDONswE_i
