"Olivia сухой шампунь Hot play 200мл, чистые и красивые волосы за одну минуту большой объем недорого. сухой шампунь на дачу",227 ₽,18 отзывов,"Завтра доставит Ozon, продавец ПроХоум",https://www.ozon.ru/product/olivia-suhoy-shampun-hot-play-200ml-chistye-i-krasivye-volosy-za-odnu-minutu-544966382/?asb2=Pux8ikViodoFdO7qJPpmfBtT2Axo0KyLA3HPj4oo8ctCE55q2iVf_dhRJjwlQUne
"Olivia сухой шампунь Hot play 200мл, чистые и красивые волосы за одну минуту",227 ₽,2 отзыва,"9 мая доставит Ozon, продавец Barcelona",https://www.ozon.ru/product/olivia-suhoy-shampun-hot-play-200ml-chistye-i-krasivye-volosy-za-odnu-minutu-bolshoy-obem-nedorogo-570942666/?asb2=tztrMOFTQf-cuj7aFHRXXb856qzms6f7Ju6yGb3aOTC3FULDXaSzuk6SbQqO09VfD8A5-JoyRljjOkGSU_mNdw
Хеден Шолдерс шампунь для волос против перхоти Основной уход шампунь от перхоти уход за волосами 400 мл,296 ₽,18 отзывов,"Завтра доставит Ozon, продавец ИП Колмакова МВ",https://www.ozon.ru/product/heden-sholders-shampun-dlya-volos-protiv-perhoti-osnovnoy-uhod-shampun-ot-perhoti-uhod-za-volosami-550016340/?asb2=puaJIhesTZim1rETr0i9fNgkATZO3buxBWziXsu1qBxovjIlUqTg0WSTM3g70Y8T
Шампунь для волос Herbal Essences 400 мл Дикая Роза,360 ₽,73 отзыва,"Завтра доставит Ozon, продавец Ароматические свечи",https://www.ozon.ru/product/shampun-dlya-volos-herbal-essences-400-ml-dikaya-roza-295052292/?asb2=3CWEd37yZY72g6YjfzzsnTehbx8jAdgCju7OJC8R_r_wyG0UojCDUXFAbaWrO8-G
Herbal Essences Шампунь для волос 400 мл Ромашка и Алое Вера,360 ₽,55 отзывов,"Завтра доставит Ozon, продавец Ароматические свечи",https://www.ozon.ru/product/herbal-essences-shampun-dlya-volos-400-ml-romashka-i-aloe-vera-271899307/?asb2=sg5jAhGMQG72s15LkldTVrDzYiNtrMZSxaq4C-G3k0u8KX7Gp67_vWEovmEKdwcl
Рецепты бабушки Агафьи Бальзам для волос объем облепиховый Пышность и сияние 280 мл,95 ₽,157 отзывов,"Завтра доставит Ozon, продавец ООО ""Компания ""Аквакосметика""",https://www.ozon.ru/product/retsepty-babushki-agafi-balzam-dlya-volos-obem-oblepihovyy-pyshnost-i-siyanie-280-ml-224907156/?asb2=Q4EwQuaRTrVKEiCI9cbO8E4L_DCOqYgjlD_6IVnJpzDPUg3s4Ea0CsGnz7TU8cOk
"Mirrolla Ополаскиватель ""Малиновый уксус для волос"", блеск и гладкость волос, 300 мл",168 ₽,123 отзыва,"Завтра доставит Ozon, продавец Mirrolla",https://www.ozon.ru/product/mirrolla-opolaskivatel-malinovyy-uksus-dlya-volos-blesk-i-gladkost-volos-300-ml-380334570/?asb2=EqUJMd11EnQ97aBRewCqXngREu2EPfTntxjvzB3qpciM51Im403NJb4N9IjKk75w
L'Adeleide Бальзам-кондиционер с экстрактом кокоса БЕЗ SLS 250 мл,230 ₽,28 отзывов,"Завтра доставит Ozon, продавец ADELEIDE",https://www.ozon.ru/product/l-adeleide-balzam-konditsioner-s-ekstraktom-kokosa-bez-sls-250-ml-447241922/?asb2=ZyGGcAocisnjl_YchxVwcQv_c8hn6dkrgULGs6k0qCFpuIcwd6S6riqTifyUl-g_
"Шампунь и бальзам-ополаскиватель ""Ментол"" против перхоти 2в1 400 мл/шампунь хеден шолдерс/шампунь хеденшолдерс/ шампунь хеденшолдерс женский/шампунь хеден шолдерс ментол",296 ₽,21 отзыв,"Завтра доставит Ozon, продавец ИП Колмакова МВ",https://www.ozon.ru/product/shampun-i-balzam-opolaskivatel-mentol-protiv-perhoti-2v1-400-ml-shampun-heden-sholders-shampun-549950118/?asb2=yThslVDHIu226VK5S0LGkqvBJ2DyGNzQRnVcQWUzqIgCMmAlmF2o_4-ox3wT4ra_
"Magio Professional Молекулярное масло против выпадения волос, масло для роста волос, масло для волос несмываемое, натуральное, 100 мл.",284 ₽,138 отзывов,"Завтра доставит Ozon, продавец Magio Professional",https://www.ozon.ru/product/magio-professional-molekulyarnoe-maslo-protiv-vypadeniya-volos-maslo-dlya-rosta-volos-maslo-254816115/?asb2=3nG4B3ezvaqilFmRzKKyxJxXLl9S76R59uXj1VWOQOjNjY3cNDJosOjucOJusXva
"Пилинг для кожи головы Cleanliness and freshness, Glycolic acid 5% и Lactic acid 11%, Hair Line, 150 мл",306 ₽,8 отзывов,"Завтра доставит Ozon, продавец Rio Profi",https://www.ozon.ru/product/piling-dlya-kozhi-golovy-cleanliness-and-freshness-glycolic-acid-5-i-lactic-acid-11-hair-line-150-ml-540220456/?asb2=I2yow_kAJ_YZmGd3IKV-b2ewJBlcfwF-bw-W7qTnHnQJD1YvZ7zhp-GZ4_A8_hYS
BATISTE Шампунь для волос BATISTE CHERRY сухой 50 мл,224 ₽,151 отзыв,"Завтра доставит Ozon, продавец сеть ""Подружка""",https://www.ozon.ru/product/batiste-shampun-dlya-volos-batiste-cherry-suhoy-50-ml-358868827/?asb2=u4Y1Pv7Bamr7f9v5ah3iqjYe7tjMzOK1CTFUnwlKxnEG1r4RFq1j9r_OIc2H_gqu
"Sanosan Шампунь-пенка, 250мл",299 ₽,78 отзывов,"Завтра доставит Ozon, продавец ОЛТРИ",https://www.ozon.ru/product/sanosan-shampun-penka-250ml-209946316/?asb2=Sishk5-Ni8Sep6wjvpCS40H43Bjl595aEDOPMpZbVKOIirDPuacIQUw6uOhx4JYh_479qLNQe4my6qkvuNhAiA
"Leo Brickman / Восстанавливающее масло для волос 100мл , New York",249 ₽,72 отзыва,"Завтра доставит Ozon, продавец CosmoLab",https://www.ozon.ru/product/leo-brickman-vosstanavlivayushchee-maslo-dlya-volos-100ml-new-york-384713141/?asb2=fkzuNFLTrfZgZub--Mvss8axpX-uqhAeV43ki63991lBUhyM-8IYFi9G0elTxcwn
Касторовое масло 30мл,140 ₽,2 отзыва,"9 мая доставит Ozon, продавец ИНФОФАРМ",https://www.ozon.ru/product/kastorovoe-maslo-30ml-552238559/?asb2=mHN8LKYyK-hNJdFd7Qe5RZVEFG8V49-_ia_utJGi69-j3odFT1LjRaoGATqJUkigypBSLQEBWF7KtQ7nR9AcQg
"Твердый шампунь (мята и ромашка, для жирных волос и кожи головы) с натуральными маслами и экстрактами, 55гр. (расход 2 месяца)",293 ₽,38 отзывов,"Завтра доставит Ozon, продавец ONE ECO",https://www.ozon.ru/product/tverdyy-shampun-myata-i-romashka-dlya-zhirnyh-volos-i-kozhi-golovy-s-naturalnymi-maslami-553130696/?asb2=81SWmTADMJpnVzd2yK2e1IfFBTh_ZNva5cWVmUd_ZCdU7kv135ZaFyr2hit4GbN_zypJH1GLiJVrGZdYuNXNrg
Ла-Кри Шампунь-пенка для детей с 0 лет фл. 150мл,248 ₽,183 отзыва,"Завтра доставит Ozon, продавец ООО ""ПроАптека""",https://www.ozon.ru/product/la-kri-shampun-penka-dlya-detey-s-0-let-fl-150ml-305502971/?asb2=vHFORHhNoN1IA7_7T83JDCxmS821_jAUmlvJtDEYLRE_YcKnhCqQ6Zhw23RuXqAHF9BEc10hm8JlWrot7Wsr0g
"Head & Shoulders Шампунь, против выпадения волос 400мл",299 ₽,9 отзывов,"Завтра доставит Ozon, продавец Optima Shop",https://www.ozon.ru/product/head-shoulders-shampun-protiv-vypadeniya-volos-400ml-535517858/?asb2=Ot6xnWl9UkSkyjuCCFHt74_Qs21ZU11LPWX4dfJACTo6f-aMaVJiu_gXK3CdHsPrtmadtmnHoO-d5BtSTi3wXw
