"Сотейник Scovo, Алюминий, 24 см",779 ₽,127 отзывов,"Послезавтра доставит Ozon, продавец Ozon",https://www.ozon.ru/product/soteynik-scovo-alyuminiy-24-sm-253444046/?asb=wRRXOVh9NPtK%252B3ZMMSfHCaMukuXrTl6FU7WqDuJKZTI%253D&asb2=kbhowCcq9eSd7PSmzOTyzSk66ujympKtETNLrVcNUVJsG9tz236R1BnkSGI5rsEG
"Сотейник, Жаровня РАТАТУЙ ""Для кухни"", Нержавеющая сталь, 15 см",599 ₽,121 отзыв,"Послезавтра доставит Ozon, продавец Купить.ру",https://www.ozon.ru/product/soteynik-zharovnya-ratatuy-dlya-kuhni-nerzhaveyushchaya-stal-15-sm-229079850/?asb=HT7Qytj12ooklpI8k16q6sVgvorvkojvfYye0pkMvic%253D&asb2=zle8PWt2hb6ekp6VB8Fb0C-_gcwspUHok0JLReYp0rbeerQh7zmXd0H9lTcIdMtC
"Сотейник Galleon, Нержавеющая сталь",409 ₽,1 отзыв,"10 мая доставит Ozon, продавец Союз",https://www.ozon.ru/product/soteynik-galleon-nerzhaveyushchaya-stal-550247979/?asb=fdqmcf94V4dFm%252FrAA4dO%252FGPNWv1yGbTKdOQ2nBFSkUtlfbw%252F2rUV6e6%252F2SF8kW1i&asb2=mSjc2wh4zXOrLVYNp1dCQSlYeV8ZYgekjnM2rfNMt8RAnXOMX4M7TiGExte6giSCfTfFYv1w7sVDAtsfg7JVNULjVSpdCVvDZ7iNKoKiP8UDYhhgIBfvcbJn1iuu8bLHL1GWxveiE4UmewAG0Mh6wA
"Сотейник Мастерица, Алюминий, 24 см",530 ₽,40 отзывов,"6 мая доставит Ozon, продавец Ozon",https://www.ozon.ru/product/soteynik-masteritsa-s-antiprigarnym-pokrytiem-diametr-24-sm-140772955/?asb=WnezVGxTnXpqUDjAaNAdmxmStOChh5FfSCilQDUhxX0%253D&asb2=ThVKqfHvNKEnqnQ5k4yhU5hxD-yVDiK5sthwD2aQYvBKEvrWKzEQhNwHpf5srw0s
"Сотейник Scovo ""Scovо Expert"", Алюминий, 26 см",949 ₽,125 отзывов,"Послезавтра доставит Ozon, продавец Ozon",https://www.ozon.ru/product/soteynik-scovo-expert-s-kryshkoy-s-antiprigarnym-pokrytiem-diametr-26-sm-137730215/?asb=8j%252Fu07Fjuohyps9NPWXCAOWJjI%252BwXehaTf%252BaId2CYIs%253D&asb2=9nJaaU5WiF8X_DTyfEqiTqwmK88wHXNMx2WlIg0fM9l_wzsKtlQnjpm5dDq2l2bj
"Сотейник Home Element HE-1935, 24 см",196 ₽,19 отзывов,"Послезавтра доставит Ozon, продавец ООО ""Гранит""",https://www.ozon.ru/product/soteynik-home-element-he-1935-24-sm-223521436/?asb=oVvVl5CN77t111Ity5LMoYIeMBxmD0rla81y7FyteKWWPRW0MwHSTL4bDEinzb%252FF&asb2=VJZi1VzPGD1eieRHI9a8tzKP0StXp-4PzbJcX6wEEiu8D3iwPhW3xbG_beQjcb0KMwdSgoWadLJO-KtZYwGy9wvddCUodrWNDnmoW_tW2lrJ-Vp-o_NnvlAbEZRu_m6H_H28UVoljn499zBHdhyuXg
"Сотейник KALITVA, Пластик",697 ₽,54 отзыва,"Послезавтра доставит Ozon, продавец Ozon",https://www.ozon.ru/product/soteynik-kalitva-s-antiprigarnym-pokrytiem-diametr-24-sm-139504968/?asb=1XLEauaPTHwSUYpapcM6E4om4hdG1ycPUwlES7EMNuY%253D&asb2=h7G5M3u7vA-4CboG8SrNptuDPM_x6i9OIqJmc38bQyZ779mc3PbfzjtB0Lk-dFSY
"Сотейник из нержавеющей стали с ручкой для приготовления на плите Доляна, объем 900 мл, диаметр 15 см",634 ₽,3 отзыва,"7 мая доставит Ozon, продавец HOME STUFF",https://www.ozon.ru/product/soteynik-iz-nerzhaveyushchey-stali-s-ruchkoy-dlya-prigotovleniya-na-plite-dolyana-obem-900-510319363/?asb=NCkBFBpe3aufVPFk1FVTLJKr1ob0dk4kQ6LgI5mJ8OumzosNqz%252ByG6NMcGSSWtLL&asb2=RBXqfqV8XINp70EqRQvKNCWjakIs-u6B03TjPXlcBo4-jtoaGgur73WLvsS0e9L7xap6GXyLBMV0_2Xz0IVqON2TD4RMrNd0Q0dkriQY98VyMoeOAUwk6G1wkZDXmA20KhwT003ODhbQOYM61kWAdg
"Сотейник, Жаровня KALITVA, Алюминий, 24 см",452 ₽,6 отзывов,"10 мая доставит Ozon, продавец ГлавХоз",https://www.ozon.ru/product/soteynik-zharovnya-kalitva-alyuminiy-24-sm-508996684/?asb=UnxausPuXsCm3BK7VpupZFEHlBIGk2jVyO35CozuENE%253D&asb2=b90w9HVXBynZoI2LLxauoFMx2tU69sygm1T-SWkoUf9qTZ3LK-Y3knhC_nN4LmJQ
"Сотейник Scovo ""Scovо Expert"", Алюминий, 21,5 см",577 ₽,1 отзыв,"7 мая доставит Ozon, продавец Ozon",https://www.ozon.ru/product/soteynik-scovo-expert-s-antiprigarnym-pokrytiem-diametr-21-5-sm-137730210/?asb=XgdhvKy0YRV3t5rMH%252BfkqXGtfmNtF18NLbWi7vqWhuI%253D&asb2=w1o71zNwE15q3x3vW3Nh4H5RE7z8xWe9jRd_tNYidV_-WzzAedDHRpddeBuua8if
"Сотейник Flonal ""Black & Silver"", Алюминий",879 ₽,70 отзывов,"6 мая доставит Ozon, продавец Ozon",https://www.ozon.ru/product/soteynik-flonal-black-silver-s-teflonovym-pokrytiem-s-kryshkoy-diametr-24-sm-bs3243-21469596/?asb=8ZBuNtg82CyAbXMRFx97NvG0ZWqFflqNaexUFn1KJOA%253D&asb2=BThp88H2RSja6toPxiU8nXpJ90NGc4Of0D7pX4ylFDKtFRq8XUU04hsKywxZxhmd
"Сотейник ЭСТЕТ, Бакелит, 24 см",812 ₽,7 отзывов,"Послезавтра доставит Ozon, продавец ООО ""МТ. ОПТ""",https://www.ozon.ru/product/soteynik-estet-et-70459-so-steklyannoy-kryshkoy-24sm-184344164/?asb=2z41yNGYSwXqtzLa6gu52RMKKUaDcfwQ7WWMOZq%252BR%252B4%253D&asb2=3CBVF7-rX-n-Huz3KFjoLSyorPAdzxday9weWhFJsfVyxz86mvZ2QGKKK8zC7VCG
"Сотейник Scovo ""Scovо Expert"", Пластик, 24 см",790 ₽,2 отзыва,"Послезавтра доставит Ozon, продавец АО ""ТК ""Спецторг""",https://www.ozon.ru/product/soteynik-scovo-expert-s-antiprigarnym-pokrytiem-diametr-24-sm-160657274/?asb=60Hap636%252FtfY25qSg6OtTfJOwFrw8FuEycDDmpzzMKc%253D&asb2=gD8XFImn2Rk8VIKMAR8n78xR9oWct1u1OBup3EAVp-vekjNfYNzYoMpCJiOCZ_yj
"Сотейник Scovo ""Consul / Консул"", Алюминий, 24 см",669 ₽,62 отзыва,"Послезавтра доставит Ozon, продавец Ozon",https://www.ozon.ru/product/soteynik-scovo-consul-s-antiprigarnym-pokrytiem-diametr-24-sm-137730182/?asb=KhpOxutURqPGO29ZOXN8U0Wi5xL72dYxu%252BEN9vDlDlg%253D&asb2=T886a6JkPvwuhLQNohLArLv8BmJ9tbf1yN0qrZpCRH7cdo-XmHMNRlkf_raeNh6A
"Сотейник Iplate, Сталь, 28 см",990 ₽,6 отзывов,"8 мая доставит Ozon, продавец EUROLUX",https://www.ozon.ru/product/soteynik-iplate-stal-28-sm-181834687/?asb=fGVX9B2fMCm8uLpH%252ByfFWVBm3vU%252FP8783VyaT7I%252FgZQ%253D&asb2=zMzjnqwQC8vmkOB_S2fAHy3umhkHGQBP6BB0MHNiTN5yLHiTZ0aYHWk1_VTH5D63
"Сотейник LARA ""Promo"", Нержавеющая сталь, 16 см",1 048 ₽,1 отзыв,"10 мая доставит Ozon, продавец NEW WAVE",https://www.ozon.ru/product/soteynik-lara-promo-nerzhaveyushchaya-stal-16-sm-492132119/?asb=%252BFmuz1tcyz406nag0DzL1k9hzzLG5o11pYycsDKS5nQe3xz2a%252B8J0%252Fg81qDZ1aO9&asb2=EzW5Kq1WAsgrwafwlOf4P8OphilPUUXbyR_mjEAWExPViwaTyukHDMx2BmTKvGSKUYLU6iH0p-V0EMgAI5QTfB_Hj3G7Zfsm9VBukbRoHDmO1BsT_afUqrBm8eeprcJhOLXRasXnFCl9IukjDxVghQ
"Сотейник KALITVA ""Хит"", Алюминий, 24 см",609 ₽,22 отзыва,"8 мая доставит Ozon, продавец ТК ""АЛКО""",https://www.ozon.ru/product/soteynik-hit-24-sm-s-odnoy-ruchkoy-bez-kryshki-162868859/?asb=%252B%252Bo37KRd083OpNYXWSezFMFKeR3FwcYI1tpa3n4%252FCe4%253D&asb2=qihhpDKwZ3ROhRj-bnRUYL79v3DlrE1_7-X8Lck2TCDMKHiyoSWIu5-UgFxQ027c
"Сотейник Scovo ""Consul / Консул"", Алюминий, 26 см",850 ₽,6 отзывов,"Послезавтра доставит Ozon, продавец АО ""ТК ""Спецторг""",https://www.ozon.ru/product/soteynik-scovo-consul-s-antiprigarnym-pokrytiem-diametr-26-sm-rc-016-160657019/?asb=UE8ap%252BNuRU7t432HaFh%252BCndSGUCPCithqJ%252FFF3oI8CY%253D&asb2=VL7hsdoNGNE_Q75MpsXXNprcNZZDzBDYyLlHNDx0VK1tkq5oDHPIacDxF7F4Wwty
"Сотейник NaturePan, Алюминий, 24 см",851 ₽,5 отзывов,"8 мая доставит Ozon, продавец ООО «Бизнессервис»",https://www.ozon.ru/product/soteynik-naturepan-alyuminiy-24-sm-179627710/?asb=xuzfkjw7MPEYy68x5qAomJd1NXfe8EXcj6DxilzvW8s%253D&asb2=wS2hV9DhvVQJYEtbBg-rU4veppfUDqUgZvZdF-NxUQdrqoRurlbPLWVRi7qJ1uNK
"Сотейник Мастерица, Алюминий, 26 см",786 ₽,9 отзывов,"6 мая доставит Ozon, продавец Ozon",https://www.ozon.ru/product/soteynik-masteritsa-s-antiprigarnym-pokrytiem-s-dvumya-ruchkami-diametr-26-sm-140772956/?asb=TvnakY8KnHRSppOF0kdyfwSJ276UBdTtnrR3diQhcw8%253D&asb2=gr-nKsuCC3MzPfxCUrYbPqw8cD07puCoNDztvC5pZKw2H5BA_WY9Ju1lNq-qDV79
"Сотейник ILSA, Нержавеющая сталь, 7 см",999 ₽,5 отзывов,"7 мая доставит Ozon, продавец Комплекс-Бар Home",https://www.ozon.ru/product/soteynik-ilsa-nerzhaveyushchaya-stal-7-sm-194434175/?asb=RHMJT7hVce7Zr05pQYQM5jsrx1xYvIzKw4DfuFQbw0A%253D&asb2=b4PMJ2QjpA6mmZRX1SS7Q3QJrXPVFm_Ei5n00Iggq3oBXQ6G5izW6eCvN37qGosF
"Сотейник Посуда Центр, Алюминий, 26 см",799 ₽,27 отзывов,"8 мая доставит Ozon, продавец Посуда Центр",https://www.ozon.ru/product/soteynik-posuda-tsentr-alyuminiy-26-sm-316647163/?asb=6sJc7SZj7tgNUlz7opisSbDtGzXmyXB1nbLnh6jl6m0%253D&asb2=mY6uaYToINh_ACe3ke2v6ri1dm46VP1Jga0z7T7EyTmyXvHmRs591bnQ8j2VNh11
"Сотейник KALITVA, Алюминий, 24 см",949 ₽,6 отзывов,"8 мая доставит Ozon, продавец Официальный магазин KALITVA",https://www.ozon.ru/product/soteynik-kalitva-alyuminiy-24-sm-212863184/?asb=Dh677byijDfhOmuf5%252B8JUaf0K9bvevVh%252FBFX0bMx6Bk%253D&asb2=0RZSUm-d16CAHjjidCqBNn0ZTxSqOpGzRfVKpz72yOLfnCxnYVQ6DUZLOVVdpyir
"Сотейник Scovo ""Consul / Консул"", Алюминий, 24 см",790 ₽,3 отзыва,"Послезавтра доставит Ozon, продавец АО ""ТК ""Спецторг""",https://www.ozon.ru/product/soteynik-scovo-consul-s-antiprigarnym-pokrytiem-diametr-24-sm-160657039/?asb=semzFJXfsDX%252B6pcY6u852zSbf%252F%252Bqe%252BVhxlPQXVrgSmw%253D&asb2=Fpg5xbWHOHDyrotRq9u64yTdkPmUaWm_Yqedth_RVfw85rxxTw_RPTXKEvZ43s-c
"Сотейник KALITVA, Алюминий, 24 см",950 ₽,24 отзыва,"8 мая доставит Ozon, продавец Официальный магазин KALITVA",https://www.ozon.ru/product/soteynik-kalitva-alyuminiy-24-sm-212596563/?asb=DGkMIylJUxbJkC8w%252FoUIUxBmREQsQYyGnR8dEa5d9LM%253D&asb2=FSh3b3K4ezYt7ogjTx0nitBQ2JfDCf3D2xLGeVz548BT4yRfIsxjWFmz3pQNtLKU
"Сотейник, Нержавеющая сталь",973 ₽,2 отзыва,"7 мая доставит Ozon, продавец Easy shopping",https://www.ozon.ru/product/soteynik-nerzhaveyushchaya-stal-442861401/?asb=NCGXTXtttzOGyX15ryW%252FTLdU7sVOLGZPekr5%252BGn3xWhQ7yePJM011HTY2%252FqEUvSU&asb2=xtA8t13WggqfdlTxbP42CykK1uGtuLfeNvvf8kU9h3x9rMjCpDFEL7FEL3hu6DXQ6-3Zl7l6lUfwhLGFpDS7t6RyaknhaTe2WvuPFFSAyNWD2PtLHCBVv2Npfsl3laVGe1aYOePE1z5lNgdp7l7PmA
"Сотейник Scovo ""Scovo Discovery"", Алюминий, 24 см",989 ₽,8 отзывов,"Послезавтра доставит Ozon, продавец Ozon",https://www.ozon.ru/product/soteynik-scovo-discovery-s-antiprigarnym-pokrytiem-so-semnoy-ruchkoy-diametr-24-sm-33356066/?asb=IxepwilhfK%252FJVEwBXfNYB777QslyudafG3%252BC%252FWmPVF0%253D&asb2=8C7mEoQIyTD5KHJCq8j2mv6Ct6MQ8ybg96-DqPkuC1V1_NW7CkrPpoTjgx6_ZtAh
"Сотейник Vari ""Bistro (Vari)"", Алюминий, 22 см",770 ₽,1 отзыв,"11 мая доставит Ozon, продавец KIT СOZY HOME",https://www.ozon.ru/product/soteynik-vari-bistro-vari-alyuminiy-22-sm-471312106/?asb=objpHjdZVFD1oEBNcnMXN0Ctqroijm2BegqAr4tKlMA%253D&asb2=Xsg3ILUOeFUZwhVeAlgptzfw9h6U3fxM6G1CZEp5iI5xqgWsa61ZUaFJ0m8Sy09G
"Сотейник Белая Калитва, Алюминий, 24 см",964 ₽,1 отзыв,"9 мая доставит Ozon, продавец Posuda63.ru Посуда 63",https://www.ozon.ru/product/soteynik-belaya-kalitva-alyuminiy-24-sm-532453464/?asb=3BBp3AVnb7QfPDsHW%252BOXCxH32Su9CCypIaOqHqRiYCB2xPTHH%252BTpvH4KumgDR%252B85&asb2=vSihAHUG747YLtFFwC4r9d1wU_jrImIfdQJlvjo6fu38ZWtFcI4TNqYpbSy6BtYFcFdIRFJ3QJTvS5b1-YlqXA1-W8PXAPe6Yk30w4NNa_6mYdS-OtH4O1oVw5qh9wKbigL4uIyM2-7nvZkNArRkbw
"Сотейник ProMarket, Нержавеющая сталь, 15 см",898 ₽,2 отзыва,"9 мая доставит Ozon, продавец ProMarket",https://www.ozon.ru/product/soteynik-promarket-nerzhaveyushchaya-stal-15-sm-268287706/?asb=WPqMYRhQe8B8ZREx%252Fcdw3K9CEpkD2wVPS%252Ftq4%252B%252FpwGE%253D&asb2=peew38vJu71iSMoAAE1MJv1htvJPbBDyuCq2HfX_v5wVXF1koO0m1sagL_hKurgc
"Сотейник KALITVA, Алюминий, 26 см",879 ₽,4 отзыва,"8 мая доставит Ozon, продавец Официальный магазин KALITVA",https://www.ozon.ru/product/soteynik-kalitva-alyuminiy-26-sm-222017221/?asb=OtbvlhwvOiVfq7ZOY0b7bnYov2gnId7IGxtzXrZ%252BprY%253D&asb2=LwuDSkMiStQTHoCb0d1J4l3Lp7lzHoUhzHzzGQ9pAt6VxNstv5QsZJUej9b4ERbn
"Сотейник Flonal ""Black & Silver"", Алюминий, 22 см",905 ₽,1 отзыв,"7 мая доставит Ozon, продавец ИП Тимарбаев Илья Владимирович",https://www.ozon.ru/product/soteynik-flonal-black-silver-bs3221-s-teflonovym-pokrytiem-diametr-22-sm-162593000/?asb=eeEvkvP9rcB7riUgkSFJWe%252BD7PHHqQhEqN1uRBuZwJw%253D&asb2=X3LdMvvomfwO0J0HbP2u__O408BSGfDWvsAfmEdNxPCDptVg_VI3PJ0g_ZZufmDD
"Сотейник Мастерица, Алюминий, 28 см",853 ₽,1 отзыв,"7 мая доставит Ozon, продавец ИП Тимарбаев Илья Владимирович",https://www.ozon.ru/product/soteynik-tm-masteritsa-46692814-28sm-2-ruchki-169499412/?asb=WrlW8T%252BqgeP5jZuP50ng9sa6v0OghhlOm0PUIfA%252F6tk%253D&asb2=d_NvCx3FxmTQhTC_BRCC_25nGogpbSAVJHBefHXeH6f1vdHa-etieABIjDGMftzQ
"Сотейник KALITVA, Алюминий, 24 см",950 ₽,5 отзывов,"8 мая доставит Ozon, продавец Официальный магазин KALITVA",https://www.ozon.ru/product/soteynik-kalitva-alyuminiy-24-sm-222016551/?asb=Qx6G6blqsvrDQdRxFEmK%252BkshDiamQFYYSd2zB3tT2p8%253D&asb2=nHSTFn17fO69lY6o6vND5EzZ6IU1-bX0nushhlk782VXRVmSYvxc2CA9_S1RpMXH
"Сотейник Мастерица, Алюминий, 26 см",829 ₽,4 отзыва,"7 мая доставит Ozon, продавец ИП Тимарбаев Илья Владимирович",https://www.ozon.ru/product/soteynik-masteritsa-s-antiprigarnym-pokrytiem-s-dvumya-ruchkami-diametr-26-sm-162599105/?asb=LBFdpeJUybXeHIsVS1Af0GdD3G6gctbBAkagP1d0A20%253D&asb2=1lXHvE8mGpwF0JefP3NAHJ_ZE84gxpQEE1NzZ0KYIEhaYCbkiZJOYBFShmwUav92
"Сотейник KALITVA, Алюминиевый сплав, 26 см",860 ₽,1 отзыв,"8 мая доставит Ozon, продавец ТК ""АЛКО""",https://www.ozon.ru/product/soteynik-kalitva-alyuminievyy-splav-26-sm-322469306/?asb=IsoFTAaRodDiQ1WkndwFRQ74EaEJjOqni29j%252FSVXK1E%253D&asb2=3dD5wXhdnMHCPg61wV0Ajvx_OyEbs8mCaPFJ0-QWOiDHj00rU1fjyEtSEa89OCHZ
"Сотейник KALITVA, Алюминий, 24 см",884 ₽,3 отзыва,"8 мая доставит Ozon, продавец Официальный магазин KALITVA",https://www.ozon.ru/product/soteynik-kalitva-alyuminiy-24-sm-222036877/?asb=jAqQJ6CdOjdQcp6XgfEAEvhCnyknImnX4MXCZjFAUdg%253D&asb2=KNiJBEJ4zBpTuYBGNSWaeE2ENHOiCBVebHV8i9qs99ec7bPQ0Nia15vSLrrhWDmm
"Сотейник HOUSE & GARDEN, Пластик",815 ₽,1 отзыв,"12 мая доставит Ozon, продавец Полекс",https://www.ozon.ru/product/soteynik-house-garden-plastik-395115172/?asb=EvGY5AHxEQzzAFxLNz0rq6dznGlMJfoLaZ7%252F60Xg2bc%253D&asb2=VnNRLYA6fiH_pJgmlag81I69oih48uo47PxxyjNr8P3A6xK8bU0jRskSHAf4txYq
"Жаровня, Сотейник My home KN ""Новинка"", Алюминий, 24 см",968 ₽,2 отзыва,"10 мая доставит Ozon, продавец Buy me",https://www.ozon.ru/product/zharovnya-soteynik-my-home-kn-novinka-alyuminiy-24-sm-529733251/?asb=b%252F%252B66GOTom97GYka8WUfg2lrumXEg4lfOSmarzK2GtIMEUiYyRPyYID2octd9Zy9&asb2=o1CGA2OOE-ENBhN2C3HaYBxyrFmdhRal4T6Cz-hDEYRh_M562NgTDZUsXn4bO9LatQ__wgPvaaoI63cG0Goo5GODrM1xNHD6yg51EPxc0_XyQJyOPaPI6Di3EkRKweO3oFilDQP7k0zXzc-nFG5glg
"Сотейник Мастерица, Алюминий, 24 см",689 ₽,3 отзыва,"7 мая доставит Ozon, продавец ИП Тимарбаев Илья Владимирович",https://www.ozon.ru/product/soteynik-masteritsa-s-antiprigarnym-pokrytiem-diametr-24-sm-162599103/?asb=HXxFY2GVK0wX4wvET5JC9N7tfRux4%252FKY6HVEIfORE8A%253D&asb2=hOwdxb0zaM1pOxqc7_atKhVpssjaIGWWvKLUsHAA8wat2qldbeK_8HP3eq6Z1okN
"Сотейник KALITVA, Алюминиевый сплав, 24 см",740 ₽,1 отзыв,"8 мая доставит Ozon, продавец ТК ""АЛКО""",https://www.ozon.ru/product/soteynik-kalitva-alyuminievyy-splav-24-sm-322312245/?asb=XRSl3C5UMOQZ%252B9pVUADGDxcLpuvKiukSg7z7zVdDHVA%253D&asb2=IXuL5jDRJuE-pwC6dy3zcRXSXGJDzStR36M9SFZiyyq-T1GyNKZO5R0B88GFJw5u
"Сотейник KALITVA, Алюминий, 24 см",833 ₽,7 отзывов,"8 мая доставит Ozon, продавец Официальный магазин KALITVA",https://www.ozon.ru/product/soteynik-kalitva-alyuminiy-24-sm-222034277/?asb=eX%252BKEm%252FowW%252BZyQGFPKv9DeomMPTT0cY%252BTBsjAaZ17zo%253D&asb2=TtUd3Sl0-G8LRCJySesxKjRVML6q0DPy9k_4cV5xs25yM076omBXI7xRIYO1B3QG
"Сотейник KALITVA, Алюминий, 26 см",988 ₽,1 отзыв,"8 мая доставит Ozon, продавец Официальный магазин KALITVA",https://www.ozon.ru/product/soteynik-kalitva-alyuminiy-26-sm-222039494/?asb=%252FAptSCz%252FJOveuOtUm0DW7rtdrB0%252FWRCg2VVa%252BuUKafw%253D&asb2=mpNcs5Mvonb0SsR94_t7VMTBEeoAOPKabBiFY8kWbSIlZWsagTwL_CU2iIcNxj-z
"Сотейник KALITVA, Алюминий, 24 см",863 ₽,1 отзыв,"8 мая доставит Ozon, продавец Официальный магазин KALITVA",https://www.ozon.ru/product/soteynik-kalitva-alyuminiy-24-sm-212874993/?asb=UVdd7QHNPLT8hyKz7IrUO2cz1nLB487sefptdLT%252BAbU%253D&asb2=qXdsoeASedbbgbBpobYtk3QWltuqHRC-We8mAXaris2OE4OCVch2AT9Jbfnz1raW
"Сотейник KALITVA, Алюминий, 24 см",863 ₽,6 отзывов,"8 мая доставит Ozon, продавец Официальный магазин KALITVA",https://www.ozon.ru/product/soteynik-kalitva-alyuminiy-24-sm-212467372/?asb=7djKWZU3%252BxoQJYNKPEciNdaAUJ%252Fr6BP76kXzHCdqbIQ%253D&asb2=n4OyLIGBxWAT4gUYvT7LM6Fp-rCDrxKNlsqx3g2CrYeCyiLhK08_Njc_Vkhp4DmE
