Тренчик 22 мм (2 шт) без фиксатора универсальный для ремешков 22 мм Garmin Samsung Amazfit Huawei Fossil Fitbit силиконовое кольцо держатель фиксатор,490 ₽,1 отзыв,"Послезавтра доставит Ozon, продавец GPSKARTA",https://www.ozon.ru/product/trenchik-22-mm-2-sht-bez-fiksatora-universalnyy-dlya-remeshkov-22-mm-garmin-samsung-amazfit-huawei-494760588/?asb=iPy4Xd8OTwhs6UsNCC0hhFsWnQVl1%252B6yLro5dG7CJpM%253D&asb2=HKN-DiAb_NVezOcQTCy-2a6K3tZQN8o_h2HBS3Nl7HMCDqd8WY4_KLOASfFMeUOh
Фитнес-браслет М6 розовый/смарт браслет/смарт часы/умные часы детские/часы для детей/часы для спорта/фитнес часы,716 ₽,34 отзыва,"7 мая доставит Ozon, продавец Вектор Трейд",https://www.ozon.ru/product/fitnes-braslet-m6-rozovyy-smart-braslet-smart-chasy-umnye-chasy-detskie-chasy-dlya-detey-chasy-545045014/?asb=mpUTKQZKY8DGWTQaaNeT%252F1a%252FiRld0ztIIEq2LxUrFUpdoC3fRBzVhoudWoRLMw58&asb2=cS4_bq2q0ttCZovxBTAH-YeIjbtzU2ZeHFbOjsLW1hPIMzyBxorNCvgmfBorUCClHcE6LVCuaDnfsqosq8cK_6i8qKcex4I44YDe8ZC5GAA28VbsWoQO7nhZt0YCHcNxwKEjd-JB2cHhrb5MXVD2Ng
Фитнес-браслет М6 черный/смарт браслет/смарт часы/умные часы детские/часы для детей/часы для спорта/фитнес часы,716 ₽,34 отзыва,"7 мая доставит Ozon, продавец Вектор Трейд",https://www.ozon.ru/product/fitnes-braslet-m6-chernyy-smart-braslet-smart-chasy-umnye-chasy-detskie-chasy-dlya-detey-chasy-373395407/?asb=9WKqom5CSTZ87huOoted1ABf%252BEIYniJJuUuJSRfg%252BhMD%252B%252FN%252B1piuBc2%252BaOC%252BfgVA&asb2=A34SC91KZnGbRPiosdQDLiRxw6wLCxZUDn1fGsfCXVagTw5QG5xfJQxt_J9nCCEBqxIDrczSr8cGxRg4k-ShFyOwLYv8LVteJNGuzwjg2DWGM2yHgLBTGggb05MLT3vS
Фитнес-браслет М6 синий/смарт браслет/смарт часы/умные часы детские/часы для детей/часы для спорта/фитнес часы,706 ₽,34 отзыва,"7 мая доставит Ozon, продавец Вектор Трейд",https://www.ozon.ru/product/fitnes-braslet-m6-siniy-smart-braslet-smart-chasy-umnye-chasy-detskie-chasy-dlya-detey-chasy-409409350/?asb=%252F0NcfoK4g6KgESAdU08lPtkCax0iFr65URgUeXB58ogbl0grrmUmv1Z%252FUIFTHwdc&asb2=nuILzshTNZhyyXOEE0R95RdeK8yCQv4-KR-YgrrLrxP3Ul3WwWZbkRGuJIlMTwvrGBrk6EjZtfQR3gIO0v7aW3E4utGEUnd5uZDlg9S27KsZcRCi-LxhFvQJJj7v2_V01vwdhoglfqiMnntniExBrA
"Спортивные часы Good Run sport, цвет черный",1 050 ₽,2 отзыва,"Послезавтра доставит Ozon, продавец Good Run",https://www.ozon.ru/product/sportivnye-chasy-good-run-sport-tsvet-chernyy-554600798/?asb=hMc%252FMsIeUOG70dvlFKx0oMLhG4k9i6v2FhZuD0mdOqhHX6PWktZgcDKlxSJBpD7A&asb2=7DHR8B0xWxVIIYvTvVDkmN0zG4XvWqrZA9duz690iFzxTo5voHh4viOnqHqvxYdD4TnBAcPbmCTvbe4w1DyirvtiUEJEnq7XTTv40m_0UDMMYcaiPdpjz-J4svBA3dDcZXgGINSvEkmndScU3UEcgg
Тренчик 22 мм с фиксатором для ремешков Garmin Fenix 5 / 6 / 7 QuickFit силиконовое кольцо держатель фиксатор шлевка ремешка гармин,450 ₽,1 отзыв,"Послезавтра доставит Ozon, продавец GPSKARTA",https://www.ozon.ru/product/trenchik-22-mm-s-fiksatorom-dlya-remeshkov-garmin-fenix-5-6-7-quickfit-silikonovoe-koltso-derzhatel-508584738/?asb=an8wqfPQehBuFpdM83DQG3noXhqHClP9plE05instjQ%253D&asb2=aun7ph79K6ZoZClchsKfF1ffAdyQ8ikfhfvFHCqOAx82gFTJKTRpOfydFR_E3kSV
Нейлоновый ремешок для Coros Pace 2,690 ₽,4 отзыва,"Завтра доставит Ozon, продавец Геоидея",https://www.ozon.ru/product/neylonovyy-remeshok-dlya-coros-pace-2-473213292/?asb=cp%252BFHKQTDD9BNw5NLJnxSKxhnPpy%252Bvqa%252FJdqTbjsyNQ%253D&asb2=jfW9_f4MA5Ikk1446vnTBOJS9q1GON9Z2ylEZTsrXEwNWlIyr4ZGCZbCuQlEZBAX
"Спортивные часы SennixWell CCW0615, цвет черный",179 ₽,2 отзыва,"7 мая доставит Ozon, продавец Sennix",https://www.ozon.ru/product/sportivnye-chasy-sennixwell-ccw0615-tsvet-chernyy-396876438/?asb=%252BF%252F07V007%252BiAAATrh49azF%252Bykjtq0ggL30MmVqDSIw7JeMOCt%252BJ0fmyTWKwQc8KJ&asb2=6k4j0tnsxvX1y1Sqq0ljF4XQOQufyORw9uqjmNezT2T17xPf-WX09AMriiFmLWnGhQPTr28uGP75BxwkXdOCXhp--DSTJYXKkz0evL9yoaiZzxT0nir1UJUMW9qGd8dc
Силиконовый ремешок для APPLE WATCH 42/44 желтый,299 ₽,23 отзыва,"Завтра доставит Ozon, продавец Soff-market",https://www.ozon.ru/product/silikonovyy-remeshok-dlya-apple-watch-42-44-zheltyy-192685646/?asb=vtpZ9oWgraG4%252FU9FSinivbUGrxnTaHMeH4wi714BmXRFPnb4VNGh2o8qmPrNfMeN&asb2=_9QWkNSEJxsqGccnmBtgbQdrXbPDxqgsW8G5Dkibf_ZJ41p5jPvdnmz_gRIuE06vzgTJRwpuYEe-JCBZkbCNzaclgtGSf-Wd9_opjwVtNqyMs7mZ6gsRemAkJVE5O7A7G704PtV8UiKJrIgn5sFFpw
"Силиконовый ремешок для фитнес-браслета Xiaomi Mi Band 3, Band 4/Силиконовый браслет для Ми Бенд 3/4",149 ₽,51 отзыв,"Завтра доставит Ozon, продавец Mojem",https://www.ozon.ru/product/silikonovyy-remeshok-dlya-fitnes-brasleta-xiaomi-mi-band-3-band-4-silikonovyy-braslet-dlya-mi-bend-320287737/?asb=iqCkrMdthnrhPR7wYcdvYjSQe26lCmbLIFVBXZ8iF30%253D&asb2=r524DIJ51RIP2w4LQLyfZvQrMlt3UkHJhmJIapsYRoG4B5WbCRUknglduPWcarY-
"часы наручные кварцевые Skmei 1992 спортивные, водостойкие(5 Атм), отображение числа, месяца и дня недели, будильник, таймер, секундомер, подсветка",914 ₽,1 отзыв,"9 мая доставит Ozon, продавец PL Company",https://www.ozon.ru/product/chasy-naruchnye-kvartsevye-skmei-1992-sportivnye-vodostoykie-5-atm-otobrazhenie-chisla-mesyatsa-i-467329338/?asb=DI4HUkM9kluCxbtnSvv7yKWtBn7JObw1WJOqAw1HRp8XP5xFQQyi9J%252B0shPrXD9x&asb2=KxEY8zwq3_VwU8FVkA_5YFnf0hu1QtmPF-5rj2D2F4yBlCcnWolwAzxImYDKzUU2Qlj0de4QBkpPJ9t7XG15hXvjL0-riiceBOg_6usfGezkhl9Blvrp7tMh4IxbmgOcNw4W422nYIsldr5HLPiwIg
"Спортивные часы 2835332, цвет черный",999 ₽,59 отзывов,"7 мая доставит Ozon, продавец Decathlon",https://www.ozon.ru/product/sportivnye-chasy-2835332-tsvet-chernyy-172946390/?asb=XgQ2oAQIM3OkxVu1zc8SjRTkzbmv1bk2tib4ZcDQYh0%253D&asb2=ZUO_Ypgv7fOH6W2sFU94hxIHFmscTHJ7KIT7A4iOl7xRIoRR0yLyQ9a2A2fHybH4
"Спортивные часы M6, цвет черный",876 ₽,2 отзыва,"7 мая доставит Ozon, продавец Esthetic Shop",https://www.ozon.ru/product/sportivnye-chasy-m6-tsvet-chernyy-479799037/?asb=viXFy5Lq6JjSP0NcC3g66GWWXAGNG9g9bkCLL33f51I%253D&asb2=kTRljXBpQ1-HLc9KdDIVTjycTTi84-aWF_QgLXG_DlHGGudh4JwYCy3IpNv0OGyV
Силиконовый спортивный ремешок для APPLE WATCH 42/44 (кислотный розовый),299 ₽,4 отзыва,"Завтра доставит Ozon, продавец Soff-market",https://www.ozon.ru/product/silikonovyy-sportivnyy-remeshok-dlya-apple-watch-42-44-kislotnyy-rozovyy-192447791/?asb=QlTKrmA9pKCv%252Fcd4Kn1u81V%252BV5vI7eLPC2V%252BrD1F8jFzFmND9Y7YgGNwY4Oc%252Buoq&asb2=7VipKuAe0MFvPk0IoOikG1uiD9cJ4P1jxy03dptHqLrwMoxEKMXCy_Id7qUF812R4ZPopRpUWh26_5uPlLnoC1JAiKb1HWgNIHJwqAgFUHka8XYlZCi0znzIKlwQont_uS8Sia7LJH2KXKOrzOZ5cw
"Спортивные часы Хаки, цвет темно-зеленый",750 ₽,2 отзыва,"7 мая доставит Ozon, продавец Grand Logistics",https://www.ozon.ru/product/sportivnye-chasy-haki-tsvet-temno-zelenyy-435596834/?asb=%252BD5H07v3HDM9Q2GCX1gjzeptHqbZVFN7K6%252FhjV30FKU%253D&asb2=VcVIYWLmrhjSqjpDodRq768mqLIOy6gvmoduHPNACQtfAPmomv3ouy0rYVoKcD7L
"Браслет для часов черный, подходит для W500s и A300s DECATHLON",399 ₽,1 отзыв,"7 мая доставит Ozon, продавец Decathlon",https://www.ozon.ru/product/braslet-dlya-chasov-chernyy-podhodit-dlya-w500s-i-a300s-decathlon-172803686/?asb=lX%252F%252Bu3AF1Vx12kNdxEyrhDpLVnVJe9UELtvOOiu%252BUGA%253D&asb2=hgQ0tYMBeqtKQ7hi6vREmldXRTQOd21Lkh34-3LQZAzTYTUQ-CugFNX7Aep--S1Z
"Ремешок для часов Apple Watch 38/40/41мм, размер M, силиконовый, баклажановый",264 ₽,21 отзыв,"Завтра доставит Ozon, продавец ИП Мухин А.В.",https://www.ozon.ru/product/remeshok-dlya-chasov-apple-watch-38-40-41mm-razmer-m-silikonovyy-baklazhanovyy-481698119/?asb=6zruwRaLYJJDDHiqB9XEjKFwVjyg%252BvfB1ir0Jz35%252BRBboHN8q0wF1lpCw53biicY&asb2=jPqI6-t6S84D5aiyKD5j0kkM4wCcI2rXCHTTJcRPgO7yKLimzt0f3jVMggy2muStmW1jXFnLhOz7zSOOzzLan8gbar47JzKG1b5ORijdw8bPo1rAf2VquzgoUZhuotpANeYiJaawyjzzLrYRqF5IWw
"Ремешок для часов Apple Watch 38/40/41мм, размер S, силиконовый, тёмно-зелёный",285 ₽,21 отзыв,"Завтра доставит Ozon, продавец ИП Мухин А.В.",https://www.ozon.ru/product/remeshok-dlya-chasov-apple-watch-38-40-41mm-razmer-s-silikonovyy-temno-zelenyy-481859888/?asb=1xxTFt1GkABSgccgb6JfDgDhMNmH8p%252Bxqy%252FHMP275j%252Bggvc8fYahkV20j540ADR9&asb2=PlfwDSTHPVmglbTH2caLuSq_Dg2hsf1IjP0usGG2UQ_iEv0dYUK7Z0m43MAZOEeI2_f0dKxoDNFl0v18T-nWI9gp-fFR4dCnnsH3zBtS6NhGLUAvGA2g6fKyq6OalX5oVcln-41wtCIc36B7F0Ei1g
"Спортивные часы M6, цвет черный",920 ₽,23 отзыва,"9 мая доставит Ozon, продавец Miru-mir",https://www.ozon.ru/product/sportivnye-chasy-m6-tsvet-chernyy-468716892/?asb=jYUoIjSnpDz%252FJWjbr6aP3CaSDZjk9qLzfzgqw88snZ4%253D&asb2=_1jXGIu5kj8r3DT3GlUlml0Ipbfl0J1frtAGljtb9e2tQr_0SMqomkcRWTebeojX
"Ремешок для часов Apple Watch 38/40/41мм, размер M, силиконовый, манго",285 ₽,21 отзыв,"Завтра доставит Ozon, продавец ИП Мухин А.В.",https://www.ozon.ru/product/remeshok-dlya-chasov-apple-watch-38-40-41mm-razmer-m-silikonovyy-mango-483674312/?asb=WE4fCGvUGI%252FrKdrP7oQBrkXUxuosF3hj8e3a0Aze1EE%253D&asb2=8s5zUNUs4gcNwITpzpMyn7HasLjKK7BDUzcfq93P2lZioTRuQwCGM1MNGnY5-w0a
Спортивные часы iTaiTek IT-882,465 ₽,1 отзыв,"9 мая доставит Ozon, продавец ТК СУВОРОВ",https://www.ozon.ru/product/sportivnye-chasy-itaitek-it-882-389195328/?asb=Nk%252B4XvMiTGLChDwoLuNFMH5igX0blCNYDevhBW7unXk%253D&asb2=hRNrdVfHdgvax_KQfpmmUTcv8_0PT9wi0xRaWqGJu597W7KPteMS266C3okjdpTO
Силиконовый тренчик (шлевка) для ремешка смарт-часов шириной 20 мм. (3 шт),492 ₽,15 отзывов,"7 мая доставит Ozon, продавец Clickmi",https://www.ozon.ru/product/silikonovyy-trenchik-shlevka-dlya-remeshka-smart-chasov-shirinoy-20-mm-3-sht-340591775/?asb=9sD5dU9VDjOF1Fz%252FckcZ%252F%252FZ5QgldvRSY1j%252FaruiTlao%253D&asb2=2rZY88XTyH4-6YawB5cBLlO4YbdMhgpqKor3eUZ7TAJPS6KAcfO1bfDxEG7KCVMc
"Спортивные часы SKMEI Часы наручные мужские, женские, детские водонепроницаемые, электронные, ударопрочные. 1758, цвет синий, бронза",990 ₽,1 отзыв,"Завтра доставит Ozon, продавец Rayhan",https://www.ozon.ru/product/sportivnye-chasy-skmei-chasy-naruchnye-muzhskie-zhenskie-detskie-vodonepronitsaemye-458677172/?asb=bsNYZzvfqkwvFVvx1mvZyOL2sgyAlxvZWuxZDVXD8uk%253D&asb2=zUWMt62BDucnBY6RTKwA-_egtLCkAdVXjaW6kgZwN9w3B_XxjvI-HJ_4s1LmkIAz
"Ремешок для часов Apple Watch 42/44/45мм, размер M, силиконовый, светло-розовый",241 ₽,5 отзывов,"Завтра доставит Ozon, продавец ИП Мухин А.В.",https://www.ozon.ru/product/remeshok-dlya-chasov-apple-watch-42-44-45mm-razmer-m-silikonovyy-svetlo-rozovyy-483717376/?asb=oaUrbRQ9Bw5WPmSlD8gnxblG5%252FWthA0c%252BA3o%252FZVe2cFTsy4yhqgMB2b9mRovX9mH&asb2=6Z7XJPfQMA7SKiUI7SZPFi5AoIwFxAPQbRJJkQYueLR9bbY1GqNxpSV7Cf6cZLutec743UrxCjElv_q4GhoTrGD1Wg_WPFXuLD_uVZd8BX4JTxnE66Pj7kuVo5-UeT387RgbnrKExGivBLxLMMdW1w
"Спортивные часы D26094, цвет хаки",790 ₽,1 отзыв,"7 мая доставит Ozon, продавец Shopogolic2021",https://www.ozon.ru/product/sportivnye-chasy-d26094-tsvet-haki-475997116/?asb=mMjIloDPDpV66DeHb4KkIYIP2xUtLL7qVMoIhP3wkX8%253D&asb2=7y1AFWpxLsmcMTjmRbO6b2Cu-iA78lnBJaEYGo85iZlmvFa989IclSr8nqkclBue
"Спортивные часы 4097106, цвет черный",999 ₽,23 отзыва,"7 мая доставит Ozon, продавец Decathlon",https://www.ozon.ru/product/sportivnye-chasy-4097106-tsvet-chernyy-172946391/?asb=CjScbyVZdJc9axkwwwhwYbpGufvF1YH%252Bfeq8kfbWTEE%253D&asb2=hg0AG84EpH7b4xhA5Px6sKlZ5ZLkMsJgtEHrhf1FoZCVyn69hxFvtyomauU7U9EK
Нейлоновый ремешок для Coros Pace 2,690 ₽,4 отзыва,"Завтра доставит Ozon, продавец Геоидея",https://www.ozon.ru/product/neylonovyy-remeshok-dlya-coros-pace-2-473225569/?asb=IlZ5vTxPEpJ817jT0bh7zLZDtoO2zNC%252FQHVQ2Z5OHnw%253D&asb2=DKP7Kgn6Vo8dMfGoyoUtJR2oxe89RtRVhxPYrPXYT8jQNQKxg5XhnuFAYwq7mFpm
Ремешок силиконовый для Apple Watch (Эпл Вотч) 42-44mm черный,279 ₽,35 отзывов,"Завтра доставит Ozon, продавец BP Global",https://www.ozon.ru/product/remeshok-silikonovyy-dlya-apple-watch-epl-votch-42-44mm-chernyy-206122643/?asb=keUr%252BICWiuGrjhP7XdjMKXf3sgtaBmJo1WEE4rzYDqJHjs7pvfT%252FTkBMwxzvvlc4&asb2=SM9wY0y4En8GgFeLh6lGLf4w01ExJ_O6_pE4paAzlaSirS4yz1NpXlKoDqk7lD64Rq3f_bDB8eAybJrCQtRVf9StbgkzlRiAgtEJxFG2TSaaSiNLhqVTbaBhGQMBvUgs0I2_Yp2kNOshnKf6VpORcQ
"Спортивные часы M5, цвет черный",1 147 ₽,2 отзыва,"9 мая доставит Ozon, продавец Miru-mir",https://www.ozon.ru/product/sportivnye-chasy-m5-tsvet-chernyy-472608134/?asb=AZ%252FtlZ5eP8qn%252B9nJ9XzqMR%252FBBt%252F13nibos958m%252BdrkY%253D&asb2=LXEc4H5FrTLfw_KFQtICBFvha2OCPFSTEZK9D3PfrAd6KdrnUZYd58UPnPmF3pUO
Силиконовый тренчик (шлевка) для ремешка смарт-часов шириной 22 мм. (3 шт),492 ₽,19 отзывов,"7 мая доставит Ozon, продавец Clickmi",https://www.ozon.ru/product/silikonovyy-trenchik-shlevka-dlya-remeshka-smart-chasov-shirinoy-22-mm-3-sht-340954738/?asb=%252BDHeEGreaTbWouSQt8ksmyJvIirBUVo7L6E06H2ZnFg%253D&asb2=UKLSQ_VIc2rI7HEZG9UaKryjDOvbsKmafu4ieELaLmCKrUyM01cA-0OFMYCj0NdH
Силиконовый тренчик (шлевка) для ремешка смарт-часов шириной 18 мм. (3 шт),492 ₽,4 отзыва,"7 мая доставит Ozon, продавец Clickmi",https://www.ozon.ru/product/silikonovyy-trenchik-shlevka-dlya-remeshka-smart-chasov-shirinoy-18-mm-3-sht-339886257/?asb=pKp9HUJESMxSraFOMe6kNL9epbTUASPC%252BdLneE%252F1n78%253D&asb2=xkjHrwnUaxNvAoAYS0TdVC9H4g0wnrwt_-DdRXWx7xrdVQ9mKYaZT5VfS3CI1GO_
"Ремешок для спортивных часов IM-KCH004-18, цвет черный",650 ₽,2 отзыва,"8 мая доставит Ozon, продавец EE-Store",https://www.ozon.ru/product/kauchukovyy-remeshok-18-mm-im-kch004-18-dlya-chasov-167330020/?asb=y0biAw9u1VUUAeuCUq3ck83OVlVwh94dEnCjshe0Iis%253D&asb2=Pa5BGQK-YEF60cQHYCqUv4p1-fwJm0Wwv7_w3qTU0QHKlxfDHoBkHG9qRcy7kkGv
Спортивные часы 56г,361 ₽,1 отзыв,"Послезавтра доставит Ozon, продавец Proshka House",https://www.ozon.ru/product/sportivnye-chasy-56g-522921435/?asb=%252F%252Br92QbulmQdAuf2wC5Ku%252BEv%252B4Wi0glT4EctHju%252FMGk%253D&asb2=pX9AYBUJ_QCTGZAB84jocNY6O17wP74Jp0CcENM7ivavF4QcYny4KyYycrPDmtwR
"Спортивные часы Duckstor унисекс, цвет черно-серый",367 ₽,17 отзывов,"8 мая доставит Ozon, продавец OverGIFT_WATCH",https://www.ozon.ru/product/sportivnye-chasy-duckstor-uniseks-tsvet-cherno-seryy-317854388/?asb=KBRgWjOrHiLgw3Xm3HU%252Ft%252B1cY2wCzxIW6ueqeyyA7TU%253D&asb2=xccON-3esMd_3SDUoGXezMMZFAljub6Y7pIAObKl-UzJ7U4SHnrXLTbtzyH-L0oH
Ремешок для часов Casio GA-110GD-120GA-100GA-100C,673 ₽,9 отзывов,Из-за рубежа доставит продавец CBTX GLOBAL,https://www.ozon.ru/product/remeshok-dlya-chasov-casio-ga-110gd-120ga-100ga-100c-261569779/?asb=zLtIyauUfVMXj%252BavlKNu5UUCP4X4iV%252FXTsscsRVKu3w%253D&asb2=CVurkM98p5853RxNMwQXjwCi8G93AFzkQ5_d1OQev59D7eFVipiGI52pTnsE3E-M
"Спортивные часы Duckstor унисекс, цвет розовый",249 ₽,17 отзывов,"Завтра доставит Ozon, продавец OverGIFT_WATCH",https://www.ozon.ru/product/sportivnye-chasy-duckstor-uniseks-tsvet-rozovyy-317970866/?asb=SKU7VH%252B1BgwYko72q4M1OZSgIFlPIOFGAI51SbGPZxQ%253D&asb2=UJfWYzwCgK5f1qC0FJE8jD1YGsW45W54fPPnfkfLVFIa3u3kDRWEZkJ7orb8H-R2
Металлический ремешок на магнитной застежке миланская петля 22мм черный,456 ₽,2 отзыва,"7 мая доставит Ozon, продавец Chestnostore",https://www.ozon.ru/product/metallicheskiy-remeshok-na-magnitnoy-zastezhke-milanskaya-petlya-22mm-chernyy-410427776/?asb=B48G0QvuTkcTsdwQNgmF0MjKTjGKE34qOdkN0QZCuOc%253D&asb2=DPZW5c1Ktx1RhMAHelbyYixHfxMQrwSqF42oRKjgezknkAGcH-htrdXQCkteePYW
Силиконовый тренчик (шлевка) для ремешка смарт-часов шириной 20 мм. (3 шт),492 ₽,15 отзывов,"7 мая доставит Ozon, продавец Clickmi",https://www.ozon.ru/product/silikonovyy-trenchik-shlevka-dlya-remeshka-smart-chasov-shirinoy-20-mm-3-sht-340598792/?asb=wdd%252FuJp6z6PDY6IwBSRojIenozE8XIHrFzQiuWG0qx4%253D&asb2=xjU2VG9SNpKHYVnysy9sL51eYZgvsOFZM1DfF4tmN-Se6ohPphHWhMExv6Bsiheo
Спортивные часы Кальмар,190 ₽,1 отзыв,"7 мая доставит Ozon, продавец Онлайн Форт",https://www.ozon.ru/product/sportivnye-chasy-kalmar-465227748/?asb=Q6FMKncAubhFV5jvFsqB6tPoZzNNMGeHpGjXcSPgOg8%253D&asb2=tFZa0pvaJM90An-lQ6F5xbEcERPbop5brq7BkU67gun6aaN_dpLOA6AA_0yGqUGj
"Ремешок для часов Apple Watch 42/44/45мм, размер M, силиконовый, тёмно-зелёный",308 ₽,5 отзывов,"11 мая доставит Ozon, продавец ИП Мухин А.В.",https://www.ozon.ru/product/remeshok-dlya-chasov-apple-watch-42-44-45mm-razmer-m-silikonovyy-temno-zelenyy-483684611/?asb=YLTdglI69yQZASHgVUQqsEiT98zCAhuG%252FUjpNSQqnzA%253D&asb2=rLh0nVKMplu2FF4-hLxJsZE-U6IIJm5yHYNivFp-JqsbpVI5WzlnSS-jiCBoCLS-
"Спортивные часы Duckstor унисекс, цвет фуксия",299 ₽,17 отзывов,"Завтра доставит Ozon, продавец OverGIFT_WATCH",https://www.ozon.ru/product/sportivnye-chasy-duckstor-uniseks-tsvet-fuksiya-317748393/?asb=UQxExkUGbF9CD3QHwjm1EIP8HmKWnoJG8v%252BiwbqwwJo%253D&asb2=2gAZ_9VMSnMPq89H3M4ZPg_TQqFfZJbO0FRcRMCMmactKVDfboNy-rlRBmlPSl_U
"Спортивные часы Autozs AZS000321, цвет черный",909 ₽,4 отзыва,"9 мая доставит Ozon, продавец Autozs.ru",https://www.ozon.ru/product/sportivnye-chasy-autozs-azs000321-tsvet-chernyy-239544822/?asb=f8BkzIPBv1%252BuJblnrCoPFvAQ3FQOtowdwuYHBIS09lg%253D&asb2=-bpLeXCLbNju9AgmLQTCzw7jv6OrFDlWgP6Vb_cDfO2xpWxvueqD0rb6QUGwbr_v
"Спортивные часы Duckstor унисекс, цвет розовый",249 ₽,17 отзывов,"Завтра доставит Ozon, продавец OverGIFT_WATCH",https://www.ozon.ru/product/sportivnye-chasy-duckstor-uniseks-tsvet-rozovyy-317792863/?asb=N4ymmlxTnaetID342ZEAwjPj4F7SEKH%252BNXaE9mB6Xzk%253D&asb2=VaO-1mfXxZhyJo0S8-eQf_Z4wIlossqYixU1_ljST1NTEvkpQ_JxJq3EaT78ptQz
Спортивные часы LIN4628,623 ₽,1 отзыв,Из-за рубежа доставит продавец jinyuanti,https://www.ozon.ru/product/sportivnye-chasy-lin4628-436328976/?asb=kls9V24NZOUzQZEes3y6ItQc%252BprUmiGGj4JnNk71np0%253D&asb2=2cjaGhPfsiOToqbCCk83Wo0g8wvfppQJKEiCYIJ_YPYqwn8CmRVsMHiBdYBBKjd6
Ремешок-удлинитель для подводных часов SARGAN ВЕКТОР 100М,901 ₽,4 отзыва,"7 мая доставит Ozon, продавец Diskus",https://www.ozon.ru/product/remeshok-udlinitel-dlya-podvodnyh-chasov-sargan-vektor-100m-308750071/?asb=HoTwC%252FlC0dIeLRdU6UiJnM9DTDsyB6S6gnQx8oRV66o%253D&asb2=eahe8nqnXjGZws8jmGIwg7AYwgk587OjC9QKf5Ab9_pa85OZ1Rcty9gZESLert2A
"Ремешок для часов Apple Watch 38/40/41мм, размер M, силиконовый, чёрный",308 ₽,21 отзыв,"11 мая доставит Ozon, продавец ИП Мухин А.В.",https://www.ozon.ru/product/remeshok-dlya-chasov-apple-watch-38-40-41mm-razmer-m-silikonovyy-chernyy-481912389/?asb=Fjm1kXK4HYHMtMjYHOKbfsEepasFtLzO61uzb2xp6vg%253D&asb2=TbSROoBSrlKiojD-E9_UeYloGyXhyarclsM-BKPzrsb0-h1FWhlNCybgMVPctsNV
Металлический ремешок на магнитной застежке миланская петля 20мм черный,456 ₽,4 отзыва,"7 мая доставит Ozon, продавец Chestnostore",https://www.ozon.ru/product/metallicheskiy-remeshok-na-magnitnoy-zastezhke-milanskaya-petlya-20mm-chernyy-410271143/?asb=jlm6yreWQZmG8jbkwBxs3CEV3Udt9z5l1yzlbivmNs0%253D&asb2=EbYbSyvqh6I84R81A3vgSyQl3vGAs3RIiQ1q6Wn50_mfhmxf7X-ZincEZiHYHHfA
Силиконовый тренчик (шлевка) для ремешка фитнес браслета Honor Band 3 / 4 / 5 / 5i / 6 (3 шт),492 ₽,35 отзывов,"7 мая доставит Ozon, продавец Clickmi",https://www.ozon.ru/product/silikonovyy-trenchik-shlevka-dlya-remeshka-fitnes-brasleta-honor-band-3-4-5-5i-6-3-sht-355253959/?asb=R%252BzvKaLcttJW2RwpgCeLHSZhzJ3VyGh0nmLE3wM2MEs%253D&asb2=pl4H_4nQe9CnbAWJkybIiBxmZ8aLDzbgUR372RqAs-gB5cKMJEXug7ZleKlxYZbm
Силиконовый тренчик (шлевка) для ремешка смарт-часов шириной 20 мм. (3 шт),492 ₽,15 отзывов,"7 мая доставит Ozon, продавец Clickmi",https://www.ozon.ru/product/silikonovyy-trenchik-shlevka-dlya-remeshka-smart-chasov-shirinoy-20-mm-3-sht-340609637/?asb=cJDHPjJ5MBZEvHH%252Foz%252BB%252FULOyUZ7bi1yPOTp25Xzau0%253D&asb2=WMi5sBL0xFmH_lSJxEVlduh8vc2QM6T0z0JO7S-WWiZe3-CVxWbncJlmhy-NMt6e
"Ремешок для часов Apple Watch 38/40/41мм, размер M, силиконовый, красный",308 ₽,21 отзыв,"11 мая доставит Ozon, продавец ИП Мухин А.В.",https://www.ozon.ru/product/remeshok-dlya-chasov-apple-watch-38-40-41mm-razmer-m-silikonovyy-krasnyy-483674185/?asb=IQb73kx2L6NJINBK28Z2QPty%252BOBM9BlSnxarR1xy7Fc%253D&asb2=bZCGQPZ8QHukZHIGx-AL1pX9MS-Dywl5qZsW-v6IsGsrgFdO27kfxtog1r1_Hei4
"Ремешок для часов Apple Watch 38/40/41мм, размер M, силиконовый, кислотно-розовый",308 ₽,1 отзыв,"11 мая доставит Ozon, продавец ИП Мухин А.В.",https://www.ozon.ru/product/remeshok-dlya-chasov-apple-watch-38-40-41mm-razmer-m-silikonovyy-kislotno-rozovyy-515289413/?asb=xNZl4tsuLx3KITd6ovEQIfSY5Q9iWjOnx9%252F9ZCLnbY0%253D&asb2=25nobtNUFs1KU4lNg9mah9etwH0eoD85j9FjG2qx5uKvvLhFxWg-x2gp_Ghz550V
"Ремешок для спортивных часов IM-KCH009-24, цвет черный",650 ₽,1 отзыв,"8 мая доставит Ozon, продавец EE-Store",https://www.ozon.ru/product/kauchukovyy-remeshok-24-mm-im-kch009-24-dlya-chasov-167330028/?asb=r3vr%252FB4z6GzzUqZfPUoTMXbCfez%252Bvzuan6Zmru28ETU%253D&asb2=e68ht-WCUeRzn7G0tdFXnfGd-HMJfZgT2wcayFpGrInC7BOsLPHTfw4oqY3pdGNx
Силиконовый ремешок Jetson для Apple Watch 38/40 Оранжевый,199 ₽,1 отзыв,"Завтра доставит Ozon, продавец addsales",https://www.ozon.ru/product/silikonovyy-remeshok-jetson-dlya-apple-watch-38-40-oranzhevyy-280835671/?asb=lwt0FBbSf60vKkIsB%252BUGtESUSEoTBwLPoBr%252F1F3lVY4%253D&asb2=npuqZcT03jfB-FJQoaArY5NL5uN_1yvC7_1bil0tLT-NABlKjiBksLo7Eyt5LsXy
"Спортивные часы SANDA 01 391, цвет белый",818 ₽,2 отзыва,"9 мая доставит Ozon, продавец Time96",https://www.ozon.ru/product/sportivnye-chasy-sanda-01-391-tsvet-belyy-241076027/?asb=Jl%252FwqlF8b5RpG5qAHJIzzLwVXK90RWtFt6gGUJwyOno%253D&asb2=dyCKVrruRLM8PlDwqR18QKsCAWw-LYaFu3pxAUMAeCVBCFxX0tzU7mCDtJWBsmS_
"Ремешок для часов Apple Watch 42/44/45мм, размер M, силиконовый, манго",285 ₽,5 отзывов,"Завтра доставит Ozon, продавец ИП Мухин А.В.",https://www.ozon.ru/product/remeshok-dlya-chasov-apple-watch-42-44-45mm-razmer-m-silikonovyy-mango-483691018/?asb=iORKKF%252B3%252FRfj4hceYmOgoZZRBkao3JM7wmTShM%252BOJ6CtToZDGwbESKr1CeAdy4Aq&asb2=eEPNZFzWPtbIAIW9-4wX5vGVgp63j57RplLdAi1kekQ0OdzlWz4KXiPjAj903tZU2pR92bHFS9-U66T-Yycrk-a2myVYDGn5ZhyzJRpujS3TMHUWJfD_nG9QiFXlqQIOV46KmtBTw6U2PhNetmh8Lw
Спортивные часы iTaiTek IT-662N.,620 ₽,1 отзыв,"8 мая доставит Ozon, продавец Радиоприемники",https://www.ozon.ru/product/sportivnye-chasy-itaitek-it-662n-433302367/?asb=djZpJYgIRdlfu0Plodye4D3mzTYcpqiDU6ZHguwOcCI%253D&asb2=EBUTDfVA5-oBcPtCuL2XQGlhEF-GEtQiuQXRtQreTjmo6OB7aI-NhX2RPUz8FPm0
"Спортивные часы Часы Спидометр с LED подсветкой, цвет серебристый, черный",929 ₽,2 отзыва,13 мая доставит продавец HANAT,https://www.ozon.ru/product/sportivnye-chasy-chasy-spidometr-s-led-podsvetkoy-tsvet-serebristyy-chernyy-291903677/?asb=2ydubZ3XGBBZzdQIhaTlq6D%252Bpa8QZ0ftNjbiJup704U%253D&asb2=ImfNT0Ig86A2p831LL1W_8EJ6iffUUzo7JK5PneKMuOJynLhXupdHdGr5VktK1l6
"Силиконовый ремешок для фитнес-браслета Xiaomi Mi Band 3, Band 4/Силиконовый браслет для Ми Бенд 3/4",149 ₽,51 отзыв,"Завтра доставит Ozon, продавец Mojem",https://www.ozon.ru/product/silikonovyy-remeshok-dlya-fitnes-brasleta-xiaomi-mi-band-3-band-4-silikonovyy-braslet-dlya-mi-bend-320286494/?asb=PM8Wz4NyByGb23REGuU150wnMPU8VzNH%252FJ2ICE6otdM%253D&asb2=T3XxjA9LaFWQuoL3ZzQnP6Bv4NlxYe3EqjR2LJy5yjRVP6xyLYzghyhknbyIn3j0
Силиконовый тренчик (шлевка) для ремешка фитнес браслета Honor Band 3 / 4 / 5 / 5i / 6 (3 шт),492 ₽,35 отзывов,"7 мая доставит Ozon, продавец Clickmi",https://www.ozon.ru/product/silikonovyy-trenchik-shlevka-dlya-remeshka-fitnes-brasleta-honor-band-3-4-5-5i-6-3-sht-303035271/?asb=zTj9Igr46VjOQfQGIRfoS%252B40Gt3TmZIIhFGL9r6Rbio%253D&asb2=vqFSHytrPBFQloqEXS6IavkRwFsl6-S_xAY3Cd9a70vD0Ms-lQ2T99CkOmS6Syz3
Силиконовый тренчик (шлевка) для ремешка смарт-часов шириной 20 мм. (3 шт),492 ₽,15 отзывов,"7 мая доставит Ozon, продавец Clickmi",https://www.ozon.ru/product/silikonovyy-trenchik-shlevka-dlya-remeshka-smart-chasov-shirinoy-20-mm-3-sht-340598788/?asb=S%252FUMlW3EgXg7B3mcUOYOHD1cugtd2cmOX4ZrxAccVfE%253D&asb2=62ahvju_EwnWhi7R-h1-dsWoaPrVwY2XrscAVUNxKJ-sxh-GZIfGxzJ8P4iR6aNk
Силиконовый тренчик (шлевка) для ремешка смарт-часов шириной 22 мм. (3 шт),492 ₽,19 отзывов,"7 мая доставит Ozon, продавец Clickmi",https://www.ozon.ru/product/silikonovyy-trenchik-shlevka-dlya-remeshka-smart-chasov-shirinoy-22-mm-3-sht-340953801/?asb=bFh640KfqaibWf0fjSvNQYcjsSl3DfSQLN7DiLjSwOg%253D&asb2=p1nSX2UWBLId4oNjGFm76KUyFSQO1UG2L3zEzemRke326J0TRhRvewVYuOVNqUlk
"Ремешок для часов Apple Watch 38/40/41мм, размер M, силиконовый, сиреневый",285 ₽,21 отзыв,"Завтра доставит Ozon, продавец ИП Мухин А.В.",https://www.ozon.ru/product/remeshok-dlya-chasov-apple-watch-38-40-41mm-razmer-m-silikonovyy-sirenevyy-481708357/?asb=3nbzHuVr7vxXKqp8IriJ5kHz2MHxnaSFlinCzs0aBB91rpdg4jbfm0O7P3Y5mAbr&asb2=-CrESdzwvWKyHlkenYXOk-gqF2XyNlWVBlhN_qZQ-drZmS3zgNIMy9sroe296R9nUKX-zV9pNuFYyoLB_akB5nhHS-gqDFWhRIJAMHl-RcDb_LC24y70l8olQweUlcjY9EaO7Xs1QwdZcz53cQACLA
Спортивные часы Bessky GM00000866809,873 ₽,1 отзыв,Из-за рубежа доставит продавец CBTX GLOBAL,https://www.ozon.ru/product/sportivnye-chasy-bessky-gm00000866809-269491706/?asb=ZpE1FW6Uc9FAtusDMlu%252BCOiQDmMKHZbFAqKlikShy6Q%253D&asb2=4tk89LP99_UuO12SeYQl_MU_FGzTLw_Q8sdTIg0lxEUOOoqHWB_3MoXH43D0bJS5
"Спортивные часы Bessky GM00000867054, цвет черный",863 ₽,1 отзыв,Из-за рубежа доставит продавец CBTX GLOBAL,https://www.ozon.ru/product/sportivnye-chasy-bessky-gm00000867054-tsvet-chernyy-269506561/?asb=SFH7mg3%252BqH88KBTOq7i0UJgXNeYFlVQzO6JJWlTF0oU%253D&asb2=eQz9lzrvYNHnHuF8yTK-Tv2VaDPkzqzqymnC3CrAdxC0nzBZuvkuiXjA6odRwAhD
Металлический ремешок на магнитной застежке миланская петля 20мм серебристый,456 ₽,4 отзыва,"7 мая доставит Ozon, продавец Chestnostore",https://www.ozon.ru/product/metallicheskiy-remeshok-na-magnitnoy-zastezhke-milanskaya-petlya-20mm-serebristyy-410280360/?asb=%252FDT0BbFTZNMH4V4Jzy13rGs1h4pDkVc24Ma5o%252BKigI8%253D&asb2=El0N434X0sK8nsKj2k2CGHPFLo8HURhjQh3dlh6SK_jd_0MCElm37cew8K1h3OuL
"Спортивные часы ionomo L18, цвет светло-розовый",959 ₽,4 отзыва,Из-за рубежа доставит продавец AFTERSHOKZ,https://www.ozon.ru/product/sportivnye-chasy-ionomo-l18-tsvet-svetlo-rozovyy-302859930/?asb=bXPsTwWOvXn1okmqKlNNcq6HQcjX9dp%252FOYOc39zdg20%253D&asb2=eBQNHecIL17JvYiMX9zc61m5zGCOqp5wLKaQnVayjUrEaYWABv3CIcf1vD3g7ORn
Силиконовый тренчик (шлевка) для ремешка смарт-часов шириной 22 мм. (3 шт),492 ₽,19 отзывов,"7 мая доставит Ozon, продавец Clickmi",https://www.ozon.ru/product/silikonovyy-trenchik-shlevka-dlya-remeshka-smart-chasov-shirinoy-22-mm-3-sht-340945152/?asb=FjAYt1AbTivZdJQRyHrKfjgH2WLOUTIsms5O%252B1JNRcc%253D&asb2=oZZk78YfKnyUdU_SHN1HqOPAVjJAeRH3KRorUnU4seH6LWE1rqXr1vaqtfV9t-U-
"Силиконовый ремешок для фитнес-браслета Xiaomi Mi Band 3, Band 4/Силиконовый браслет для Ми Бенд 3/4",149 ₽,51 отзыв,"Завтра доставит Ozon, продавец Mojem",https://www.ozon.ru/product/silikonovyy-remeshok-dlya-fitnes-brasleta-xiaomi-mi-band-3-band-4-silikonovyy-braslet-dlya-mi-bend-320287686/?asb=IyZPf8Spl6O0XSl32dWGYvybIGSt1Z2eaGmQKNqhgQg%253D&asb2=9J15_jcxvJGq-nhRZoc4--RVy8jGanqOjnu1NEZs0CSs7-V2tnjUukJbtQfg5_MB
"Ремешок для спортивных часов IM-KCH0014-22, цвет черный",650 ₽,2 отзыва,"8 мая доставит Ozon, продавец EE-Store",https://www.ozon.ru/product/kauchukovyy-remeshok-22-mm-im-kch0014-22-dlya-chasov-167330013/?asb=TCsYaodbcVFZc5WEwqs%252B72rJkGJrLZhjhIGRehi8UPQ%253D&asb2=raZTA8_fhJdwqAwaBpCF0mbiMMpHMsl8sJeLfxKQwZ2RHJL-cuEThJWLJTbjwahO
Металлический ремешок на магнитной застежке миланская петля 22мм серебристый,456 ₽,2 отзыва,"7 мая доставит Ozon, продавец Chestnostore",https://www.ozon.ru/product/metallicheskiy-remeshok-na-magnitnoy-zastezhke-milanskaya-petlya-22mm-serebristyy-410460389/?asb=Tyhj4TXgoMqPh88UF0FrHl6nis3l89hsD0iYoiV3jBo%253D&asb2=osRYw1ABlgM_01cS_pLxRy860FCCuH-jQDvkDZDTIMdc2xjqJnIoCzBvESaspKK1
"Ремешок для спортивных часов IM-KCHKLIP002-22, цвет черный",950 ₽,3 отзыва,"8 мая доставит Ozon, продавец EE-Store",https://www.ozon.ru/product/kauchukovyy-remeshok-22-mm-s-klipsoy-im-kchklip002-22-dlya-chasov-167330034/?asb=m4ZJXJz%252B%252FYrBFmxlKZ427vRx6jnbGq6MI1KUewpheWc%253D&asb2=gGmzgGGCEjL--heViuBySnmdqeKuComujyI_xsiW4X0P5uYcxpvWZT4G9weCdggO
"Ремешок для часов Apple Watch 42/44/45мм, размер M, силиконовый, кислотно-розовый",308 ₽,5 отзывов,"11 мая доставит Ozon, продавец ИП Мухин А.В.",https://www.ozon.ru/product/remeshok-dlya-chasov-apple-watch-42-44-45mm-razmer-m-silikonovyy-kislotno-rozovyy-483675754/?asb=d0kx6qdvbwS8OSNgY8USOeSvAcKUWJomUlpRqdFwdF4%253D&asb2=sxqSj6NELGTREtkIeL_Kh5ps0zbOpVsOQ0L-cOvtEWbnb8PF0qBoOzYpeH0xoPwB
"Спортивные часы SANDA 01 2009, цвет зеленый, прозрачный",1 022 ₽,4 отзыва,"9 мая доставит Ozon, продавец Time96",https://www.ozon.ru/product/sportivnye-chasy-sanda-01-2009-tsvet-zelenyy-prozrachnyy-412983451/?asb=c9em52%252F1bjW%252FJv29FAednWZBd3HEvIz7t8Zaw8MqPyo%253D&asb2=rmnTWlWgJEv90QUyh2KugKAzAMv7skeiCd7QZuFX6v-vO0-O3onu5fxz0hkkIFGt
Спортивные часы GOB2C,721 ₽,1 отзыв,Из-за рубежа доставит продавец CBTX GLOBAL,https://www.ozon.ru/product/sportivnye-chasy-gob2c-242663709/?asb=DiQyJlt33Qo09FT5JopwYpPeXS1b%252FD5iC%252FazVaBp7Oc%253D&asb2=O-ECEA_iNEixRj9GyBnErorJaXVMUh6KQN-uu_ZfYuV818jqgaRitrsPMIw_gjjI
Каучуковый ремешок темно-синий 22 мм IM-SILSIN01-22 для часов,808 ₽,1 отзыв,"8 мая доставит Ozon, продавец EE-Store",https://www.ozon.ru/product/kauchukovyy-remeshok-temno-siniy-22-mm-im-silsin01-22-dlya-chasov-167330094/?asb=IMKU%252FPkhXSpIzEXupCliix0nITACrVxx8q3RcdOU0ps%253D&asb2=pA0k4yOjl-xzWjGS0OVian1sLPf2tikvVVcFgX4C3QmELhR66oJtRtWR2_13gWk1
"Ремешок для спортивных часов IM-KCHPKOR0032-26, цвет черный",950 ₽,1 отзыв,"8 мая доставит Ozon, продавец EE-Store",https://www.ozon.ru/product/kauchukovyy-remeshok-pod-korpus-26-mm-im-kchpkor0032-26-dlya-chasov-167330058/?asb=yaWcA%252BlC9sU21GulLlDd3qpLFb8BfkGToyR5vh421aA%253D&asb2=WF_yv55Gp4-Sqxzrpjr5pkwU6ofpmZ4A5d2ekm4ivex2RX-KFC6_srUtCyTKI-Mh
"Ремешок для часов Apple Watch 38/40/41мм, размер M, силиконовый, ярко-зелёный",308 ₽,21 отзыв,"11 мая доставит Ozon, продавец ИП Мухин А.В.",https://www.ozon.ru/product/remeshok-dlya-chasov-apple-watch-38-40-41mm-razmer-m-silikonovyy-yarko-zelenyy-482780313/?asb=uDIYHNqeSy%252B%252FGjOF%252FkX1PzGQ2Ojv65f431%252BeiLYO6sM%253D&asb2=xE1uRfdtznEIj_REYgurMg8OyiUpnCda0R0rljqH80Hemm-imZmGPAn2BoNvSSz2
"Ремешок для спортивных часов IM-KCH0027-24, цвет черный",650 ₽,1 отзыв,"8 мая доставит Ozon, продавец EE-Store",https://www.ozon.ru/product/kauchukovyy-remeshok-24-mm-im-kch0027-24-dlya-chasov-167330018/?asb=A2R%252FPcprjRwObzAaRdgj%252B4kCf%252B4o9nzrhar9hwxnMUg%253D&asb2=ozCG4I4SfUfpNkwsKWA7xTDUbSzJZbMQIx-ZNgpAGftDA7riQ6W7D47RxCJBa_R6
Спортивные часы GM00000866809,873 ₽,2 отзыва,Из-за рубежа доставит продавец CBTX GLOBAL,https://www.ozon.ru/product/sportivnye-chasy-gm00000866809-269492470/?asb=dE5K1IDIkz9KBucthN6A6ZpSsbGHHxmYOaJRYW7K%252BEY%253D&asb2=uNpOEF5RfrbFC3BLDyFYyHQ2NDrWDvkX12vrHCX0sx6gCMlBQO6IT4kwO-vXdR2s
"Ремешок для спортивных часов IM-KCHKLIP004-20, цвет черный",950 ₽,1 отзыв,"8 мая доставит Ozon, продавец EE-Store",https://www.ozon.ru/product/kauchukovyy-remeshok-20-mm-s-klipsoy-im-kchklip004-20-dlya-chasov-167330036/?asb=AzRK9vx5KOFcS6G1YSatWNrEgUFbQiNJouDtNqxF3IY%253D&asb2=C8gv4Yb-0dSTXDh25XmAVvQdGkrzoweD9ljHc6t1jDCk2KmDr30pk9emkecJeJCd
"Ремешок для спортивных часов IM-SILBERU02-22, цвет бирюзовый",850 ₽,1 отзыв,"8 мая доставит Ozon, продавец EE-Store",https://www.ozon.ru/product/kauchukovyy-remeshok-biryuzovyy-22-mm-im-silberu02-22-dlya-chasov-167330077/?asb=KOAksmwJ5kukz%252FuPRtRjOBBHL9EQdGk%252FOE17y7vU1hs%253D&asb2=BKM1FfQMvF2MmdnggbkjQP4v5wvcf4tV8uC-2A2OGAaPo3ell11JRJRvSPKVEHep
Силиконовый тренчик (шлевка) для ремешка смарт-часов шириной 22 мм. (3 шт),492 ₽,19 отзывов,"7 мая доставит Ozon, продавец Clickmi",https://www.ozon.ru/product/silikonovyy-trenchik-shlevka-dlya-remeshka-smart-chasov-shirinoy-22-mm-3-sht-340946777/?asb=9FAW2NeQug7oQOUat6ZjBr8ejvukRtv4f3yczXzV8FA%253D&asb2=vObWUxYN_V-g2MazSaW6ZR6uzig49JKFPZQ46PZ212SFeH5MkJgQR_vGH5BQFwHV
"Ремешок для спортивных часов IM-KCHKLIP007-22, цвет черный",903 ₽,1 отзыв,"8 мая доставит Ozon, продавец EE-Store",https://www.ozon.ru/product/kauchukovyy-remeshok-22-mm-s-klipsoy-im-kchklip007-22-dlya-chasov-167330038/?asb=hf6T2LbizqSnhe6qMH286Sl0YgCU0UQfTc7%252Biw3ZFcY%253D&asb2=E2RL8QJtRMbGz2swnfgepqErpwBoW_pbeUSOg47-SU8ScHB_r5nwbFaPwOozhNrE
Силиконовый ремешок для Xiaomi Mi Band 3/4 Sport красно-белый,421 ₽,1 отзыв,"11 мая доставит Ozon, продавец мобильный-папа",https://www.ozon.ru/product/silikonovyy-remeshok-dlya-xiaomi-mi-band-3-4-sport-krasno-belyy-283380446/?asb=KOf%252FyzAqQLO28F1kikq4zNndYsX9OM8JAMGswbzzS0c%253D&asb2=dEJXhYts-1hVtBqEKFzZBV5YB2Cx0nxjen48oluuxgS62uNb9FDboT5btnkX_yCK
Каучуковый ремешок оранжевый 18 мм IM-SILOR01-18 для часов,850 ₽,2 отзыва,"8 мая доставит Ozon, продавец EE-Store",https://www.ozon.ru/product/kauchukovyy-remeshok-oranzhevyy-18-mm-im-silor01-18-dlya-chasov-167330085/?asb=006fT%252FwkzxNOunJfd1y6%252BXsupAqgwY%252BepzJ2aiSi3Vs%253D&asb2=-weF3yzl5W-lg2m6eifspqjzXIgF2Arm7EVarifJQH2LovgcEX7pUJhO-1QPVOnP
Силиконовый тренчик (шлевка) для ремешка смарт-часов шириной 20 мм. (3 шт),492 ₽,15 отзывов,"7 мая доставит Ozon, продавец Clickmi",https://www.ozon.ru/product/silikonovyy-trenchik-shlevka-dlya-remeshka-smart-chasov-shirinoy-20-mm-3-sht-340591108/?asb=fBG92pZ4vSpXcTg%252FBxETq0f4SpdLwrzy%252FYHa8olNCIA%253D&asb2=eUFfsW7bo8gKXhWN5_0sFpGqSGtljEoXu0pAVDt5e1Cndp5y0Tmw9A1q80UZAg36
Спортивные часы HONHX,778 ₽,1 отзыв,Из-за рубежа доставит продавец CBTX GLOBAL,https://www.ozon.ru/product/sportivnye-chasy-honhx-249244954/?asb=WkSV860pwPfu%252BxnWocgOqL7a8QteiG4SPBZJtd%252F5aOw%253D&asb2=XUMMYU6B6JFiU84FLexhyRcJI2mP0Zb1BEIleQTmDYILmBbx4Ye98uzhdAbDXUMq
Спортивные часы LIN4628,622 ₽,1 отзыв,Из-за рубежа доставит продавец jinyuanti,https://www.ozon.ru/product/sportivnye-chasy-lin4628-436329168/?asb=kZvhwAMlnazUpw%252FPryfF3PFAjmMks3scohCwVz4obEo%253D&asb2=xtWDvlEhArg5xoT9p-rM1QjXElOO2Luoksz2uA0as7pYopV__s246yGpCYhax3L_
Силиконовый тренчик (шлевка) для ремешка смарт-часов шириной 16 мм. (3 шт),492 ₽,2 отзыва,"7 мая доставит Ozon, продавец Clickmi",https://www.ozon.ru/product/silikonovyy-trenchik-shlevka-dlya-remeshka-smart-chasov-shirinoy-16-mm-3-sht-355687134/?asb=cnuTq%252BMUKko6nTM3v3cUr1waKa4adoUxNBLrBsLIwkE%253D&asb2=0tZDvT3Z6Krb3nv_Ulj4ihJRlZm7zgkNUN12QpcxFWmDbwxLzFEa3Y0MDFUwLSD-
Мужской силиконовый сменный ремешок для часов 20 мм,626 ₽,1 отзыв,Из-за рубежа доставит продавец CBTX GLOBAL,https://www.ozon.ru/product/muzhskoy-silikonovyy-smennyy-remeshok-dlya-chasov-20-mm-262636508/?asb=1cRbDV2vEZtIfPtT2OVUdLFILGQCmjzFuhoPLBCh3j0%253D&asb2=Q1LTTUtfRksK1uAbFazczVDQhvUnf8u2wHyaZXcUsUqXWhq2eTSxurGONJhFUH8E
Металлический ремешок на магнитной застежке миланская петля 20мм розовый,456 ₽,4 отзыва,"7 мая доставит Ozon, продавец Chestnostore",https://www.ozon.ru/product/metallicheskiy-remeshok-na-magnitnoy-zastezhke-milanskaya-petlya-20mm-rozovyy-410331851/?asb=CR%252FJoXAwLSdOTfpSJsZ1E%252F4o1%252BeRlo9QspRRwDWFafo%253D&asb2=Jn1q_W7pllZDgo1uge9JilyTRVwEpgI1SR9dX6tDyBCfVoMWjctrfi5xtLltXt4n
"Ремешок для спортивных часов IM-KCHNRED-22, цвет черный",950 ₽,1 отзыв,"8 мая доставит Ozon, продавец EE-Store",https://www.ozon.ru/product/kauchukovyy-remeshok-22-mm-im-kchnred-22-dlya-chasov-167330045/?asb=qu%252FA8vInRZShsa8ak7cE9KuBnlxAzlGIg7ZPYSKzX3k%253D&asb2=fcwsjmY1sfw_7sSq3wMdkbSudyL5AihZv28Gp_r9MUutu_ksq-g3kk1pqWplQD19
"Ремешок для Mi band 3/4 миланское плетение,зеленый камуфляж",790 ₽,3 отзыва,"Завтра доставит Ozon, продавец Soff-market",https://www.ozon.ru/product/remeshok-dlya-mi-band-3-4-milanskoe-pletenie-zelenyy-kamuflyazh-192926664/?asb=GHQ7HoPEOMB0fmIpce5MOgtzKhv7Ti75DfYnGljtIP6NyZfdFvYnTEF4B8zPDDJ%252B&asb2=2kbbWxtI4Je2o3l5O3KCVTmBf1engYx5Lon7aiZndXmm9NpqHvx_oioNH-OSqvPX2YYfPABS7azhwbhLCCS5ho7c4Fmxu3N1pfv4z95wEYvc1uETUhIPByORoxWncJ6kiBe2vXEDRF_narfqHhLkzQ
"Ремешок для часов Apple Watch 42/44/45мм, размер S, силиконовый, красная-малина",308 ₽,5 отзывов,"11 мая доставит Ozon, продавец ИП Мухин А.В.",https://www.ozon.ru/product/remeshok-dlya-chasov-apple-watch-42-44-45mm-razmer-s-silikonovyy-krasnaya-malina-483676068/?asb=ykCKUYYB%252BwPYIikEdxbxaGZsf4xZ%252FMSj%252BBnZeya4PZU%253D&asb2=LUHxjTBvIv4Tqd1VYtsXEHnhJh119VL7Oc2mvLzFmR3wAaDw8RpgNZfIekeyltIB
"Ремешок для часов Apple Watch 38/40/41мм, размер M, силиконовый, светло-розовый",308 ₽,21 отзыв,"11 мая доставит Ozon, продавец ИП Мухин А.В.",https://www.ozon.ru/product/remeshok-dlya-chasov-apple-watch-38-40-41mm-razmer-m-silikonovyy-svetlo-rozovyy-483673770/?asb=Pmp6%252F8ILopsk3a7ELDUF35KJprX%252B4t5IahpqLpwCeDk%253D&asb2=OOjJ43afR0uLNANVteOeH6KenAglEPxQYaa5Ua8cREcvPhJnF3ydgCx_czNeuMzj
Металлический ремешок на магнитной застежке миланская петля 22мм шампань,456 ₽,2 отзыва,"7 мая доставит Ozon, продавец Chestnostore",https://www.ozon.ru/product/metallicheskiy-remeshok-na-magnitnoy-zastezhke-milanskaya-petlya-22mm-shampan-413057026/?asb=5dq3i1hhIOb6n2O5j5qLlRk%252Fl%252BwzzQIqyEGfVN42ANs%253D&asb2=0bLXyeyMhxhZPfEARvRKWI6iXeFriv89JCZJ5lJkA0GmdiQ7PIBfoEVtMvW8TutH
"Ремешок для часов Apple Watch 38/40/41мм, размер S, силиконовый, чёрно-синий",308 ₽,21 отзыв,"11 мая доставит Ozon, продавец ИП Мухин А.В.",https://www.ozon.ru/product/remeshok-dlya-chasov-apple-watch-38-40-41mm-razmer-s-silikonovyy-cherno-siniy-483673619/?asb=NE3CqABEYnmWvbYCRJ94e35MMklTR6Ff6C4zOgbb4jo%253D&asb2=Z1BRAmtbilrjczTsqEGrveRVxNZ80zwqr1aqlWjkHRWR1bRDozf0OrAKKQbrKzg6
Спортивные часы,766 ₽,1 отзыв,Из-за рубежа доставит продавец shiming,https://www.ozon.ru/product/sportivnye-chasy-409274781/?asb=sB5b1Gr5KCDISiAFtr8BGa%252FGKvWuaIDFUnDcrZP%252BsY0%253D&asb2=FhtuMfbsvEl1vEXET-xmRHaLH9zhHjXHcmIYQxth3oKbYCShvQ27r2gcbSXGg_pl
Ремешок для часов Casio GA-110GD-120GA-100GA-100C,673 ₽,1 отзыв,Из-за рубежа доставит продавец CBTX GLOBAL,https://www.ozon.ru/product/remeshok-dlya-chasov-casio-ga-110gd-120ga-100ga-100c-261569699/?asb=7kUyuESz1e%252FMVYI59qkQc1aLYTObEBPfWLe0hpOaXvU%253D&asb2=3TfN-oQoiSw3vAC3QnMO3zvEs1x0z1XLJ96B6bQy5s9iSfI-dakdIVrCPYPJs6Jg
"Ремешок для спортивных часов IM-KCHNSIN-18, цвет черный",903 ₽,1 отзыв,"8 мая доставит Ozon, продавец EE-Store",https://www.ozon.ru/product/kauchukovyy-remeshok-18-mm-im-kchnsin-18-dlya-chasov-167330047/?asb=mBk0oZ3Zitxpgr%252BUD%252FG8eVLLrizTVctoAvl3YImyZVU%253D&asb2=qlxzsPVowLI8wAlWZZQxmlo2xAxsnr9ckctcVkSMwqW40v-y5YOIU-jZrrcWUVj4
Силиконовый тренчик (шлевка) для ремешка смарт-часов шириной 16 мм. (3 шт),492 ₽,2 отзыва,"7 мая доставит Ozon, продавец Clickmi",https://www.ozon.ru/product/silikonovyy-trenchik-shlevka-dlya-remeshka-smart-chasov-shirinoy-16-mm-3-sht-355699894/?asb=ngs2HECYsks7zrAPbc6lEcXOaF9olzaxlGSFPM8bTq8%253D&asb2=UEP6INC8E5v9jlNIRA8BNrV6ElGeQC4YqI2_2avdxISc59t5De51x15OZ4rC2avR
"Ремешок для часов Apple Watch 38/40/41мм, размер S, силиконовый, малиновый",308 ₽,21 отзыв,"11 мая доставит Ozon, продавец ИП Мухин А.В.",https://www.ozon.ru/product/remeshok-dlya-chasov-apple-watch-38-40-41mm-razmer-s-silikonovyy-malinovyy-481869543/?asb=lWngWIT9l7y9DFG0ipwWl6QK1W1rlhM5P0cyynTGzTw%253D&asb2=mOmw1zpW72dAD8TcdG8BGPSuJCfePpaxQsMJhbh_P6sHWzcc8r7fezhBXb1Kdvuv
Силиконовый тренчик (шлевка) для ремешка фитнес браслета Honor Band 3 / 4 / 5 / 5i / 6 (3 шт),492 ₽,35 отзывов,"7 мая доставит Ozon, продавец Clickmi",https://www.ozon.ru/product/silikonovyy-trenchik-shlevka-dlya-remeshka-fitnes-brasleta-honor-band-3-4-5-5i-6-3-sht-355247072/?asb=27oO6FTDy%252FUp%252FwcVhzSVHpi8LNNG3oikhZ%252F26JWMmN4%253D&asb2=nUivgrhD8pM0nlKmfKKJccuY1Io66-WOpeqzG_myfU819L86RyhZOCA0PwEEiq0F
Металлический ремешок на магнитной застежке миланская петля 22мм синий,456 ₽,2 отзыва,"7 мая доставит Ozon, продавец Chestnostore",https://www.ozon.ru/product/metallicheskiy-remeshok-na-magnitnoy-zastezhke-milanskaya-petlya-22mm-siniy-410447922/?asb=ssVriLW%252BlIzzp%252B1s28sCoKoDReVTu7e%252ByEnGsY0S%252B%252Fw%253D&asb2=gjTNJgegLAD-_N0FHxkdL6HgobTS39FFNvYmiZfNQ5vG7toOQPPniIy66as3sZIK
"Ремешок для часов Apple Watch 42/44/45мм, размер M, силиконовый, сине-фиолетовый",308 ₽,5 отзывов,"11 мая доставит Ozon, продавец ИП Мухин А.В.",https://www.ozon.ru/product/remeshok-dlya-chasov-apple-watch-42-44-45mm-razmer-m-silikonovyy-sine-fioletovyy-484038712/?asb=M6aaxmzmj7cPK8DIjrTlIyrFMnM8ZwVq4NSDcrR%252Box0%253D&asb2=qBPZ30FMFIgIbKFjnUK38VVxEFgBdinckc_F9WdUSRonK21d9OQWYZIC-pChdx5U
"Спортивные часы Hawk 10016484, цвет хаки",928 ₽,1 отзыв,"7 мая доставит Ozon, продавец Спортивная Фабрика",https://www.ozon.ru/product/sportivnye-chasy-hawk-10016484-tsvet-haki-177721486/?asb=OXOteu8RgNjMdsEy1CTxOzeGnjVyvrtLhwNy8JWD2sxEVfQSvcXHj21P%252FU8D022f&asb2=Ef7QIiFZRXbLSVQ-BOBhOlvajK3wzglEIvtr1IyFmTOjtddH00m3p-40PONweoWNwSYa2zWscdL-FDBrAXR5J7qUs4HfDZQAY2c_1by9GT3B8nCufaLVpL1lDHjqThKVDf3eqznIaHBpxgK_tpeBrg
Силиконовый тренчик (шлевка) для ремешка смарт-часов шириной 18 мм. (3 шт),492 ₽,4 отзыва,"7 мая доставит Ozon, продавец Clickmi",https://www.ozon.ru/product/silikonovyy-trenchik-shlevka-dlya-remeshka-smart-chasov-shirinoy-18-mm-3-sht-339891376/?asb=lhuYnvZkn9YpKAbX%252BRhMiyB70OhxTvC3LDqBZdDgxmw%253D&asb2=hXUJGe2Nk4ZF0rsZ9cqA4B_jYyxp3Avuf0NGHcrpeMLvDLJ6u2NxmNFmSrTIM56V
Силиконовый тренчик (шлевка) для ремешка смарт-часов шириной 22 мм. (3 шт),492 ₽,19 отзывов,"7 мая доставит Ozon, продавец Clickmi",https://www.ozon.ru/product/silikonovyy-trenchik-shlevka-dlya-remeshka-smart-chasov-shirinoy-22-mm-3-sht-340957769/?asb=4wFJKSaCEwlpAc0hZN9t5rdTbMO2ftlL8mxogPJ15gY%253D&asb2=j63fyrB7WdanStwN5-iphpNaG_-QFia6nLdCJLUmt99JDNwzYec0Wtl365VcuDDm
Каучуковый ремешок белый 18 мм IM-SILBEL02-18 для часов,850 ₽,1 отзыв,"8 мая доставит Ozon, продавец EE-Store",https://www.ozon.ru/product/kauchukovyy-remeshok-belyy-18-mm-im-silbel02-18-dlya-chasov-167330072/?asb=pz6oTWkawnMlAer550dBQqCX2yTyZNZVpqlDf3tBC%252Fs%253D&asb2=9G1FxYZ8sW_1TrWPRjasYeui6_s0NZ5GSQq5hiFKf2_Mh-6i_z0_-Jy9yr9L1Q0m
Силиконовый тренчик (шлевка) для ремешка смарт-часов шириной 22 мм. (3 шт),492 ₽,19 отзывов,"7 мая доставит Ozon, продавец Clickmi",https://www.ozon.ru/product/silikonovyy-trenchik-shlevka-dlya-remeshka-smart-chasov-shirinoy-22-mm-3-sht-340951528/?asb=OrJEZp03Yp4c8nZs6RUH%252BZRIr9%252BGqOwi3XGOSPbY%252FaY%253D&asb2=hEZGQaPJA4poW9hb-jvKwQa8ASZbrVIXTDPEFxcyS7DTO-S6WR4WQbRi19jrqkC_
"Ремешок для часов Apple Watch 42/44/45мм, размер S, силиконовый, зелёный",308 ₽,5 отзывов,"11 мая доставит Ozon, продавец ИП Мухин А.В.",https://www.ozon.ru/product/remeshok-dlya-chasov-apple-watch-42-44-45mm-razmer-s-silikonovyy-zelenyy-483701507/?asb=BRzzCUMtaZv45D8JLgJEzGLeLyq7YkTuVnmcMVlbj2I%253D&asb2=BRkASA9woAurm1JI9Xxqo8vx0pZRJjrQtOzyHHEPLyUcsXIlVqTTj36hrgkedQ6Y
"Ремешок для спортивных часов IM-SILSIN01-24, цвет синий",850 ₽,1 отзыв,"8 мая доставит Ozon, продавец EE-Store",https://www.ozon.ru/product/kauchukovyy-remeshok-temno-siniy-24-mm-im-silsin01-24-dlya-chasov-167330095/?asb=AICe3590OLXPB%252BX1ZmqZo2RhtkgEFb%252BUjRb%252BUr1Rf9o%253D&asb2=joTLCifyUZudlXn59dfIWStrMAsO-YRfzTE59dCoeg2TQ2Moun7BLWlyNIH4TSe6
Силиконовый тренчик (шлевка) для ремешка смарт-часов шириной 16 мм. (3 шт),492 ₽,2 отзыва,"7 мая доставит Ozon, продавец Clickmi",https://www.ozon.ru/product/silikonovyy-trenchik-shlevka-dlya-remeshka-smart-chasov-shirinoy-16-mm-3-sht-355688805/?asb=VBJujKEqNhd7mICOUUMPYrX3MXaihzgLuaK%252Bl6N7smE%253D&asb2=-iyISY9I3P2_r1i9dJSbBMd1iZAkaI8VdA_5B4WNDMOjNxvtKtsxdsvdn8MHUBrE
Силиконовый тренчик (шлевка) для ремешка смарт-часов шириной 20 мм. (3 шт),492 ₽,15 отзывов,"7 мая доставит Ozon, продавец Clickmi",https://www.ozon.ru/product/silikonovyy-trenchik-shlevka-dlya-remeshka-smart-chasov-shirinoy-20-mm-3-sht-340590570/?asb=cZY135PKg97DKSDPnEN5DDFhFyalqVn6KbkC4K6PlLU%253D&asb2=qc2N5oYhyBOJz5oL7tVKml74eDaWQEmq-lcSZM8DcQA9h3qFTGXIOqaF2mIZWHXA
Каучуковый ремешок белый 20 мм IM-SILBEL02-20 для часов,850 ₽,1 отзыв,"8 мая доставит Ozon, продавец EE-Store",https://www.ozon.ru/product/kauchukovyy-remeshok-belyy-20-mm-im-silbel02-20-dlya-chasov-167330073/?asb=%252BQsXiIRk40YAiPAoAm5r%252F%252Fv9vkXVdWYrzXB4nnu1v20%253D&asb2=8YMcuiO0vXhoDdc4ynbihffNWd44Kl_L7DrquTSOY7PDzc2FmBQuCr6BbmPqJFqH
"Спортивные часы Hawk 10016483, цвет зеленый",928 ₽,1 отзыв,"7 мая доставит Ozon, продавец Спортивная Фабрика",https://www.ozon.ru/product/sportivnye-chasy-hawk-10016483-tsvet-zelenyy-177721485/?asb=SmVG3evnJfXItehPlCwBgUyTGFtcDOy17YwX3Cpm5i%252BxDucOyQ8u1iS89urXYH4d&asb2=bjY-QiX6ReAlI_mOPWMS_4bedGh5ZJkltYVI_2sX6EqUCbQRyFwAJ4rKduRzLQ_iQd7kEJo7zbqGllMzDxs7UthiMMRRMesL-wDJR9rKsXVhdsqITsShh33W-th9FL_6aUQx14J4bjkOf78qcCa1Ew
"Ремешок для часов Apple Watch 38/40/41мм, размер S, силиконовый, тёмно-синий",308 ₽,1 отзыв,"11 мая доставит Ozon, продавец ИП Мухин А.В.",https://www.ozon.ru/product/remeshok-dlya-chasov-apple-watch-38-40-41mm-razmer-s-silikonovyy-temno-siniy-515294217/?asb=opkbBs0hIFvrt0g0WjunzkwSsb4%252BsREewYIffGtH2FY%253D&asb2=fxOrNctwVcPHVNlgpbeEd3qNvw2TIUXmsDQhgBXfZWnoX_vCT8IbZeaBkLVLed8e
Металлический ремешок на магнитной застежке миланская петля 20мм синий,456 ₽,4 отзыва,"7 мая доставит Ozon, продавец Chestnostore",https://www.ozon.ru/product/metallicheskiy-remeshok-na-magnitnoy-zastezhke-milanskaya-petlya-20mm-siniy-410317037/?asb=oLiNKGk1yrgSLEsiJ5%252BmoaC4em4nm6pj48f89MeXJnM%253D&asb2=h57AHvqV4ZFRbb4tcJ2CtueMbif6VtiHx_pT84TfChThoa2TaciUBGzxlUlpN7Ub
Силиконовый тренчик (шлевка) для ремешка фитнес браслета Honor Band 3 / 4 / 5 / 5i / 6 (3 шт),492 ₽,35 отзывов,"7 мая доставит Ozon, продавец Clickmi",https://www.ozon.ru/product/silikonovyy-trenchik-shlevka-dlya-remeshka-fitnes-brasleta-honor-band-3-4-5-5i-6-3-sht-355246787/?asb=1S6IU1O6gPVmlkGwGSxKABC5%252BGJWwzZV7tJqErpRgvQ%253D&asb2=phpISPnmKl2kOJb7dZGDf-9mHzooJ-sLcFboq-y81XoxSISLLKrXqRIzo97UNv4q
Силиконовый тренчик (шлевка) для ремешка смарт-часов шириной 16 мм. (3 шт),492 ₽,2 отзыва,"7 мая доставит Ozon, продавец Clickmi",https://www.ozon.ru/product/silikonovyy-trenchik-shlevka-dlya-remeshka-smart-chasov-shirinoy-16-mm-3-sht-355687437/?asb=gHbrE1Dr2G7%252Fo%252FcEfJImsP8A2elIsD%252F80Eh0kRw0E%252Bw%253D&asb2=-lB78wuL4VxnwEh2Lxe8uBZCSInQ2mr20Kim4Onh0XXah5n391yxNACLCf8dIWgv
Спортивные часы LIN4628,626 ₽,1 отзыв,Из-за рубежа доставит продавец jinyuanti,https://www.ozon.ru/product/sportivnye-chasy-lin4628-436328946/?asb=baIpZQTgYxvEmh2Mby%252BPEOrSZl%252Fhg0xvUZ8Tb7KKM8M%253D&asb2=wizXXb67K4PWGltLsS-iNns2bjAf-y1wqvmWrQ8zCuWXGxhdVOHrshTVpcCq5XVP
Силиконовый тренчик (шлевка) для ремешка смарт-часов шириной 20 мм. (3 шт),492 ₽,15 отзывов,"7 мая доставит Ozon, продавец Clickmi",https://www.ozon.ru/product/silikonovyy-trenchik-shlevka-dlya-remeshka-smart-chasov-shirinoy-20-mm-3-sht-340591438/?asb=JzGFXtHJg7EfD89zNJt3DjJEhP8nz4JRa876O%252Bv%252BSl0%253D&asb2=TRdmqVGXmdInKYjVcPdoovVlzyoQ1vV-2na02xlvueSWp0H341hbYimlZlBtVffk
Силиконовый тренчик (шлевка) для ремешка смарт-часов шириной 16 мм. (3 шт),492 ₽,2 отзыва,"7 мая доставит Ozon, продавец Clickmi",https://www.ozon.ru/product/silikonovyy-trenchik-shlevka-dlya-remeshka-smart-chasov-shirinoy-16-mm-3-sht-355687555/?asb=ugSvl6KNzHEx%252BYInPrfbv1K2x6ASLfh1QXl%252Bex2fz1s%253D&asb2=uVlB2VHpUulC7KrIFKAoxSvQApmTqXKjE8cgze5y5qF910ExHeiFz3-2JgTW8i8q
Силиконовый тренчик (шлевка) для ремешка смарт-часов шириной 16 мм. (3 шт),492 ₽,2 отзыва,"7 мая доставит Ozon, продавец Clickmi",https://www.ozon.ru/product/silikonovyy-trenchik-shlevka-dlya-remeshka-smart-chasov-shirinoy-16-mm-3-sht-355686308/?asb=Obqy2jklgrWrYPh6NMbag5YPC6T1OJRGap5cP%252F13Y3c%253D&asb2=kaLUtJscyk4iwoa7V83C1h9Nc2RblESMhC51JCDS6VKnbfuuTPjnEa1vjCvAZNan
Силиконовый тренчик (шлевка) для ремешка смарт-часов шириной 16 мм. (3 шт),492 ₽,2 отзыва,"7 мая доставит Ozon, продавец Clickmi",https://www.ozon.ru/product/silikonovyy-trenchik-shlevka-dlya-remeshka-smart-chasov-shirinoy-16-mm-3-sht-355686997/?asb=FZY46ShNGCr%252Bhx26Iqn30LFeU7Sza8wTIiE6uO6ejFU%253D&asb2=di_nMQOFKohP4BqowR_m-vpL2evQKLk4cFmRsO0Xl25NKza8vuV5VBAHVMQ1m2GJ
Металлический ремешок на магнитной застежке миланская петля 22мм розовый,456 ₽,2 отзыва,"7 мая доставит Ozon, продавец Chestnostore",https://www.ozon.ru/product/metallicheskiy-remeshok-na-magnitnoy-zastezhke-milanskaya-petlya-22mm-rozovyy-410447176/?asb=IfFegHIvuV7%252FEIDKhnOsgp5LpJFCEXojcsi8BoYLFkw%253D&asb2=iafu1alhBF0NY1HZiF8ExOQY6Qvva420QZTPr-x2J3mQS_dBAUScHeyG_eCN7IWE
Силиконовый тренчик (шлевка) для ремешка фитнес браслета Honor Band 3 / 4 / 5 / 5i / 6 (3 шт),492 ₽,35 отзывов,"7 мая доставит Ozon, продавец Clickmi",https://www.ozon.ru/product/silikonovyy-trenchik-shlevka-dlya-remeshka-fitnes-brasleta-honor-band-3-4-5-5i-6-3-sht-355247857/?asb=nrmBdmyzRU6f0qR1Hp6n3kYyzAoOa5JSDy9WR0ldgJE%253D&asb2=hXKzEyvcTnHhqzZy11x6UfmquheCHMTSzfnMrI13MoawNvmS_czrmo3VFppAEHSC
Силиконовый тренчик (шлевка) для ремешка смарт-часов шириной 22 мм. (3 шт),492 ₽,19 отзывов,"7 мая доставит Ozon, продавец Clickmi",https://www.ozon.ru/product/silikonovyy-trenchik-shlevka-dlya-remeshka-smart-chasov-shirinoy-22-mm-3-sht-340958507/?asb=29Y3IPLlO7V0tMxpHREMSGwi4NyxvahUpb%252ByO%252FhIAoo%253D&asb2=1WmO-mBaXF8_Y2jaZ3e-_E6tla81JWev5zWkL8tlMBPww0B8Q2p486xOIU7rP43Z
"Спортивные часы ionomo L18, цвет светло-розовый",976 ₽,3 отзыва,Из-за рубежа доставит продавец Aony,https://www.ozon.ru/product/sportivnye-chasy-ionomo-l18-tsvet-svetlo-rozovyy-244676031/?asb=UCP44rBbSPARW9Ug8xwOC5AjMtIxRwow%252B%252F6ze8p0aT%252F3XEv4xUE6hokJPjAOv4S5&asb2=OFkxKemT3_FiKchotGdMs8hx_p6TBhjB6bsNL9OYbOSVrCm6LN0MOQSRYpSXDKMgZMhbwTKr56XzJURPnX4m3Rbw8J7gkkqlXwHbQ_bsmAit9nZvkytGDXgmsllzqFcjfpxtPg-zQRXNXbmlkRPPbw
Силиконовый тренчик (шлевка) для ремешка смарт-часов шириной 18 мм. (3 шт),492 ₽,4 отзыва,"7 мая доставит Ozon, продавец Clickmi",https://www.ozon.ru/product/silikonovyy-trenchik-shlevka-dlya-remeshka-smart-chasov-shirinoy-18-mm-3-sht-339883381/?asb=BMiOv0BgMpRYzP8E10Lrobtk0Xo7XSkSxE5MZLdkyyg%253D&asb2=DZlK3Yv5g1nFpN1fM9KVLT5Z5nQ-jWGcTD9c6znF6XFg3qwukZDE5gdp54WMiRVZ
Силиконовый тренчик (шлевка) для ремешка смарт-часов шириной 20 мм. (3 шт),492 ₽,15 отзывов,"7 мая доставит Ozon, продавец Clickmi",https://www.ozon.ru/product/silikonovyy-trenchik-shlevka-dlya-remeshka-smart-chasov-shirinoy-20-mm-3-sht-340590556/?asb=3aNmDW%252FXEgeJWAtOJdP%252BrnSUpLqDZsMNa0uvoMn7dHM%253D&asb2=nL5YakGeTCgMMzfsAddxAhWHJcKqS2GUT4acLQCD44gJMr4SQmVg0I0YIa_rAhnz
Ремешок для часов Apple Watch 38/40/41мм Размер S Силиконовый Красный,308 ₽,1 отзыв,"11 мая доставит Ozon, продавец ИП Мухин А.В.",https://www.ozon.ru/product/remeshok-dlya-chasov-apple-watch-38-40-41mm-razmer-s-silikonovyy-krasnyy-515299393/?asb=Phymhzg58mnl5JlgBlxH83XMl2aYwkfQY6RjDNbU9fE%253D&asb2=bolRqVlrPIYhuB5PRXhVGQNiVpgb93JjIarMasNzmf5vEKc_zD0gyFJ6lYYFKRUp
Силиконовый тренчик (шлевка) для ремешка фитнес браслета Honor Band 3 / 4 / 5 / 5i / 6 (3 шт),492 ₽,35 отзывов,"7 мая доставит Ozon, продавец Clickmi",https://www.ozon.ru/product/silikonovyy-trenchik-shlevka-dlya-remeshka-fitnes-brasleta-honor-band-3-4-5-5i-6-3-sht-303029777/?asb=ap%252FXU64CR33a34WslJw%252B%252Fc6lb5hsQIGnJvkuGK3bsNE%253D&asb2=-wg87JyD7NgClRchx6K9GcbeK8E9UsSBzbSfy7ACbYJJ6yEs1VacjJ5WnMzGRs_7
Силиконовый тренчик (шлевка) для ремешка смарт-часов шириной 18 мм. (3 шт),492 ₽,4 отзыва,"7 мая доставит Ozon, продавец Clickmi",https://www.ozon.ru/product/silikonovyy-trenchik-shlevka-dlya-remeshka-smart-chasov-shirinoy-18-mm-3-sht-339892476/?asb=ZUY8%252FtVW8hFkap2yyIuK6IMW%252BIDGQwAkqpDsOmwQI%252Bk%253D&asb2=7EnSzDZwQxTHSF54Y-N1tBx_4J1jUkGYIXB9qZyayOwZeJzxMYAIJ2-MCvw602HS
Силиконовый тренчик (шлевка) для ремешка смарт-часов шириной 20 мм. (3 шт),492 ₽,15 отзывов,"7 мая доставит Ozon, продавец Clickmi",https://www.ozon.ru/product/silikonovyy-trenchik-shlevka-dlya-remeshka-smart-chasov-shirinoy-20-mm-3-sht-340599791/?asb=dinKbB7t4IHvKQjDZYL5ZTN1feWyHZ77ANA%252Falkegxw%253D&asb2=Gj1NgHl1rURtjMA9wIlFujxzuAe1Aw2aCDKUKUU2nBmjhXJ0KjYgLnOigLiDs66A
Спортивные часы LIN4628,622 ₽,1 отзыв,Из-за рубежа доставит продавец jinyuanti,https://www.ozon.ru/product/sportivnye-chasy-lin4628-436329163/?asb=IBK64aQe%252BSxzQz0tx9TAczy%252FdA2gyLkTOG3iKwAg2lM%253D&asb2=0BZIE4UVtMnZ__N69nsCBg1m5dFFxpnukj6FvDKdgRfBZd_YHLVB7s6O4Iq-36pD
Спортивные часы HONHX,778 ₽,1 отзыв,Из-за рубежа доставит продавец CBTX GLOBAL,https://www.ozon.ru/product/sportivnye-chasy-honhx-249244883/?asb=NkdkqT4DxXxzC1%252F0KMJYegoxeyftYMabh1gM8Guw1Is%253D&asb2=1-ltdk0RXeY1Cjwf-a6EBrnU3oFG5LitIeoMMUhxLaH6KDcXrMjlZbyhcRHCXSR1
"Спортивные часы SANDA 331, цвет синий",1 014 ₽,1 отзыв,"9 мая доставит Ozon, продавец Time96",https://www.ozon.ru/product/sportivnye-chasy-sanda-331-tsvet-siniy-207109260/?asb=R0SALSZyWefQycqyqYQq6wU5O7IMDjD1ZgqXfJNjwkY%253D&asb2=SU1EuP72N5N3r06vl3r4Nuhu1lrcu--YYwOt7qqDV8upvZKjVH87Sg9TnNuLSojX
"Спортивные часы SANDA 331, цвет красный",1 014 ₽,1 отзыв,"9 мая доставит Ozon, продавец Time96",https://www.ozon.ru/product/sportivnye-chasy-sanda-331-tsvet-krasnyy-207127683/?asb=RD2t7Bta6NdGcp4gSYN%252F9zXSzL%252BUAxhDNPv13zHlWWQ%253D&asb2=YArfD8KfgJlo5RMTAKqysU1qROsxHfNUkbnmgdHBaEzmiQzKfkAwNAO-_yh0JvBP
Спортивные часы HONHX,778 ₽,1 отзыв,Из-за рубежа доставит продавец CBTX GLOBAL,https://www.ozon.ru/product/sportivnye-chasy-honhx-249244926/?asb=JKE6IwszC3cbhTwmj1Fc5OU4JEszVwo4v%252B5%252Fs1uPrCw%253D&asb2=qBnJoO3VhaDTSDH-lq3N6dMJTPLQeOAzFOqhUEd5-0-dW1rX276OoEW6eG6CvqNs
