"Грелка электрическая EcoSapiens Экогрейка, электрогрелка, грелка для ног, 30х40 см",990 ₽,46 отзывов,"Завтра доставит Ozon, продавец Touch Technology",https://www.ozon.ru/product/grelka-elektricheskaya-ecosapiens-ekogreyka-elektrogrelka-grelka-dlya-nog-30h40-sm-544918770/?asb=g0XEzKghrlm8JMUfajd69Ilx2GExrC3suoigZ7k8M2U%253D&asb2=RfVislVnFTlJFKOzuJsLWvs8qfQteZPmrk0zNrmewwK1tw4p37Wfq1CrQvXdtwbl
"Электрогрелка ГЭМР-5-60, 50*40 см, Беларусь",945 ₽,115 отзывов,"7 мая доставит Ozon, продавец TdbT",https://www.ozon.ru/product/elektrogrelka-gemr-5-60-50-40-sm-belarus-199971836/?asb=zFSw%252B18QQm92yxYcHrQUVkMNeOtL2ptkuLNoWfsD3YA%253D&asb2=N69X8enJe4R0HIdS8k0dPRDnZ7CL86iW1T7mabULDXzYXHB_dxNIdeu6aDAJJ3ju
Грелка электрическая ГЭМР-5-60 (40х50) Брест,809 ₽,66 отзывов,"7 мая доставит Ozon, продавец АЛТАЙ СЕРВИС",https://www.ozon.ru/product/grelka-elektricheskaya-gemr-5-60-40h50-brest-230653935/?asb=%252FWWJThKU4U6t21sl144m2QZ%252FhS6h0uR4UZZ128WOj80%253D&asb2=1yLM5nqtUWCfSfFTyPxdDpeRm_tNfA0IxLjVcLQIr8Hg6lSNjLtrKL3k4XzzXDJX
Грелка электрическая ГЭМР-6-60 (30х40) Брест,756 ₽,21 отзыв,"7 мая доставит Ozon, продавец АЛТАЙ СЕРВИС",https://www.ozon.ru/product/grelka-elektricheskaya-gemr-6-60-30h40-brest-230653300/?asb=hveVpWg5F%252FHUBscrllysyidGEOGZfbl4agaKbPOCuPw%253D&asb2=r_dvY3Gz6aej35q3I8yuAgr2BHGC5bOVOGF09oh32IDUPiukFUZykUiJi5Te19wV
Электрогрелка Стандарт-Люкс,945 ₽,40 отзывов,"7 мая доставит Ozon, продавец АЛЬЯНС-М",https://www.ozon.ru/product/elektrogrelka-standart-191459569/?asb=Yfn4f%252Fi5%252BtAxbxw0vxG2KQazsMnj8%252BuxS3VeacogYFU%253D&asb2=gWRN3PkqPoePZpIfPprGihY4fuutoaTd_qusL0YIbA0KZUoQvF6zcEvYdNrY-FSv
Электрогрелка 50х35 см.,872 ₽,12 отзывов,"7 мая доставит Ozon, продавец Город Здоровья",https://www.ozon.ru/product/elektrogrelka-50h35-sm-362365347/?asb=VJO2cVMKbajIF1vlFm1jGvEaLeaJSV7b92mJwUnUHQA%253D&asb2=fVmuQlGL8xTAogZp7bQoH5ipJiHkkbWoZGor-Ze7xlWQ3ko95tBYO9WxAXpZnpIA
Грелка электрическая ГЭМР-2-60 (40х50) Брест,970 ₽,20 отзывов,"7 мая доставит Ozon, продавец АЛТАЙ СЕРВИС",https://www.ozon.ru/product/grelka-elektricheskaya-gemr-2-60-40h50-brest-230653069/?asb=cPEKRrILK0q29ggzXGEQDo%252FfJ2GhORmsqG6LEwFvjc8%253D&asb2=QLeTZbn2KCf84TCjg-5M0ZB8jyfT2jL3EQmWaRG4k-DPCG7bmZrLb0K9Xlp8QRZa
Электрогрелка Стандарт-М,859 ₽,27 отзывов,"7 мая доставит Ozon, продавец ИП Куркин А.В.",https://www.ozon.ru/product/elektrogrelka-standart-m-192707432/?asb=lA%252B55c7bbIcTKCMu1UC8EFpOzHwZIoB%252BB7%252Bs%252FugY87c%253D&asb2=sMECcSxA43Qn9b61Ee0udCOu7LdYRWC4q9RbHhXAvHEjYvEiORN-Rs_jQ9yFw0Y5
Электрогрелка Десна-4с 34х42 бязь/поролон,901 ₽,2 отзыва,"12 мая доставит Ozon, продавец Альфа-маг.рф",https://www.ozon.ru/product/elektrogrelka-desna-4s-34h42-byaz-porolon-472974981/?asb=nHVS0dVf4R%252B3Jl4Etq5T2WxOGECLRr1zlIxhrEpUCw0%253D&asb2=mNb8vGDlvj1b9TYFpBdR0YWDrlpgJM4TZ1xL81pxRwNPePFxKPv9sVj9nmKkpxxj
Электрогрелка 50х35 см.,872 ₽,54 отзыва,"7 мая доставит Ozon, продавец ИП Кочергин М.С.",https://www.ozon.ru/product/elektrogrelka-50h35-sm-225397945/?asb=YNAdbD8luaSYXAEAavKURGxfOZrlxFQ8p57lHi7tn3o%253D&asb2=LD4rKVOo99qd8jsxLbVe0f9jZD2-j-VNdWGfyIbaPWH2gHfbtN1Lx7YgIMkFeOaI
"Грелка электрическая ГЭМР-6-60 (400*300мм) Брест, 50 Вт., нагрев до 60 градусов",725 ₽,1 отзыв,"8 мая доставит Ozon, продавец BEST SELECTION",https://www.ozon.ru/product/grelka-elektricheskaya-gemr-6-60-400-300mm-brest-50-vt-nagrev-do-60-gradusov-310463440/?asb=nmTLVV3HZjzEjmOXW%252BtP3nBmbaaLT8txM%252FVEJioPOL4%253D&asb2=TdBYucF4cVmCs3f2lRYxsYIJm9zoYHR_tfi1aqWIkBdJefNXRSXwZKw4WJoKm3HB
Грелка электрическая ИНКОР 78013,819 ₽,5 отзывов,"8 мая доставит Ozon, продавец BEST SELECTION",https://www.ozon.ru/product/grelka-elektricheskaya-inkor-78013-322669766/?asb=lGWPMGvV7nbbfEnAXWvd8auN4nWwvccWW3xu%252Fle8ds0%253D&asb2=XAQaYqz3_itFKU3rEAmLATmqvWiE3gcXOlTz1VFIba4MByEzWhOWiGU6bZBGQYBN
"Походное туристическое термоодеяло 160*210см, 2шт",580 ₽,8 отзывов,"7 мая доставит Ozon, продавец Dolly Molly",https://www.ozon.ru/product/pohodnoe-turisticheskoe-termoodeyalo-160-210sm-2sht-208853639/?asb=X11%252FfJJqwFVNLx%252F7tq2vft4nCvVpgFk28lhE6cBwlac%253D&asb2=eMp8qmWnriQvkJiGtqWYA0EztcnTYZ2C8TOHqhLCcLjicULku4WGoRPu8iYd5B40
Электрогрелка Десна-3с 45х42 бязь/поролон,1 015 ₽,1 отзыв,"12 мая доставит Ozon, продавец Альфа-маг.рф",https://www.ozon.ru/product/elektrogrelka-desna-3s-45h42-byaz-porolon-473144573/?asb=yeYLCTroFdbAzIxALXX1qL1QFtcwpiu9HRAGLaPoHH4%253D&asb2=0vhSCtOZXF-Z1VBaQbvFa3rbFULP8hfxV0_if824pB8sK_8y83_NbFVhihmwAKTg
Грелка для автомобиля / Электрический обогреватель в автомобиль на сидение 40*32,790 ₽,13 отзывов,"Завтра доставит Ozon, продавец ООО ""Теплосистемы ЮБК""",https://www.ozon.ru/product/grelka-dlya-avtomobilya-elektricheskiy-obogrevatel-v-avtomobil-na-sidenie-40-32-201443628/?asb=x%252BWqTKkSlXhP0jMaCziRh1JZoVPSk%252B6IhsA%252FIZ9glZNYiNr88Lkx9PWrCU8zG%252BoQ&asb2=VkXtt_QtryqJ6ekreRKrPYfKS1WSgDirHyKQlwBo3oiMXk2Wt1-noaCcRbtY3X4KBrGZO81MbCKHSCCsTpuxDv1WcyuKk9_XIb6T7xfq1JudR9OSyjhoTB4IJFRdVjgQSzR1Dc2wmA6j6Z4FBXyacQ
Электрогрелка Стандарт,865 ₽,7 отзывов,"7 мая доставит Ozon, продавец ИП Куркин А.В.",https://www.ozon.ru/product/elektrogrelka-standart-192708200/?asb=F%252FJU98hLFf8ExgO5kiPHpmT2nWXxOzX3RmuuR0V6Nwc%253D&asb2=TtnbMRto54ykfprDsfO702j5rU3GdfRWxv5LLuAblD4Z4_WVsgOSp1uwwGaXvldo
Электрогрелка Инкор 30*40см с инфракрасным подогревом,941 ₽,12 отзывов,"Завтра доставит Ozon, продавец Мост Северо-Запад",https://www.ozon.ru/product/elektrogrelka-inkor-30-40sm-s-infrakrasnym-podogrevom-150680842/?asb=LORKemtor4inagUciAWVjgxl76XE%252B%252Bis3FCoZs4uP80%253D&asb2=9cs_1h_MzYQWDfvVqRNHGJYLRmO6HEObSw6-NPRuF1PeOj6SFdq1CsJPEJF-LnJ9
Электрогрелка Стандарт,950 ₽,105 отзывов,"7 мая доставит Ozon, продавец Зинбест",https://www.ozon.ru/product/elektrogrelka-standart-154959351/?asb=8L%252Fc7hkcRA9hiwHSfpHN%252B9GRMxafUY5%252Bu%252BEfryUcEaY%253D&asb2=qpHggaYQtaXCtRQqFu23Vq_tWdesh91h7Ga95NAJOC_fUqh5XAG_cg_73rLkH3hj
"Грелка электрическая Инкор 30х40см, с системой защиты от перегрева",930 ₽,11 отзывов,"8 мая доставит Ozon, продавец ООО ""ДАКОСТАНДАРТ""",https://www.ozon.ru/product/grelka-elektricheskaya-inkor-30h40sm-s-sistemoy-zashchity-ot-peregreva-185621147/?asb=Pm0jGLe054a5iBR2k8yUHxqGQqNjfpHh6xs8D8l2Y%252B4%253D&asb2=VjD6r2ECl9oWivaUSRMgW-XtwX28jc3IcrV3iEce925ldupWf07IT0gPyCPwwNGY
"Грелка для верхней одежды, 3-в-1 (3 нагревательных элемента)",870 ₽,1 отзыв,"7 мая доставит Ozon, продавец ООО «ИРБИ»",https://www.ozon.ru/product/grelka-dlya-verhney-odezhdy-3-v-1-3-nagrevatelnyh-elementa-551213494/?asb=ZVnO%252FvkeObNRiAWlJS9N6016b172mIdid6DDq5zBtKE%253D&asb2=2k6YgoFDY5WR1RAGm21zMGkg8YTjdRb3jyor8obgnNezTTS76dVH_Nnh1swBdf8R
Электрогрелка пояс,999 ₽,5 отзывов,"7 мая доставит Ozon, продавец АЛЬЯНС-М",https://www.ozon.ru/product/elektrogrelka-poyas-200141874/?asb=AlyB1pc2h9r6RiKRejj%252FpzS2HBNObA5QCKNn2bq1dnw%253D&asb2=OaFfvKLSKLozB1CGiTH_RBHV6mQDu0__IZHXw78558A1_5P5JwFHwnL5k63s3taR
"Грелка электрическая ""Стандарт 3-в-1"", 40х50 см",983 ₽,23 отзыва,"7 мая доставит Ozon, продавец Bazzar",https://www.ozon.ru/product/grelka-elektricheskaya-standart-3-v-1-40h50-sm-193589478/?asb=BCUEG1xOjKF5mVLaODNokZP%252BIT%252B6iIqsY1Qaa1m0seg%253D&asb2=N6mEjlmnlXR92YJdhGlxTd8seHIcPW6GU_QSOzNE1uk9xTpEWghyMqF-SEZTrpi0
Электрогрелка КОВРИК,950 ₽,3 отзыва,"7 мая доставит Ozon, продавец Зинбест",https://www.ozon.ru/product/elektrogrelka-kovrik-154959291/?asb=4DopLSQNwhB0jovwlysYniX0UX7xurHyC0sADC0rcUw%253D&asb2=2FGkTOQyqUQdZk_nhk6mBJ5M8aiMdMoUbl_h5ldoKJ2e7R1I8_GyPyOG84I9a0sU
Грелка автомобильная ГЭА 1-40 (40х40) Брест,822 ₽,5 отзывов,"7 мая доставит Ozon, продавец АЛТАЙ СЕРВИС",https://www.ozon.ru/product/grelka-avtomobilnaya-gea-1-40-40h40-brest-230676954/?asb=EQwABXJOtpHkitWIaNENkLzk73Nq9QjCFGoWoEDu2Zo%253D&asb2=F6HKqddo4rMtpZ82xq5VsCxHOrR2H9PCSIenbdhEiZcTuiLTGaSNNMXN5E8A65O0
Электрогрелка Стандарт,950 ₽,3 отзыва,"7 мая доставит Ozon, продавец Территория Здоровья",https://www.ozon.ru/product/elektrogrelka-standart-285467554/?asb=w6%252Fp38zlWD6Yt6PTTTbYxdsGDR9H5l%252BCWi%252BGOxOLpw0%253D&asb2=iDXhV4M6LJzgzqjngN9M9TvdPW0VZVvgXTdfKMR0msyB_biM1f8KT4DTqlfjqXfV
Электрогрелка Стандарт-Люкс,903 ₽,1 отзыв,"7 мая доставит Ozon, продавец ООО ""МЕД-МАГАЗИН""",https://www.ozon.ru/product/elektrogrelka-standart-393439791/?asb=HUeAk5hfANusbcJrka93p2nAG24woJ3Dd9CpTTzNuq4%253D&asb2=YFsdL9rY74FgLs3baBu1rQe4IOTaRx0cK_91lZHrLRexM5MJtqH65BY6ReglXH1_
"Электрогрелка 30х40см, без чехла",915 ₽,12 отзывов,"8 мая доставит Ozon, продавец Альфа-маркт",https://www.ozon.ru/product/elektrogrelka-30h40sm-bez-chehla-340605687/?asb=%252BPq3isnY%252BVdsCzIefQH3f8DjOKzEKdJgxulSzIpOGde22QPRUKkWKbzp3j4yNeZs&asb2=o3TVrZT98q8HUgjc8_QnBdoSmPNDl5MD1URL8qgSV4e9KSK2gWzAAnfEQrRibhRuzWTreVdym4-AXfYeCTpIUl0R6RI-4BUNs5kxe5YHAPDpY_uuO7SDf7D11GVh4Gcm9BEnu6N9hVA1velm3T0WVA
"Грелка электрическая Инкор 30х40см, с системой защиты от перегрева",997 ₽,2 отзыва,"11 мая доставит Ozon, продавец ПрофиДом",https://www.ozon.ru/product/grelka-elektricheskaya-inkor-30h40sm-s-sistemoy-zashchity-ot-peregreva-410616877/?asb=sw4yn6kVm98Sm3mMmPnLmNRS1EJRryUCV9exWU%252F79Qw%253D&asb2=XSaZrVSRbLiO8tWyGW2kKlg59PoP1PcsBAtrhCGzGk0nwrFcgIbJStjDRHTqq47P
Грелка автомобильная ГЭА 1-40 (40х40) Брест,845 ₽,3 отзыва,"8 мая доставит Ozon, продавец BEST SELECTION",https://www.ozon.ru/product/grelka-avtomobilnaya-gea-1-40-40h40-brest-323373274/?asb=PVLPlplJKNulwGKrtrK6c3WAYOCXSbZkFEfKqPie5pk%253D&asb2=K67n3dVfEejpANEnj7CtN64IXoryoKUxHRGiaxWBfU8FiIkH32J29QiQGKIbx4aZ
Электрогрелка пояс,1 000 ₽,4 отзыва,"7 мая доставит Ozon, продавец Зинбест",https://www.ozon.ru/product/elektrogrelka-poyas-154959311/?asb=vF7pEvKVS6Y0yVJFc3nQHWeR7PLiMkViyu1utLPgVno%253D&asb2=4oDAz3chmsHpCtC-G2PuFG77j9av2_smZPL9XyTgvoPNHp71q8cO55zeXJbEvX_v
Лист нагревателя одежды,777 ₽,1 отзыв,Из-за рубежа доставит продавец Pet Shop,https://www.ozon.ru/product/list-nagrevatelya-odezhdy-333927441/?asb=WkVpsm%252BFp%252FP%252BgCAVYYd9MOZsktuKMbwBGVWIWQSIZdkdK087tJ1cbbp4bxr%252Ba5Z4&asb2=b1q_lSl7SURuCVyFoHBZdAgxmWLHCNdRG8JEMMVd3MFVUdrpdMT0tsHFvZWWsxCWup_XbFyfVrahuTThMyv1yUzXJ3THtmLOm77xuZALAzWNn576aS78-CVKgHrPBxngbHuL80l_ezAWKMwN0eZiTA
Лист нагревателя одежды,803 ₽,1 отзыв,Из-за рубежа доставит продавец Pet Shop,https://www.ozon.ru/product/list-nagrevatelya-odezhdy-333927404/?asb=EtZWeU4GZownYhUyFBGHJY23VGFB0iCI528ZWi2BfS8%253D&asb2=Dm5pcs29YRNOl0X6kqPSCcc1l9JsTfyoRsSZJYLoheUx41sMsm56C051NVg6mjZLRT1KCuI_js8drcn_fh3BzA
