"Средство для нейтрализации кислот Syntilor ""Esterno"", 1 кг",860 ₽,8 отзывов,"Завтра доставит Ozon, продавец SYNTILOR",https://www.ozon.ru/product/sredstvo-dlya-neytralizatsii-kislot-syntilor-esterno-1-kg-166729258/?advert=HS94yJxILfQAAdxXkRPxtYcDU7IyrxJRUzi8ugKXq-9KVBuV7P2PQkflFnG0X67a5DJoObhpfMXzvoBuvJQQBeGnmGbkGiei9A0qicnbEMOTJKaTU32tLtcCZ2_Qv0wwRy-koRPJgANYQ6PUkyyL7KiT8rsuCukOl5BGgvuVDU_GfST3QgXs-wM7iDGyEmjJiA17trwXqbR7nHWMWFVuXrNk4Ia3lwSEy5Y0xBgQLtPUekfUxh8SJrZ5yDlxi8sJnFmvg3dsJ6UdxzJ1c0C_7YIQ_mLtiiESItOL8_rrUgllx5gBgGp-1GU9Ju66qTQpd6HYit5ybWNuAKrRV44b6BtqgqL-JBHGY_g8pAx9z6I8HncufJoEt0jP8UfXkTKGwS4RPnqOekGzMeTtht5pDaFYCIH45m31hLq8CATh7b3OftIZIwcwD0og8Wz3Ie2r__ahdg6icZw4CRuiyJDv1vOVvqh1_Q1lKJbvHYiYxz-9nmTJc8TUOsoSa4iROuU6lMHM5ZNOIWhI_OZISmVA_SPBeYrgneRayrAPfAeh6hnPbbLCk85cvAirAA6dtsL5
"Средство для промывки системы отопления Syntilor ""Watesup"", 1 кг",510 ₽,138 отзывов,"Завтра доставит Ozon, продавец SYNTILOR",https://www.ozon.ru/product/sredstvo-dlya-promyvki-sistemy-otopleniya-syntilor-watesup-1-kg-166553546/?asb=uY1KKHMcprSQ9WkIjU04mNQ%252FayfqRw68AX1e0esVCKIW6ir29jrugM4jn0Wvc5X4&asb2=TkO_RPe5cI6EuoG9Xi0Zpet0hFELb-fwAJLsKZvGL3jmElaTLZ2OSDsslNZyiy5vJoMzu8-TeXBETi-KCpeQRQY-GzXuN5hOSN_n_kbEyXS-qG3GHxzZMufjjZjxPJb86bCZPnV9GMfNthvGbxa7_w
Реагент для систем отопления,1 015 ₽,21 отзыв,"9 мая доставит Ozon, продавец Бойлерная - всё для отопления и водоснабжения",https://www.ozon.ru/product/reagent-dlya-sistem-otopleniya-254483867/?asb=gFrH%252B9pRem7Y90K4BEyR4vYci77pLKaorxWb9mAgWuiPM4%252BIAGeNL7K850hQXcTC&asb2=I3feAoFF1aREWjZUa6PeNzVF5CCgiollT95oENTrDQ457GTdf0c8ul5YH2uuGHb-j4T-xYXjTQiRo4-2nPukDoh82lmo6I8Tx9bm-U0_XpUG4WDoavVZ7ry2pdvFgCBkBr4Of8Z0RP7GzaMQHJjI3g
Средство для промывки систем отопления GTphos,750 ₽,60 отзывов,"11 мая доставит Ozon, продавец ИП Неговора В.В.",https://www.ozon.ru/product/sredstvo-dlya-promyvki-sistem-otopleniya-gtphos-223768702/?asb=253T0TAF48GeTfkG7%252BvRSlWKUpaLCAZ0CMIqZycPij4%253D&asb2=gfH9L5SNwEE1gFmpv8RH2dKb-0HUiunWI2qxOfjFj4RngW9wha-d2E58kt9X3orQ
Pipal STUB KIT S Заглушки на шланги 1/2,210 ₽,2 отзыва,"8 мая доставит Ozon, продавец Pipal® Chemicals",https://www.ozon.ru/product/pipal-stub-kit-s-zaglushki-na-shlangi-1-2-214520132/?asb=kdBfSqD3H0PzeXuDkN4iliyd%252FLZHfI%252B0q9yXn754je3qSYSXauCqbMjTAd1KLhJ%252F&asb2=OJy3e5UospyC1haJpH2tFtPs_9F5fcBXVbOM1wMooMPoL4-Yc30cVBSebyL6Ql6GIWIdhXlkAPnp1YT31ISEYwOVlR46tz8_0lpCY9ByVQzs6Y9DeCU5zE0YvI1-UDqEPlZ0umT43agyuE6WNilrUA
"Реагент для систем отопления ALRO Универсальный ингибитор для систем отопления ""Radiator Protection""",670 ₽,32 отзыва,"8 мая доставит Ozon, продавец Экокомсинтез",https://www.ozon.ru/product/reagent-dlya-sistem-otopleniya-alro-universalnyy-ingibitor-dlya-sistem-otopleniya-216659365/?asb=Ju4ITWcDOlxty4YVfOP9XnCnu%252FyiYRb%252BFVXgo4oTYY6Y5aq6dbZUhLYAmIienaaP&asb2=JLHPmjZGgACpYrpX2p7t20qr1fzZU6XtXgKUuSge9Tl7L_4gzmtJJVCaBXaBMABnwXk8T-TwLNf6BtfEaN1Z8EiUxOpg4NLo4Yskq7Z-_gUlQXR53nz9QOISXsBWHfNWdfixWulLN8clL5paf_orhQ
Теплоноситель H2o,378 ₽,10 отзывов,"8 мая доставит Ozon, продавец ООО ФРАДЕ / FRADE LTD",https://www.ozon.ru/product/teplonositel-h2o-174707476/?asb=UtgEM6K4S%252ByPd6F2dElgO7cnCU8QH31DpKtu3rKssWM%253D&asb2=br4nADGLFu1qdhuXkDZqHLNwGEMeMcq1vkva4mz9B7V3wOv6egcfw59O4d94j39l
"Средство для промывки систем отопления, Реагент для систем отопления Новохим",647 ₽,5 отзывов,"12 мая доставит Ozon, продавец Мир Абразива и Сварки",https://www.ozon.ru/product/sredstvo-dlya-promyvki-sistem-otopleniya-reagent-dlya-sistem-otopleniya-novohim-484540223/?asb=JEKFg17Mx21u7ubNvvkYrEnH0HySJa6NeQE8rBk%252B3sc%253D&asb2=icj3mYabSk2OTrGDXxoOkmlocmJXTMiIr_n-W5rJ46EyIglU6ziz1rQPs74VFx_e
"Средство для промывки системы отопления из алюминия Syntilor ""Watesup All"" , 1 кг",650 ₽,60 отзывов,"Завтра доставит Ozon, продавец SYNTILOR",https://www.ozon.ru/product/sredstvo-dlya-promyvki-sistemy-otopleniya-iz-alyuminiya-syntilor-watesup-all-1-kg-166554004/?asb=UXU8pQ8FXxfOsA23KxK6Ph2yL7Auakzobim2Dq%252BdFtLqhjojX0pijqbRbmNSRrA5&asb2=dMMAbsqpqtlcAd3dIhKvdHXP-Pyaco4DNvPqsUCI5FiitxpU3io0OmhavKuFFaKcgggkAwU-ddx3JzKcz0K8_M6ParPrPLhQOo6WFjmIPJksrJWSOs6NOKEoZJIVIFKWZS9ZwpJ8QSduk9sXI7Fxzg
Реагент для систем отопления SteelTEX NEUTRALIZER 1 кг,320 ₽,5 отзывов,"8 мая доставит Ozon, продавец Pipal® Chemicals",https://www.ozon.ru/product/reagent-dlya-sistem-otopleniya-steeltex-neutralizer-1-kg-213093073/?asb=zZuBRLPNhN26fakBia1l2%252B3jLBPuJwk5f7ip%252FPR4XUnN1hWBqAoaUu%252F39UgTylIc&asb2=ajjCYZ0k-ltYLNH59A6HgFrWHBAos03K4MCMx6sRAaQfyl34TQJbmuPqcRAsI4_to4x_4YBDgISXBoHr_qOtpXlnJfqk853mRkoZkpnVuIVJV-3lYrZbwzW4e5QmCySQ_9c3kJlzCzIC9etHBVCo-g
Реагент для систем отопления Новохим,744 ₽,1 отзыв,"12 мая доставит Ozon, продавец Мир Абразива и Сварки",https://www.ozon.ru/product/reagent-dlya-sistem-otopleniya-novohim-488616822/?asb=DgqD3gdOyTyOxN1%252BjOhRNaGEods%252FqDwxb9FW6SXP5io%253D&asb2=D5BGFqvmeE7DOVYn7bKCHsLVzw1jaN9aBLqUrKK_IAKRTW1McIbOFePFGJ0MP4WQ
Средство для промывки систем отопления Wellness Therm,800 ₽,5 отзывов,"8 мая доставит Ozon, продавец Московская Тепловая Компания",https://www.ozon.ru/product/sredstvo-dlya-promyvki-sistem-otopleniya-wellness-therm-233942697/?asb=WmFR9CiRjh%252FFgSptMot3WrmjemaOho3K3QWBhUvmsdc%253D&asb2=WbywMK6R6EDPzh8zDAiaqaWHJqjp6pncU2GwYAz9Pd3PMlX8JjMyBwLjA4Xy8YMQ
"Реагент для систем отопления, Средство для промывки систем отопления TermoTactic промывка от накипи",500 ₽,5 отзывов,"8 мая доставит Ozon, продавец TermoTactic",https://www.ozon.ru/product/reagent-dlya-sistem-otopleniya-sredstvo-dlya-promyvki-sistem-otopleniya-termotactic-promyvka-360273078/?asb=74YAPSdRo3eMY%252BBj%252BbPq9s1Xftc4RPNDqdG7Q6z46bc%253D&asb2=gbv8rwxTzoCD4oRPias3RwVHfGwwA9i68njQUi2w5yLEXfxE-4KmmZIjPKYUnP6R
"Реагент для систем отопления, Средство для промывки систем отопления TermoTactic жидкость для промывки систем отопления",400 ₽,2 отзыва,"8 мая доставит Ozon, продавец TermoTactic",https://www.ozon.ru/product/reagent-dlya-sistem-otopleniya-sredstvo-dlya-promyvki-sistem-otopleniya-termotactic-zhidkost-360323124/?asb=IvPwNcECmW%252BchElNlKk92TjGyrLtmAl4fY7V0KlhANA%253D&asb2=WUos6QQlaVnsR_kfCn6LvIdT71yOqzR9hPPU7kHYs0NWBHPTonpYg6Uvob6xoks9
Средство для промывки систем отопления Wellness Therm,700 ₽,2 отзыва,"8 мая доставит Ozon, продавец Московская Тепловая Компания",https://www.ozon.ru/product/sredstvo-dlya-promyvki-sistem-otopleniya-wellness-therm-236931095/?asb=KPwz4QzxASoJaCD785n9LB47ICcphq56MEvhUfA8ZrY%253D&asb2=d4QHPJFPi_EdQmDDUC2JTMf4Dh8ejLM6mkVqK-18v3w0V4YyURI4rX6fmBYarXX9
Средство для промывки систем отопления Wellness Therm,800 ₽,5 отзывов,"8 мая доставит Ozon, продавец Московская Тепловая Компания",https://www.ozon.ru/product/sredstvo-dlya-promyvki-sistem-otopleniya-wellness-therm-233939947/?asb=UJ0G42vydNg%252FS3YBlUheN7b7MIeS7%252BN2jsKyS9xqe64%253D&asb2=Oi1lFz6YzJCkNrq7OqgqcVWdnkplfMfjM2nOSDlxywNu-YJuMDUVF5hIum7UMihS
"Средство для промывки систем отопления, Реагент для систем отопления TermoTactic",500 ₽,1 отзыв,"8 мая доставит Ozon, продавец TermoTactic",https://www.ozon.ru/product/sredstvo-dlya-promyvki-sistem-otopleniya-reagent-dlya-sistem-otopleniya-termotactic-360243937/?asb=CIg0TjLxXsbcssXWC5dJAIGaTQ18h3cjWncNbrJlGuc%253D&asb2=f7A7dvwcvuoImmWCHhmxNNjLj5rY1bXBFvZLsx7bRD8U6Pvw-YA3feWz872XmQOl
Средство для промывки систем отопления Wellness Therm,800 ₽,1 отзыв,"8 мая доставит Ozon, продавец Московская Тепловая Компания",https://www.ozon.ru/product/sredstvo-dlya-promyvki-sistem-otopleniya-wellness-therm-1l-234131294/?asb=mlvfTHq1YQfcnnj3kBlBT6phY9549OZLUzSIHxb9cRg%253D&asb2=ToL_PrvpFL5pnLYo866i7eRZ4DSyj3yPkvivIcY_wmK9BE3Z6bObWXbzgItcmcCz
Реагент для систем отопления SteelTEX NEUTRALIZER 1 кг,320 ₽,5 отзывов,null,https://www.ozon.ru/product/reagent-dlya-sistem-otopleniya-steeltex-neutralizer-1-kg-213093061/?asb=kjfgeXMu9bTIsbztNiRIf7lYVUlWWb1MbDVxkSXscVSwsKc5Bt9oCVrTj%252FYWBLdj&asb2=Jyw_AAOcxPxKPHdWFV2d8y_KGdrca7wDIBn7qlmx-a7AMEvWqSfwQtcU-_Z6V0CikKFx-v6ReLFghGTAIGW_kdD5ICA-PopzCreUOiLBwc-BRxeNFRjP5PfQXXou0jLGvztJ3DZvjzAALj7AqOx_XQ
Теплоноситель ТЕПЛЫЙ ДОМ -20°C,562 ₽,2 отзыва,null,https://www.ozon.ru/product/teplonositel-teplyy-dom-20-c-393201158/?asb=RyV5ktLiuzBGvWaSiTHXtI3phWTN136OPR1ZdXXqa1Y%253D&asb2=wcIum9Tq87XvVwXgtAf5AssVoyupQvPxD_bnXM39htNl67OBkrKKKMAuAyP8h5bX
"Средство для промывки системы отопления Syntilor ""Watesup"", 1 кг",510 ₽,138 отзывов,null,https://www.ozon.ru/product/sredstvo-dlya-promyvki-sistemy-otopleniya-syntilor-watesup-1-kg-166554383/?asb=QRPxCCCNCDhE8SYwwM4Sd89GHrhi5tIGPQzMHDlRaqK%252BacXhpJcUUF9AsOldNHHX&asb2=mJ6APGPxy7QCtwoyRPrxzqvpta8XnsnOx4dw6tuSrbwfDd0iNFn6il9v6pnf7jlhvmiLvfHS3lduuCv9N5SSlKrim5HLjEeJD7gCssqtNjzyfhDnL5Hs_9ClvUSgfxz9mwK4UkDxmaDmeUnnBQIlng
Средство для промывки систем отопления GTphos,750 ₽,6 отзывов,null,https://www.ozon.ru/product/sredstvo-dlya-promyvki-sistem-otopleniya-gtphos-230678366/?asb=PnShbnSCtfqK1xY1aVo9of8ZlWGN40T605Jsr3UugYA%253D&asb2=fYHvvZ1Yt6wUhkyzw530dkMy0Wx_oxykS_DwvrPsM_XzMoXh68IKV6sQcC7Ht7w_
