"Капа для единоборств КАТРАН Лайт, прозрачная",171 ₽,113 отзывов,"Завтра доставит Ozon, продавец КАТРАН",https://www.ozon.ru/product/kapa-dlya-edinoborstv-katran-layt-prozrachnaya-166148360/?asb=fFw4by1kHkInShcODqykuHo7e3zgw7L6vqIMJVX7%252B8zkUvje7ohoRFsWOyk1sInz&asb2=07j2kZa97HeixQOvNYjSk-sva_VcRiQEWr-yrDxlfiMClzOcg-6qhagM-1hi91MwWIfse9xoFiwp_Cmh3yzVEK8-GVAhGYhhHZ3V4O0DO0_jC78O4akoePcBCV_cJHIYWHDExlIKuoBV_7fCmSyw7Q
Капа боксерская одночелюстная с антибактериальным футляром / капа для бокса / капа для хоккея / капа для зубов,189 ₽,16 отзывов,"Завтра доставит Ozon, продавец Mads can",https://www.ozon.ru/product/kapa-bokserskaya-odnochelyustnaya-s-antibakterialnym-futlyarom-kapa-dlya-boksa-kapa-dlya-505124592/?asb=nZ7D8M9119aX%252BnvuDEV2ubvM%252BO6%252FT%252BEkoGAXX5IehHUMCco6wOtPQX0Hh9yweUnq&asb2=f4duhvhA-W27ZRblDQYoNCInGiH-dqfLuvaLwNan57fZ7EAyg1ViMkkLtCmNwtEAluHW4J5wzMAuMY9HY5l7eGTFTPQYYYp8C-XXLBCLsXXyKwt8QhD1-pJKYpHZHnJE-2drIv2dEelVYUpK3iT7rg
"Футляр для капы, контейнер для ортодонтологических изделий, лайнеров, ретейнеров, желтый",180 ₽,94 отзыва,"Завтра доставит Ozon, продавец КАТРАН",https://www.ozon.ru/product/futlyar-dlya-kapy-konteyner-dlya-ortodontologicheskih-izdeliy-laynerov-reteynerov-zheltyy-404069687/?asb=A9Cjb33BT8tpkgE5ZF2BXSFOBzcODnv3HINTiBvY9vRMJZEWdFCezl51LyRMXx%252FV&asb2=RqOg7pj_eOs3GW45zKo97HKu3YCEE8U2ffurPjUXPwtOIxsUyrlN1ZaziEqPfETROjBFI0wngJERirxXa3N-FhFvJRHWae5_LNYNShHtKult530KOLn8BuEiD0DpBOoHdvzgQPvvYQN5Sr3EolnmUg
"Капа защита для зубов, боксерская одночелюсная , одинарная, с антибактериальным футляром, трехцветная.",399 ₽,190 отзывов,"Завтра доставит Ozon, продавец Best Seller",https://www.ozon.ru/product/kapa-zashchita-dlya-zubov-bokserskaya-odnochelyusnaya-odinarnaya-s-antibakterialnym-268683472/?asb=syUp0vhHDKTxTiKY9BQvOELdTDZJAHLVrTX3JY%252FoBas%253D&asb2=aLZ7pQbwWFs8s45YtjIL_SgzQsmlqYbAsS90YLxx2Ri-1pQXUmQL0IWGUQw02Gz0
Капа боксерская одночелюстная детская / подростковая в футляре,329 ₽,174 отзыва,"Завтра доставит Ozon, продавец Sprinter Sport",https://www.ozon.ru/product/kapa-bokserskaya-odnochelyustnaya-detskaya-podrostkovaya-v-futlyare-240666131/?asb=DdO%252BITDls%252FOrKkk7u8lZHH7Yaj3uPHVVKO5zJPFYHjg%253D&asb2=taFIJhqlkfbz5nzzmxeNM5z-hpoziMzVKlxrUmsGFxx8_8a04HDwNxTwQA3ik8Zf
"SAVE&SOFT / Ортез на голеностопный сустав женский, мужской / Бандаж эластичный / Суппорт / Ортопедия",269 ₽,29 отзывов,"Завтра доставит Ozon, продавец ЕВРОПА",https://www.ozon.ru/product/save-soft-ortez-na-golenostopnyy-sustav-zhenskiy-muzhskoy-bandazh-elastichnyy-support-ortopediya-228706707/?asb=bte2f8DcEI2xV%252B0%252BWoHIhp2yCVc04VESOIBqt7HNqEM%253D&asb2=-uoWPhPcA5SroAT5FxGxYOGbumZO3fezC27dK7rX_MYE2X7JuWc7zURa9GhR0j6Q
"Капа 1-челюстная взрослая INSANE LION IN22-MG100, силикон, прозрачный, с футляром, капа боксерская, капа для бокса, капа одночелюстная, капа прозрачная, бокс, единоборства, MMA, кикбоксинг, самбо",246 ₽,60 отзывов,"Завтра доставит Ozon, продавец ООО ""Прайм Спорт Рус""",https://www.ozon.ru/product/kapa-1-chelyustnaya-vzroslaya-insane-lion-in22-mg100-silikon-prozrachnyy-s-futlyarom-321374342/?asb=c6Pd7XfxPWLWB5ZeVIDoQofwGGVmNwAjVmEzPlvPd7U%253D&asb2=TSI6qEm5ZK1camDTYhB-N9F4z1Q_U14KVrpIGlK3G_CVHmWbwqzlj-onAUdbdkuo
Капа боксерская одночелюстная с антибактериальным футляром / капа для бокса / капа для хоккея / капа для зубов,189 ₽,9 отзывов,"Завтра доставит Ozon, продавец AtomSales",https://www.ozon.ru/product/kapa-bokserskaya-odnochelyustnaya-s-antibakterialnym-futlyarom-kapa-dlya-boksa-kapa-dlya-518156783/?asb=mMFU17lTJ2%252Fkk5GmjRKq9PVZRA7bgqU8B3QHKUOcn0EvVE9DghwqiFT%252F8FXAG0JH&asb2=mPKFSoCj-9fhXxUt0INNgVmKSjDf48ZRZawJla97CGQM4abFTfFLSY1EZB6pqOiEPBJ9NiKCTp6m2J2PBAKtSQEFksBOuoAZEQ_f41Zb2LNuLLSYp2sAq4-upRLzo7iFVlGqLfLsMEwYnWjsUrXS2Q
"Капа боксерская для взрослых / Одночелюстная капа в черном стильном футляре / Капа для бокса, MMA, рукопашного боя, хоккея, американского футбола, черная каппа для зубов",690 ₽,145 отзывов,"Завтра доставит Ozon, продавец В два клика",https://www.ozon.ru/product/kapa-bokserskaya-dlya-vzroslyh-odnochelyustnaya-kapa-v-chernom-stilnom-futlyare-kapa-dlya-boksa-280207976/?asb=QXyFP55Iwi79oK65bdlvM0Q%252BB%252B9hLvPOsUgESGPxDvY%253D&asb2=6XhWs1TF6DKnRCqmFQJMkEGpUvmp8Cae0Uf262TkvDN2eUZwujty3xEG6yzeBNmL
Капа боксерская двухчелюстная с антибактериальным футляром / капа для бокса / капа для хоккея / капа для зубов,239 ₽,7 отзывов,"Завтра доставит Ozon, продавец Mads can",https://www.ozon.ru/product/kapa-bokserskaya-dvuhchelyustnaya-s-antibakterialnym-futlyarom-kapa-dlya-boksa-kapa-dlya-504903866/?asb=Mvs7Sq81vgJVhEs58lUukZWwDPflOwh8DtcfzR4Vqt6j3gew1GlOjKDopRQzElXd&asb2=Jv_ehYD4Ukc1DQJ9QUehonJUd7QjuVtmDHJEFIaYf__XAbqo7gsNh4uyaInz0TiKa3K8PeYwXh6F3DTyGIe3F9UPGtRrPmFlzT6AnS7DFMr-I5HFEXop6DdfA5OLzmIVHB7ETbSUaqGIZG4AzJDYSQ
"Голеностоп с компрессией, Bsocks",288 ₽,11 отзывов,"Завтра доставит Ozon, продавец ИП Ходыкин А.Н.",https://www.ozon.ru/product/golenostop-s-kompressiey-bsocks-342224467/?asb=Hgb4frNooXjjdbv3GoNgAHV1LRB4U9asC3iNQ8fIsY0JWxkwbZ1vNneLDL5%252BKoaH&asb2=f79fYDMGlPkMB3lT1f6h-BUDotbUaSNfw-QX7O-c-jZM3LY0c78lRwRAFWCx_AVYPX_wllooFOU8LSfT4-5p_QycqbfyzYWzePUJ8c2Qb2IHoiXlLgECDkTolaNyM7NLFn_2CDFu3ktg3fwCms0-rQ
"Капа BoyBo Jab, синий",699 ₽,30 отзывов,"Завтра доставит Ozon, продавец FREESPORT",https://www.ozon.ru/product/kapa-boybo-jab-siniy-197006330/?asb=fYnQ8ylUSg2qevgWkNCB93MLfEt51xi2PFhqd8jwYrzcRi5ee%252BHBpnQMVzGahng9&asb2=WukyHv_LD2tebiiTrqDFuH3gYp8rUOLGccYC8liddreuj-iBXM_cS5etQ8jZk5QXSe6RYFLttBJV6A_pGbyzFSHspWRa_YZGctjw-3tJ3Y-DWM4x9AiRJt3UkHF1c0W4Yrh5hjxtIQJbdTIPmC5jYw
Капа боксерская GCsport BadBoу Prо одночелюстная (Черная),649 ₽,1 отзыв,"Послезавтра доставит Ozon, продавец GCkids",https://www.ozon.ru/product/kapa-bokserskaya-gcsport-badbou-pro-odnochelyustnaya-chernaya-537570698/?asb=RuEKbGFM6Tp%252Bzv8Z4SVQ1uwbdN6mS2ARKf3vZKC4rWk%253D&asb2=lcdzN_bJtKXvkOaz9_uUqTk3NXO2HENvAMYwWvoQGH1DF_aeX4yHMPQYgDFFUmjt
Перчатки для тхэквондо WTF с напульсником на липучке,690 ₽,71 отзыв,"7 мая доставит Ozon, продавец EVA SPORT",https://www.ozon.ru/product/perchatki-dlya-thekvondo-wtf-s-napulsnikom-na-lipuchke-340105128/?asb=KdPDqHcX2Qdrjmw0%252FL0OJppcYU%252F%252FyqucUVTDVn4JZtY%253D&asb2=c6p46IBG-hoJuT6fHV0xk4Hz4oAQctpos8EA4lvfE4h5swgkgn6V5J9tnz-bIOEr
Капа Demix,799 ₽,31 отзыв,"Завтра доставит Ozon, продавец Спортмастер",https://www.ozon.ru/product/kapa-demix-210174072/?asb=pYeVDiECD0fM9K%252FwnDPatdYtAN7uaxQEa5BDVFLT5J8%253D&asb2=Ha_S7e4t4jRdyrI6JcA-Y08T9vuwsoQq8NGJCOWfyIDd5-TaDm3KCd7si6eITwhj
Капа боксерская одночелюстная детская / подростковая в футляре,395 ₽,33 отзыва,"Завтра доставит Ozon, продавец Sprinter Sport",https://www.ozon.ru/product/kapa-bokserskaya-odnochelyustnaya-detskaya-podrostkovaya-v-futlyare-284686028/?asb=NH4kon9Hk0Pzwl3cZIF24umcOfUGjklJMEwDfDFKlps%253D&asb2=T-6r3MNyJZFj21xwd5abxwBKBFnIK4PtPmlpXVb-jeZucuEr4mDfza72IupysJUT
"Капа КАТРАН HardPunch с футляром, черная",402 ₽,3 отзыва,"Завтра доставит Ozon, продавец КАТРАН",https://www.ozon.ru/product/kapa-katran-hardpunch-s-futlyarom-chernaya-505555618/?asb=4tdJFz286QDCHzrSR8nU9fYRb0%252FgqOG7DHZKLSYEBtLjBJeEFha4qod7%252F1Ae1tTV&asb2=CJTtaT-xyhmGdl-7ERg2IEfevNpgAHUZQKUuDUxJ5p1YGzgR_Wrn_66pqu_CzjwMoO_2nJk4hu1KkBAHG8_F2r4klEudAaxXMOU46EfFQQJeX9OOyykA0hxEDvGDzsmbGXCT9xiOUODNGGzmTSS5Fg
Защита рта (капа) Flamma Blizzard черный/красный 11+,587 ₽,7 отзывов,"9 мая доставит Ozon, продавец АТАКА единоборства СПб",https://www.ozon.ru/product/zashchita-rta-kapa-flamma-blizzard-chernyy-krasnyy-11-441203357/?asb=YnR59BNbr6HdEt80bvVMnwNNTODNDFNCHVxVAfkmDW4%253D&asb2=7hdKDPViGIqDk6cMgHfWLE0ccXV3w1uuUxvz8diryP_WPM3AY5ha8AYlkw2Hk8kK
"Капа одно челюстная FIRE ICE, подростковая, в коробке, латексная, оранжевая",325 ₽,13 отзывов,"Завтра доставит Ozon, продавец Faire du Sport",https://www.ozon.ru/product/kapa-odno-chelyustnaya-fire-ice-podrostkovaya-v-korobke-lateksnaya-oranzhevaya-466600636/?asb=qFJxQuG6fPQ%252F3L39b9MNRBt9XC%252BTcsHuH8TKFB4un1CS6PKbF%252BbpdVzdRG9uDrMn&asb2=Huji5BAFpJ9kK71yTlzGAulB4DnbBAbzq1YiMz1E4KASFM3qQRm0-G8CYtnLb6lEL196odi83TO8W7amNP7vdMEev_6lKWWe6B2w3L_wDIhOLHOhEwaleCc7Hdb3wCWPvkN69nbzfkTrBRuDEEe3cQ
Лапа-ракетка хлопушка лепесток для тхэквондо двойная (1шт.),949 ₽,35 отзывов,"Завтра доставит Ozon, продавец Sprinter Sport",https://www.ozon.ru/product/lapa-raketka-hlopushka-lepestok-dlya-thekvondo-dvoynaya-1sht-423297824/?asb=%252F%252FcUC%252F5HHpll9JmwA0lDydadGT8%252F4iHNCuZCUBZjUAo%253D&asb2=FeqUDqRYjf_UEMcuA2q3q8YIRN1RpBfZzBnLfySeFmQ1wkCUmhd9DJ7Ji6sE7UoI
Капа боксерская двухчелюстная с антибактериальным футляром / капа для бокса / капа для хоккея / капа для зубов,213 ₽,2 отзыва,"Завтра доставит Ozon, продавец AtomSales",https://www.ozon.ru/product/kapa-bokserskaya-dvuhchelyustnaya-s-antibakterialnym-futlyarom-kapa-dlya-boksa-kapa-dlya-518156652/?asb=ahXJInCWb7KVgKxluA7O1c%252Fp%252BsZ%252FTJ7DFLXYm2nJev%252BxeOCkEryTc4uMl2PJNJUO&asb2=7CEHoTGi3SdrVaTRFuDxdzkRlU4UKBzk6iOtZKx0yw-sa72y8ZgvmVe0PmtvFC4pAja7Ptt7MxGF50zw7tvvwTX2DhxRqj7iw62ySAMfRZ_m8zKUQ9q8FhK_yroQRBW3uWuhrzlhjyLaTSd3RTrIHg
Лапа-ракетка хлопушка лепесток для тхэквондо двойная (1шт.) (без логотипа),849 ₽,35 отзывов,"Завтра доставит Ozon, продавец Sprinter Sport",https://www.ozon.ru/product/lapa-raketka-hlopushka-lepestok-dlya-thekvondo-dvoynaya-1sht-bez-logotipa-407767999/?asb=stMNeBoCVc2oHbogKiDH1Y%252BVPCGySRs%252BwgVN5A9OBqJZ9Rzh8j2M0nAOI4zpkRWm&asb2=zUelAloQVbGkTfLbPVZJE_gVJv4pBdiugyoxq0ej84ObnhGKmozFEiCPmtTKj-Mw986H-NWqVYzVqMaTwn2t6wovsAOcQ1E11WMUmrFJx-fWwu-an69OfUtYJlXvCqfeUfGlNhVafY_ncvmIRPMwAg
Защита паха AML черная (M),550 ₽,29 отзывов,"9 мая доставит Ozon, продавец Единоборец",https://www.ozon.ru/product/zashchita-paha-aml-chernaya-m-244483166/?asb=5DTTP1SCfBeCO%252FOUwEFvGTodSdIxCGPe0vm5HsjKOaE%253D&asb2=oAybkjaotfjEx9iDzWkq9taIzrx6dkwV94pjMcoFDwmAKQ0XBetKOy0UrUto-whx
Раковина Virtey SG01 XS,388 ₽,11 отзывов,"8 мая доставит Ozon, продавец Спортсмен",https://www.ozon.ru/product/rakovina-virtey-sg01-xs-228916557/?asb=EXEpjjcob4%252BweHlqbPbTgfM7RACR8EGVMXZfWPw3ATU%253D&asb2=XsG7t-8x1Cvqy65PESNdxc9OsKicNNzAaUEffSuwxobJwftc52bDvp62dl1qAzpk
"Защита паха (раковина) ""Ayoun"" (черный) S",630 ₽,3 отзыва,"Завтра доставит Ozon, продавец Белавтопром",https://www.ozon.ru/product/zashchita-paha-rakovina-ayoun-chernyy-s-322258572/?asb=LuDGYtO%252F6eulkoIgfty6QroJ%252BxJKgd23sMNdtiPptxc%253D&asb2=8Way-gp53hGM4BRENW00S_OeXjJI5jdFkOqr5C37J1tasxsTMGVH0lBbVHKFJd1r
Капа боксерская юношеская одночелюстная GCsport,290 ₽,1 отзыв,"Завтра доставит Ozon, продавец GCkids",https://www.ozon.ru/product/kapa-bokserskaya-yunosheskaya-odnochelyustnaya-gcsport-471617173/?asb=H7Yg5X9m8R2BJz63jlA%252B6ohM27eJgvNRzIsjrWr06F8%253D&asb2=kZPvZ5r91TNVC38QurzMsC5o1JzJLVPSdUCAkQ4WGsPv704F5ymwkhTowCW9p6d9
Раковина Virtey SG01 M,388 ₽,16 отзывов,"8 мая доставит Ozon, продавец Спортсмен",https://www.ozon.ru/product/rakovina-virtey-sg01-m-228909092/?asb=2UqhYAV6x7aJgesUywghEATIGGJDPio1MfRSgdZJZN8%253D&asb2=9dW8J3CI4bvrtB49FftThqUOWOJIcABEGghrdbXLCj07Jk7XL1lqevZKhOQDHS4t
"Капа боксерская TORRES PRL1023WT, белая",274 ₽,18 отзывов,"7 мая доставит Ozon, продавец Sportsberry",https://www.ozon.ru/product/kapa-bokserskaya-torres-prl1023wt-belaya-208550171/?asb=CGz5M0yK7tqh7xGX98A6UpTvNEcH0aY8bM%252BN%252Bzahbi71zmwjwlGZR1G3ynpjgQGg&asb2=8oQ1LaPjKEOoboP6DwZzfo7dWHBUtgVUAZCXjBWuaEXTDCpCaKMNwIGboaP5uxvX4GhCNYmFdJo0B1u8VJ7UlVR9W9mWE1aYtnHM6YFele33U8q3yiKeZNpEHe5uU7Wvfy_7TX4xXrHlD3BAnAR8Nw
Кимоно для тхэквондо Ayashi,900 ₽,16 отзывов,"Завтра доставит Ozon, продавец Ozon",https://www.ozon.ru/product/kimono-dlya-thekvondo-dlya-malchika-eskhata-itf-tsvet-belyy-ea-176-razmer-52-54-rostovka-188-sm-166764516/?asb=A4DaUXEasVL4idbicbKrQENjFZdb3zbRS42IhHCpCU4%253D&asb2=g0dZT9gDbeSfetdk4QJXEMmW740d_ruo5S-ywLpODI0czcJLAHvPX0RL9jcqHvFc
Капа боксёрская одночелюстная SPORTSTEEL(термо) прозрачная,155 ₽,2 отзыва,"Послезавтра доставит Ozon, продавец SPORTSTEEL",https://www.ozon.ru/product/kapa-bokserskaya-odnochelyustnaya-sportsteel-termo-prozrachnaya-482992572/?asb=KW76StvTXcFKDFXFJkd8BhW%252BSOQyTzRTfLFmM1ZMpinnZww19VzuWBzr%252B146L47x&asb2=sEY4A_ADHb95edkJ7A5vS1IANekDS-TDb1YV7oaKXr0dnu3KhmofqPj83372YSqPvcAymeXw-ttaB7YzMaXHnkz_u6bDfzccfGcdenER1WLraKCyOIycj_vGCBf3BxJl
"Защита рта (капа) FLAMMA - BLIZZARD MONSTER (гель,резина, Черный/белый) (Взрослый)",600 ₽,2 отзыва,"7 мая доставит Ozon, продавец TIGERSHOP",https://www.ozon.ru/product/zashchita-rta-kapa-flamma-blizzard-monster-gel-rezina-chernyy-belyy-vzroslyy-485257085/?asb=74sQlGMezFUUgbnQ2gGguRWzRJn%252FAIpYYHh7j5GsX0E%253D&asb2=LmV-kC9o3zPqk4yP6VRsDw5SbId87-nMp-R5-uLDEJ5dItAK1RRjQOUXydcSl3dE
Раковина Virtey SG01 S,399 ₽,40 отзывов,"7 мая доставит Ozon, продавец EVA SPORT",https://www.ozon.ru/product/rakovina-virtey-sg01-s-321790929/?asb=Kgex6IasovjXGfGJMSE8O8k6ZZmyg%252BI5ldElOPucDzI%253D&asb2=BGr0Q53sZwaSvyeL7ER09ICOpiPFv158uPSbCrzNvOgRl0QayEyACHw2wclvrrYO
"Капа боксерская юношеская / капа для зубов, термопластичная, одночелюстная, в коробочке, прозрачная",355 ₽,6 отзывов,"10 мая доставит Ozon, продавец Right Choice",https://www.ozon.ru/product/kapa-bokserskaya-yunosheskaya-kapa-dlya-zubov-termoplastichnaya-odnochelyustnaya-v-432959945/?asb=X%252FBwVXKLrwY439226ZslAc%252F70cpSExj2zbnbHXZT2Ww%253D&asb2=KW8tb3qcSG1OwPe2KoPbNmH2U-1CdmdkC2Ns-qAgpnDQU0QblJdbcF7Fs1s9_bFY
Лапа-ракетка хлопушка лепесток для тхэквондо двойная (1шт.) (без логотипа),849 ₽,35 отзывов,"Завтра доставит Ozon, продавец Sprinter Sport",https://www.ozon.ru/product/lapa-raketka-hlopushka-lepestok-dlya-thekvondo-dvoynaya-1sht-bez-logotipa-407762927/?asb=rKjXy%252F1i%252BZePn98vj%252By2KZ0n49hlHs8OMBQ26ESrdNB8Shi7Q3D7fkKGWenoBieL&asb2=3zVZsxOlX3KbyVfoEZ5qPeKXQgJKdPZmM6felNqCf2BSUqUhBRydIxqaHIBqIL6CK36UDcsRHPAai_vlOZ0zpJOlYBbEGAGsI58rIfyjqE59Ns0903jLmZp8NRM7OMK9vjXjsGvfI2NSt3bgr-aCWQ
Капа одночелюстная Virtey,178 ₽,11 отзывов,"8 мая доставит Ozon, продавец Спортсмен",https://www.ozon.ru/product/kapa-odnochelyustnaya-virtey-227243179/?asb=FceTEbd27WIUJ%252FQ%252FgZJTagL5bjLGPjICSs4m1mkRBx8%253D&asb2=I-EeEhLs6J-bKXMiBVIbZOat5cb6SynrfhmaCC9NhJjZRxMpDo8i5VBsjhdUrU5r
Капа боксерская двухчелюстная,423 ₽,12 отзывов,"7 мая доставит Ozon, продавец WB",https://www.ozon.ru/product/kapa-bokserskaya-dvuhchelyustnaya-290652626/?asb=riA58NBH8d479my4kOzHbtHrXV7rRVYBLuS%252F6itKAWTTIpXWiUo2l7h4OcJEmOSD&asb2=YEUxy6S8iIZUVMPcB1XIqTyzGxu9TTgWjWBNjKzqJzRJtet24QNW-vhYcE9Nt7-6gFWYxpXJSqtYzNi49D8BI41Wz4wsj4y1Qd18KTGDeciintCvQbcXVmiWgW96QS9BV_bDjv0gEhCAzeF5Ba8DCQ
Капа боксерская / Состав КАУЧУК / Варится профессионально / Усиленная защита / Коробка в комплекте / Синяя,950 ₽,13 отзывов,"7 мая доставит Ozon, продавец ООО «»""ФАЙТСТАРТ""»",https://www.ozon.ru/product/kapa-bokserskaya-sostav-kauchuk-varitsya-professionalno-usilennaya-zashchita-korobka-v-381524765/?asb=3n2K48i4%252Bj0f%252Fo3ii7PmmsrwaplvZf5Pa0oryhjxGiAFfdC2TexvlAvODhFYM8HY&asb2=0dfbjnco9uyw2z8EabqlH5xayE4o1amZoeWzdlyTyQT6u_TLC_fBb-bkpU4DhcppgMt6Cqm5WQd5OXi9fFoipVrRwPQZbjGk5y2hNMnm7G-mD_OKXfKOip2QICg_h5oRdoJPxUNOM7ZaWX9tpPhdFg
"Капа одночелюстная Single Mouth Guard Thermo Flexible прозрачная, размер Junior",586 ₽,1 отзыв,"Завтра доставит Ozon, продавец Combatmarkt",https://www.ozon.ru/product/kapa-odnochelyustnaya-single-mouth-guard-thermo-flexible-prozrachnaya-razmer-junior-149870065/?asb=oUMZeHxg5EZH5z1OnBWAaR2ZPVnqSzCNvXFm4hXxRZ0%253D&asb2=s0rGP3yA8IGAtBe_HIWGz8jE4PupkWuOw-ELQ_r_p5gvBXiiHkqrHe3v9qLfgmPo
"Хоккейная раковина игрока / защита паха / Hockey ST, подростковая",725 ₽,21 отзыв,"8 мая доставит Ozon, продавец mega-hockey",https://www.ozon.ru/product/hokkeynaya-rakovina-igroka-zashchita-paha-hockey-st-podrostkovaya-194815525/?asb=Jk0m%252B4QNwkrKRnX1TKNpPuHt%252F%252F5FH6hGbFrfRgX4zJY%253D&asb2=I_7qRZdTFb-N35C8N-KWRJlHs9P0Gz418hrxdmXIoIyStgmi7SLQObMxR4U6MYVu
"Защита голень стопа юниорская RONIN цвет - белый (S), защита голень стопа для тхэквондо, защита голень стопа для боевых искусств, защита голень стопа для кикбоксинга, защита голень стопа для дзюдо, защита голень стопа для карате, защита голень стопа",865 ₽,1 отзыв,"8 мая доставит Ozon, продавец JERUDI",https://www.ozon.ru/product/zashchita-golen-stopa-yuniorskaya-ronin-tsvet-belyy-s-zashchita-golen-stopa-dlya-thekvondo-478911213/?asb=JjzbgH52totmxGjqHX0Us79jBR%252BDlGyTcVj%252FDfwflisSfz6dSXXu7lXOgBMkZze4&asb2=rU244wfi7PYL8lifdnJ27VuOjCIz7ruikbVZSU3MWfC32jKBZCogbAiKFSwPKnZhTZmgbsUjSWnZQeVqEcybq03o4K-34GnD9Pp6WvbWLp1Uv3ReWOmWK2Q7_19x9JozH-eKsHHrh0fNXlmf6AmYIw
Раковина Virtey SG01 L,388 ₽,10 отзывов,"8 мая доставит Ozon, продавец Спортсмен",https://www.ozon.ru/product/rakovina-virtey-sg01-l-228913110/?asb=sXELK%252Ber4Oo3JlX46K%252BxEZt9qKEU2XwsR6DGLedyJIM%253D&asb2=KfQmmWUW4h8NoE_JaspeLlxMBICDfoylfMyGOE6f3OjW1m7hfZIU2L6ML2S40yOm
Капа боксёрская одночелюстная двухцветная в коробочке,290 ₽,3 отзыва,"10 мая доставит Ozon, продавец Sportaim",https://www.ozon.ru/product/kapa-bokserskaya-odnochelyustnaya-dvuhtsvetnaya-v-korobochke-473497495/?asb=F65ne2IHgrpRDHrC3FEDTeU72R6iIJxPiXmBuegMjAs%253D&asb2=QZJzay8vwAauKyeuIns0wUGjUnd7Kqa-tYDXtrvtc5zJaADfKKu5bD7P2VlI3JOB
Капа боксерская термо одночелюстная в футляре,750 ₽,20 отзывов,"7 мая доставит Ozon, продавец ООО «»""ФАЙТСТАРТ""»",https://www.ozon.ru/product/kapa-bokserskaya-termo-odnochelyustnaya-v-futlyare-381591800/?asb=8xQx1WwHT2%252BprnCn3DHzsOL9NcIq68bThlNbWxkjB2ic48rv8ikW1dMeRFVkSegR&asb2=L_cVE7Gr49Tdym4CdksSaGSNDed4YVorDf4lUDGs-plc5VUUpyiJ9rYGE-qBKDLmiiYRGPwbWnyFBj1ILCjLz-2QIO0Uf5eqhQD0fIDwbNBI81J3PcT795so7zTQaKEfwxdbeAfvy8QgTXOho2Sn4g
Капа боксерская для детей Gel Max2 Legenda черная/желтая 6-11 лет / Капа для бокса с кейсом,550 ₽,6 отзывов,"7 мая доставит Ozon, продавец OCTAGON",https://www.ozon.ru/product/kapa-bokserskaya-dlya-detey-gel-max2-legenda-chernaya-zheltaya-6-11-let-kapa-dlya-boksa-s-keysom-469586968/?asb=66scr5HAo9EcgSljYx6OCfUXtECHBfa2RaNDlWytIQQ%253D&asb2=wipzO3RkkZv6JuHMKszrGPLjBH1QBE3lpojDE_OjG5zPX1tSlmvo5xdEU33TKbSy
"Капа одно челюстная подростковая, в коробке, двухкомпонентная, голубая",285 ₽,2 отзыва,"Завтра доставит Ozon, продавец Sevill",https://www.ozon.ru/product/kapa-odno-chelyustnaya-podrostkovaya-v-korobke-dvuhkomponentnaya-golubaya-522425032/?asb=XToaLGvyUURBNvm7T%252F5nTNIQKz7CNt2UL502JdQ8GaDTSCEVafPX4NUT7jEnxIlP&asb2=VGoIAdLOU6N2seB7-Z1uKbSlYUQtGOTFRF3JNxOGBQ-UaDg9j4JSc6NoLC2sejjkA8iXyOiM2KeTPaiVi_Nd2lbA4d93LzFR9fcNZa8R_oXgGJP8w8NEgpoGfNO65fL4quNvXOnaHNLhs_tIOGFrRw
Защита паха размер L/паховая защита/мужской паховый бандаж/ракушка для единоборств,659 ₽,3 отзыва,"7 мая доставит Ozon, продавец ООО «»""ФАЙТСТАРТ""»",https://www.ozon.ru/product/zashchita-paha-razmer-l-pahovaya-zashchita-muzhskoy-pahovyy-bandazh-rakushka-dlya-edinoborstv-435001130/?asb=RvQX%252F6RCOxzWZD2dhkw1gCIWXmyaSia0rkyloFsV%252FXW7hANzbNOBobz1UfDDOhcX&asb2=4RClePfqhjmXjM15gY2vEU2MCxo_MZF5B9AF_dmkPNSV2btUoQfy9v5gCYJtK-PQGLv89o-H-3aLkgXlDI82IwIlqxVjvFdQ-3N9T5yHBbtGXrcyQkcGv6ctycaD0N4G_ceZ0zceuc13PbIVVsmSfw
Капа боксёрская / Капа двух челюстная / Капа в коробочке / Капа силиконовая / Цвет: прозрачный. / Капа для бокса / Капа для единоборств / Капа / Капа для зубов / Боксерская капа / Капа юношеская / Капа взрослая,422 ₽,72 отзыва,"7 мая доставит Ozon, продавец Я.Маркет",https://www.ozon.ru/product/kapa-bokserskaya-kapa-dvuh-chelyustnaya-kapa-v-korobochke-kapa-silikonovaya-tsvet-prozrachnyy-229422341/?asb=cOkcYxzCc%252FGCmVprrsGDEB2gASN1bLYgaMaywDqEBsyyRxB97GOjKGh0BIufqhkc&asb2=dZ8T-nyAvNSIeyTbKm0eR4JF3-m78VHk9c_uJOWAvdt2E3HYPrqfWn_djJKTH-BAVdjuwXDp8Fytpb239XvCW8eDKXHXRJ-RcuS3G6WVD1-UiFzTYik0PrUq4lf0kmTr002mnrNyoKJjuEd14LXDQQ
Раковина Virtey SG01 XS,399 ₽,37 отзывов,"7 мая доставит Ozon, продавец EVA SPORT",https://www.ozon.ru/product/rakovina-virtey-sg01-xs-321790935/?asb=%252FisSKSOJXZAy2NjYXpu6t9AaW4ycs6itUQ8hAyfj46g%253D&asb2=jeLQUO2WkPSsrh4oeksLmfIm5NF8V6dxRqgzOJNihsN4b5tEJv00Fj7adSZPK0V6
Боксёрская капа 500 размер L OUTSHOCK Х DECATHLON,699 ₽,13 отзывов,"7 мая доставит Ozon, продавец Decathlon",https://www.ozon.ru/product/bokserskaya-kapa-500-razmer-l-outshock-h-decathlon-174343120/?asb=r4rqQ%252BIxRbDifELy2R55xzc%252BzYu%252BdAu%252FD9CTwvPOsls%253D&asb2=B7nQ__RjlJeeIjTxjilPM71lnUK4BGwV6S1JO4e20bechIC3qsxU12mu6JXJEwbN
Защита голени AML белая (XS),700 ₽,20 отзывов,"9 мая доставит Ozon, продавец Единоборец",https://www.ozon.ru/product/zashchita-goleni-aml-belaya-xs-246205288/?asb=x%252Ffzxc2nbJe5DO9sqZu4%252BdpiAy5lza7aWntL2RzxpdQ%253D&asb2=d1jofghGfit5x4v2AnIHMY1Rmbr34zGW-nEUZTfUxqudPbtIGHASO9HPdVwvKhcJ
"Капа боксерская детская Excalibur 1576, с футляром",323 ₽,41 отзыв,"Послезавтра доставит Ozon, продавец Perun-shop",https://www.ozon.ru/product/kapa-bokserskaya-detskaya-excalibur-1576-s-futlyarom-250072954/?asb=cZ0mA3z1pF74zjtljRNarknSH1ma8x3zn6YQKeQnN5o%253D&asb2=kVuC9VLxjEDUg3dErGaTyZxRKsdyqgp1WWjQ2X818is7urUK1BQ_yTGGsFndV7Mt
Защита паха 500 для спортивных единоборств мужская черная OUTSHOCK Х DECATHLON,999 ₽,6 отзывов,"7 мая доставит Ozon, продавец Decathlon",https://www.ozon.ru/product/zashchita-paha-500-dlya-sportivnyh-edinoborstv-muzhskaya-chernaya-outshock-h-decathlon-174950591/?asb=32CtC%252F%252BPh8jZM9Dn93TMeoZWgzAdP%252B%252BKpIk%252FghXsafA%253D&asb2=kUX2rydRmj_gMb6GEGelM5VPrH05oa3EjOGVLucDfrHjJgnVArc7e8m3R-ZbBqzC
Капа одночелюстная сине-зеленая,280 ₽,5 отзывов,"7 мая доставит Ozon, продавец Olymp",https://www.ozon.ru/product/kapa-odnochelyustnaya-sine-zelenaya-341125480/?asb=SU3L%252BjO%252F4wQwGVLzv4Ix8O%252B0%252BVc0OBZMILZtczIR5q4%253D&asb2=uMGIH_Jo9BEL2_vL7M-Mwz5dwXudC4KqasCDqvbWtwxP1yfxxszMZ7gX1oPDl3gu
Раковина Virtey SG01 XL,399 ₽,12 отзывов,"Завтра доставит Ozon, продавец EVA SPORT",https://www.ozon.ru/product/rakovina-virtey-sg01-xl-321790888/?asb=MhUUQEMApwvfJG%252BShq5YWSHoBU9a9WcsLI1BtkZujtk%253D&asb2=73nAISKBpyNuC91l1L6S6-mFgzyY_9nS_Lc7RD6aSMr0RQ91rddNbBDm5BWxsX2h
"Защита рта (капа) FLAMMA - BLIZZARD MONSTER 2.0 (гель,резина, Черный/красный) (Детский)",650 ₽,2 отзыва,"7 мая доставит Ozon, продавец TIGERSHOP",https://www.ozon.ru/product/zashchita-rta-kapa-flamma-blizzard-monster-2-0-gel-rezina-chernyy-krasnyy-detskiy-485256660/?asb=iDMXC84fmK7lKAiv4QIWLqi1bat%252FNUMYq%252FSIMwjxGK8%253D&asb2=MGbGnR-UQFfOGjHu95Y-byxhm91Y8AqDUSBygyynTOAJzQqeiKgWsLaxIyYOof_O
Капа хоккейная HOWIES (розовый),300 ₽,1 отзыв,"7 мая доставит Ozon, продавец Ультраспорт",https://www.ozon.ru/product/kapa-hokkeynaya-howies-rozovyy-389868065/?asb=G8eDYV4i4ecVwaGmMkd4aK5xhlZoU9SUZcclp9%252F5W6U%253D&asb2=m1IAN36CGx3j_gQgIE_r36k8kVdP93Ew_Puttgu2OpUaXMpmrFQNZMGh6ziB6Iyq
Капа одночелюстная черно-красная,280 ₽,2 отзыва,"7 мая доставит Ozon, продавец Olymp",https://www.ozon.ru/product/kapa-odnochelyustnaya-cherno-krasnaya-351554353/?asb=ZxY%252FuUB1fI3Ce%252BEFW9PbJIuzXwVb7aeDRIsvpkm0wMQ%253D&asb2=W39CowClX09TuDHaF2u9rNnglqyg69tzKYwV-gpVQRJ-oTtsnyhBKCmmGaNy0YUT
"Капа боксерская TORRES PRL1021RD, красная",257 ₽,10 отзывов,"7 мая доставит Ozon, продавец Sportsberry",https://www.ozon.ru/product/kapa-bokserskaya-torres-prl1021rd-krasnaya-208550127/?asb=Kb6MRXVwHYsq%252BPmtaoW5%252FSfl%252FbOqIxYJ2BiHNOpY9jJzKUIFxtbJ0MDeqokdXr8N&asb2=LfNowZdM_ZJvlflJDP_Z2OoQghiUTmCcvo1p3-Tz2IPK1jdAdYQgNbgijpVqfu1Cyhw2OcdCO2JV1x-YClEYDsfr3WPPO6XLuToYFLZirvIhPc1GC4DNQNCSVaGW_4wH0DAC-gv_Ty7U4LsMsQJ-WA
"Защита паха BoyBo, белая, BG150 (S)",492 ₽,16 отзывов,"10 мая доставит Ozon, продавец Спорт дома",https://www.ozon.ru/product/zashchita-paha-boybo-belaya-bg150-s-439321443/?asb=g%252BMN3OWi28aaJ4VwcJp%252BeM9X8AiSodGH7IzksAibU69IYHYl4MJxJH4gHV7YcbR2&asb2=iO5qpQKUYEpaCjpvjvmNU8MG7TSF5iA_qOY4cfmeKgclGHqHgud-8eoIsXxIxvWRVT9P3iB-mEyFgpxN7ddikL6O3xETdI62meTtVGJC8-jJT92Nc10-gGM7hzp_xDk1P0aGMlZn3AJ0VP_fzpQmzQ
Капа боксерская / Состав КАУЧУК / Варится профессионально / Усиленная защита / Коробка в комплекте / Зеленая,980 ₽,12 отзывов,"7 мая доставит Ozon, продавец ООО «»""ФАЙТСТАРТ""»",https://www.ozon.ru/product/kapa-bokserskaya-sostav-kauchuk-varitsya-professionalno-usilennaya-zashchita-korobka-v-381520519/?asb=P%252FmGSk0hlmzEGMePj1BCBpcMlbBlkk%252Bbz5RApMEjB2TYgAQ%252BwfrtoT8v9NJ3MQRG&asb2=1DWH8TkrWgtXHEeNm2xIT23h6P2YCDSBpbg63JSjGccsp74jGEOXlX3jge9Ss9Pp87yanPOA8xX-FqWaM6GSYz-dqo1VcWJM-Dijqybng-btTH8ilJxs4qxoHV6hD6sWbdUtELqpJqUSBEjTElXLVA
"Капа Flamma Inferno MGF-015, с футляром, синий/белый",736 ₽,1 отзыв,"Завтра доставит Ozon, продавец SPORTAVA.RU",https://www.ozon.ru/product/kapa-flamma-inferno-mgf-015-s-futlyarom-siniy-belyy-200601785/?asb=O3hv1aOaJJCVBWPEBQe3414eQilDtUfef6rDfn7ckNSOgjXXH0QQ96opfxNF5I5r&asb2=Xc7AglqbC0v_UsQ08x8sLyYQONimPbxeBCvp57r3hsw5sVfmYnGmJdhchyFESPyi4IJYdx2Tq8gSf5jMvU9ZEFImJUCfRjMII3hnlWuCFTl6jhmagvUkPgbp1upQch-6nNimC7_KpoW5cea3vYS24g
"Капа CLIFF ULI-8032G одинарная, цветная, полупрофессиональная (в пластиковом боксе)",436 ₽,2 отзыва,"9 мая доставит Ozon, продавец CLIFF SPORT",https://www.ozon.ru/product/kapa-cliff-uli-8032g-odinarnaya-tsvetnaya-poluprofessionalnaya-v-plastikovom-bokse-231754254/?asb=EsyS%252B3byeU9yTU%252F9nvp09E6oMPQC25LS8JmeoJy3VqQ%253D&asb2=Ezs-VlHbPNrPV8sRWsQL9NHjWjA9Bc6jEKzTZbl_XvudF45HGAeXYMQAPRqYTo10
Капа REVGEAR детско-подростковая green,275 ₽,10 отзывов,"7 мая доставит Ozon, продавец ЛЕНДАР",https://www.ozon.ru/product/kapa-revgear-detsko-podrostkovaya-green-353914793/?asb=zMSXfP1q6qgnsewdoF6aq6nrvT37heThh4FUnqj4mng%253D&asb2=mP-Wp2WoiW4HpYxDm3CySPktQkOk-UYEu4NQN0jobLda_Lew6-f9fo8gkfgY-AdQ
Капа боксерская одинарная,535 ₽,2 отзыва,"Завтра доставит Ozon, продавец ООО ""Др-Спорт""",https://www.ozon.ru/product/kapa-bokserskaya-odinarnaya-244696948/?asb=j%252FpJkqLNbnDIC5AjvP6caWe6NDDEsKuELXZKgeEapwQ%253D&asb2=GtpQJIuenDgz2TsgR93b6tldS0Jq2lGhk806xKkbGDRctGejLG3kJuOcfoD8WPwk
Капа BIG BOY с креплением к решетке шлема JR (черный),303 ₽,1 отзыв,"7 мая доставит Ozon, продавец Ультраспорт",https://www.ozon.ru/product/kapa-big-boy-s-krepleniem-k-reshetke-shlema-jr-chernyy-389868178/?asb=SrbdCtKvOST%252BnNxey6mdMV1Ib%252BO3%252FxNuzYfZu8LZArg%253D&asb2=t7DrfjDIU3KprdwuSr6iMHVbtDGKVSqfGT9v5FgwvAVybIUIIr-3vmiXuBnCL1uM
Капа Everlast 1-челюстная Single,549 ₽,5 отзывов,"Послезавтра доставит Ozon, продавец Everlast Russia",https://www.ozon.ru/product/kapa-everlast-1-chelyustnaya-single-222685467/?asb=c0Ksmy7sXo9zeGTIQbfqkEi0bU2I2HCR2bDxchMM0%252BA%253D&asb2=1aqJLmlvC6QBy3RO7-4UzpRyHha6bcBebfePj3qCHhsE7U1l0ED3OjeDupDsyVqP
Защита рта (капа) Flamma Inferno Mint белый 16+,705 ₽,2 отзыва,"9 мая доставит Ozon, продавец АТАКА единоборства СПб",https://www.ozon.ru/product/zashchita-rta-kapa-flamma-inferno-mint-belyy-16-268468705/?asb=181qw9wUtNRzOIC5%252FyNsgS5HFnnHsyqLbsE2k5kMlps%253D&asb2=7N6yr0nr3vXtlgghaPGXSYqQJwNdtHb0JPAk8aI-JEQZqGMjOcPNOzknx3Z1tCvE
Раковина Virtey SG01 XL,388 ₽,3 отзыва,"8 мая доставит Ozon, продавец Спортсмен",https://www.ozon.ru/product/rakovina-virtey-sg01-xl-228916037/?asb=SW4crOwVL3D7VH2D%252FnfFL7oQmJD5qaeBpLJw0WRojjs%253D&asb2=Njwga2ub0LLBdWPQaay2PQwgJcylYJs2xyg42YXezClH-3YELeENcIh4cXAhWf_x
Капа для взрослых двухчелюстная,384 ₽,4 отзыва,"10 мая доставит Ozon, продавец YODIS",https://www.ozon.ru/product/kapa-dlya-vzroslyh-dvuhchelyustnaya-314527645/?asb=Pynp2RdSvDJgW3KMMTmIyaAdNUhCegA%252F4oPlfDk%252Bvb4%253D&asb2=hVxNGeiQsLRN9Ai0T64M-ohBmZnifSphEpbfQ9tlONpIOku_3Uo-aAO_VfLY4gq9
Защита голени эластичная,790 ₽,2 отзыва,"7 мая доставит Ozon, продавец Danata Star",https://www.ozon.ru/product/zashchita-goleni-elastichnaya-383300822/?asb=qgybuEmMb1DoSIBaYsezI0Bpu55BsXE0%252FBHJSp9S%252Bwc%253D&asb2=rGTxwQEQT2Sl2-6FpeQD34DIpiG8JvSMG05S34jKKZxlMiY5EMXp8KOZFSxYGF-N
"Одночелюстная термопластичная боксерская капа для защиты зубов во время спарринга или тренировок Torres PRL1023 для взрослых спортсменов, евростандарт CE approved, синий",296 ₽,7 отзывов,"Завтра доставит Ozon, продавец ФОРТУНА",https://www.ozon.ru/product/odnochelyustnaya-termoplastichnaya-bokserskaya-kapa-dlya-zashchity-zubov-vo-vremya-sparringa-ili-222649299/?asb=01nsg7IM0W3a7pS%252B6VaNmiF1NKuNxArFq9xU%252BxrdN%252FZFTbmCYF9Iie335ZBpik7C&asb2=Sy2QaqSLhOyETFlNoNS4vwPJs0HTMgSU98m8eZpkOJsQo3I6FXnjKyAhKSPnJd291_J4FLnHwFIl1AvsUpwSYIJY8ZgSXjyptnZfOvw-hydZP2TPvsyM0yBg0wckDl3RZD2Hjub5gvObR0xLDBUIxg
Защита челюсти RDX New Gel Red,990 ₽,1 отзыв,"8 мая доставит Ozon, продавец Budoshop",https://www.ozon.ru/product/zashchita-chelyusti-rdx-new-gel-red-357799338/?asb=oYlGJ86wuPlotzGrQ2at1y8sN9%252BMc1hQ3m%252Bb2IQcN8s%253D&asb2=vmwGlrd34W6ZjFjpfOd9MVv64itVXyqwk6vXKL-vpow_gqULHKeb6MZckyfZ15On
Защита паха Kango KAG-010 Black,591 ₽,2 отзыва,"Послезавтра доставит Ozon, продавец Perun-shop",https://www.ozon.ru/product/zashchita-paha-kango-kag-010-black-473625481/?asb=DBeO55ibvVeLkUWgsW96ws1sfd6VBC97IGEzZNaE1gc%253D&asb2=K0YVS1Pa8XDnj-65nQZg3AllMtuBVlxLH2chgxPPOYqjQ20et3_ipSVSa4x0vbKv
Капа Flamma INFERNO черно-белая (взрослая 11+),800 ₽,3 отзыва,"7 мая доставит Ozon, продавец TIGERSHOP",https://www.ozon.ru/product/kapa-flamma-inferno-cherno-belaya-vzroslaya-11-273971792/?asb=fkiN7dHz2U1kEqi3tExaef4CjqVGRCsLF%252BwWNIj6Oig%253D&asb2=pWoqnYmkV3himj2AU6VUmY9d9n-FO_GJpD6Qs2CLUJXET6gTD1stfMsybnaOiYQy
Капа Everlast 1-челюстная Single,549 ₽,1 отзыв,"8 мая доставит Ozon, продавец ООО ""НеРеш""",https://www.ozon.ru/product/kapa-everlast-1-chelyustnaya-single-232445982/?asb=HMjJGWUg%252Fs4qcC5AMmv2OlPHABi4FuL8HH67a93cIpU%253D&asb2=9elNnIiVwR-dosVBoaRXMAs1QB4V3LQWjts3ZIN6ZlFDhnLqNLvXd8M7l8wvwzZd
Защита паха,741 ₽,3 отзыва,"Завтра доставит Ozon, продавец ООО ""Др-Спорт""",https://www.ozon.ru/product/zashchita-paha-231065553/?asb=%252Fbn65DPlGDLgduNl1FgMSr3zrEIQLfouepoNTfzzwpQ%253D&asb2=wLdn81GoqCYqhpMF1VWGys9vOPfsDQQyvO09wJI9F198yuchwIPOlFznYrrc0VIv
"Защита рта капа Fight Expert Karate, чёрно-белая, взрослая 11+",552 ₽,3 отзыва,"9 мая доставит Ozon, продавец АТАКА единоборства СПб",https://www.ozon.ru/product/zashchita-rta-kapa-fight-expert-karate-cherno-belaya-vzroslaya-11-312146857/?asb=9Rv6ymlCi4FAzVhFH9z8jA4%252FIoavYqmBUeEGrMbYs%252Bc%253D&asb2=8XaWenxgbwC7lzQnPboigB7o1v092YwqUincDehwh7lgKd93LWyPPuGrWGdOvhpH
"Капа боксерская TORRES PRL1023BU, синяя",274 ₽,17 отзывов,"7 мая доставит Ozon, продавец Sportsberry",https://www.ozon.ru/product/kapa-bokserskaya-torres-prl1023bu-sinyaya-208550183/?asb=INu5kzVgU75r6z1EYB9aQaYnKvTjuV%252FRaCSPek%252BhgOgjY%252FMaAX%252F5UdvfsxPKDE%252F0&asb2=fXJ1wK7OMxcBVYQ4xMhJY5xdYLLTrOxlYue0fTMLBeR6lsVCbIpqHpowILvCGXKE3__7DUHydGuePRRkSMHOUzD3GmQjfVX5Wo9RrazzixwhT99rvqN4E9zk__Tj2YkYtQr6HaNTHN0BQber24dV3A
"Защита голень-стопа RONIN цвет - красный (S), защита голень стопа для тхэквондо, защита голень стопа для боевых искусств, защита голень стопа для кикбоксинга, защита голень стопа для дзюдо, защита голень стопа для карате, защита голень стопа",803 ₽,1 отзыв,"8 мая доставит Ozon, продавец JERUDI",https://www.ozon.ru/product/zashchita-golen-stopa-ronin-tsvet-krasnyy-s-zashchita-golen-stopa-dlya-thekvondo-zashchita-golen-478136352/?asb=d6Bfl11UgkOOYZnGksH92NDCzlOY7UaDz2grSNJsHwiJz%252F3aotoz407fsAeqGdII&asb2=jqpm9hVY1Jcnn_jyOCA9NhPBt8mkYBp1MrY-0oFcUxqhn4aYadFjP7Kl7Gsf4-KWpAGudE2QaRqjTpbxYIcX-8dWnCNqpsmnVfk--UYiuhw4vRRsW-42eNXX478g1-bzP6-wfPeSHFJyrZwXrfiRLQ
"Защита паха Clinch Groin Guard белая, M",586 ₽,4 отзыва,"Завтра доставит Ozon, продавец Combatmarkt",https://www.ozon.ru/product/zashchita-paha-clinch-groin-guard-belaya-m-162319605/?asb=1l0%252BgRGk0JTGBAeGtkIcGhVf3TaUcTgZbViQqtuNApo%253D&asb2=z3kaaVg_89hk3M5VDxHFlSwWGyMR8VnonHD8XCBg_c4cXVIEw2Q4fxyRNI3C4fHu
Капа CROUSE прозрачная с фирменным футляром,299 ₽,1 отзыв,"Послезавтра доставит Ozon, продавец ООО ""Свой путь""",https://www.ozon.ru/product/kapa-crouse-prozrachnaya-s-firmennym-futlyarom-233504703/?asb=mw7lXTJk28LQGhHB8ocza635q4fRaXDXHV5hyJ2isAg%253D&asb2=K9l16FxK_aDKu41feOI75RFLQBdzf2Meu1mH6IMBX6uhFuR66WIJkGdGbxkrlrnf
Защита паха мужская,890 ₽,14 отзывов,"7 мая доставит Ozon, продавец Danata Star",https://www.ozon.ru/product/zashchita-paha-muzhskaya-383389457/?asb=SU63CC29mWyG4ZjDB6Y%252FO%252BuhIx53QGJ%252Bq%252BOs9zHmjXw%253D&asb2=jotmI7v0yhfRqHQcQ00ncUoJ54M-zyuSjQzYXsdkLf3UVTvBfh4gPNMbGWdMDr0S
Раковина тренировочная (Сетка) Размер S,750 ₽,1 отзыв,"7 мая доставит Ozon, продавец Спортмикс",https://www.ozon.ru/product/rakovina-trenirovochnaya-setka-razmer-s-503976997/?asb=2vauBndO77BkD7FMThWvFl9Sn10s6tFHlhDgvYJ4CyI%253D&asb2=VnWTThBGF4TWFbB91ZsR4ek--Dn3m2xCSKpDqQiF7czuJ0xjqiXYUsP2JPwDh8zy
Капа одинарная Rage/ капа одночелюстная термопластик прозрачная в футляре,280 ₽,1 отзыв,"8 мая доставит Ozon, продавец SportMile",https://www.ozon.ru/product/kapa-odinarnaya-rage-kapa-odnochelyustnaya-termoplastik-prozrachnaya-v-futlyare-492749293/?asb=xijnvJaUR3PsWIFRvjLAce56wkoz5ubfqPGxIEwivm9KiDnIbdXYift1vHYmVfni&asb2=43HvLZbPqM5XDiSkYJJBQZ-DdeEtUPUUfEUgouiu1LwhJArL8xY1Dm-6YHuQjUu6Ju2Fan4AgmoTbhlN5cihhb6ecdXTkj31AOH7aq2mBtnWgF8xX1I-Qt2WP3XzbVI1EBh1tU2fHd7KtzWj0kjA3g
MGF-015 Капа Flamma INFERNO синяя (взрослая 11+),800 ₽,2 отзыва,"7 мая доставит Ozon, продавец TIGERSHOP",https://www.ozon.ru/product/mgf-015-kapa-flamma-inferno-sinyaya-vzroslaya-11-273974908/?asb=FrJG4KS5DMWnPm%252BugpN4dLeiGLw0NblB5qpMw27Ij3E%253D&asb2=F6iUfbCpThZFl7dGE6OphQtEIDXnkd2iXh2DyAZUbkMYfxQl0KcpwD6W-MY2fu2H
"Раковина тренировочная (хлопок с эластиком, пластиковая вставка.Цвет белый. Размер XL.",795 ₽,1 отзыв,"7 мая доставит Ozon, продавец ИНТЕРНЕТ АКТИВ",https://www.ozon.ru/product/rakovina-trenirovochnaya-hlopok-s-elastikom-plastikovaya-vstavka-tsvet-belyy-razmer-xl-261506217/?asb=sh4Z2l9rk0ZG6jdA2IfFAW7q%252FoR2%252FFv6dNfdRDZFcBI%253D&asb2=YQ_eeNyg8oS8LNr8xHPjzuWSqLctrRFNyVtDWA2W6SVenYShyS1Q8EyQz6uJz2CA
Капа Everlast 1-челюстная Single,549 ₽,10 отзывов,"Послезавтра доставит Ozon, продавец Everlast Russia",https://www.ozon.ru/product/kapa-everlast-1-chelyustnaya-single-222685374/?asb=fKejLxtaDfDOvsMc2q40%252Fb4%252FXocOxyeMx8eZZzO0Nys%253D&asb2=4qysFkYUEMGyhCism-SEdymS5oLJpXpwmCQmlH8Qdtw2JPI6Q4rAvmSE8nBZvvtb
Капа боксёрская / Капа одно челюстная / Капа в коробочке / Капа силиконовая / Цвет: прозрачный. / Капа для бокса / Капа для единоборств / Капа / Капа для зубов / Боксерская капа / Капа юношеская / Капа взрослая,403 ₽,10 отзывов,"7 мая доставит Ozon, продавец Я.Маркет",https://www.ozon.ru/product/kapa-odno-chelyustnaya-vzroslaya-v-korobochke-229422722/?asb=FTLAo8d8PbT7uS612xTbNw5gVkLSNM7bOMm%252BJfwfaGqGZlIg6LBqzsV4nNmdq%252ByP&asb2=GYgPaVM5yqsEd6yzeKBOh3ZNrNFjMhppo_pRLnf7B9kuoc2BjF1M54cEitYdkY8zlNuKE86bkZyg6B_PAD-YqL2BpLvjgUox41xhmOcDgQPxPd4LYyHXr8Gwf5cY7lY2J_mXJQOec7OfDs9AEtbsNQ
Детская боксерская капа Flamma Lucky - Red/Grey,790 ₽,1 отзыв,"Послезавтра доставит Ozon, продавец FullMount.ru",https://www.ozon.ru/product/detskaya-bokserskaya-kapa-flamma-lucky-red-grey-444991591/?asb=Pyc6ixvojc306oWinNOrTQ14BsFPjH0GFfdLGjvJtwg%253D&asb2=VlBghzre4mCPGcHjpiCVRK9E8toUWSfV2ks13rrL3w5YEj8kR1O2UJ9CIZtqjKDf
"Капа боксёрская взрослая одночелюстная двухцветная. Размер""L""-Zohan sport",261 ₽,1 отзыв,"10 мая доставит Ozon, продавец "" Фирменный магазин"" Zohan",https://www.ozon.ru/product/kapa-bokserskaya-vzroslaya-odnochelyustnaya-dvuhtsvetnaya-razmer-l-zohan-sport-362956813/?asb=1veSoeEuIhAzW8cJDjyiuT6x4RtG0zvH%252BGeBtARtmKduDrtk%252BLkSRfZ4supoUwfv&asb2=gABjU5NDYvuIxMj9L8sYgXGuoBvgbOtWbVjeunF8CJOn_onvTw0PNo_LsZ_WgNoUTe6e-0-nn_xoSdZw2D341nAW7pHJO-bjkCxg0xIp3PtHOjGsuN6fFOgTNTC69TzLl6jLgENpTnztgb6ocPU2Vg
Капа боксерская одночелюстная в футляре K1-M,557 ₽,1 отзыв,"Послезавтра доставит Ozon, продавец goodstore24",https://www.ozon.ru/product/kapa-bokserskaya-odnochelyustnaya-v-futlyare-k1-m-312083848/?asb=Etw0PghG7GfH68okhtlGuZ%252F%252FloM7e4aGr%252BmVMXL0Evo%253D&asb2=aO9U1qWA86KBqqwyC_6QJaqJuVMn3C9AtYomiLZNSI9OFI_V3GXXvFqo7JXgJOwS
Капа боксерская термо одночелюстная в футляре,880 ₽,2 отзыва,"7 мая доставит Ozon, продавец «БИГКОМПАНИ»",https://www.ozon.ru/product/kapa-bokserskaya-termo-odnochelyustnaya-v-futlyare-558827997/?asb=VvFIejDQk0YybFRjhakCikUdejFDbYImOEtzGmzQJtRkymLePiN0Tibs2ETB4V%252BT&asb2=QVwnvQjrNQdWwwx7cJbcT0-BxLEJ3YBA45xf8K26WyBDK-18EmJg0fsYLyebdj5Q6fqYo-nhF2mD-ALNM3Ds4tD9hkuvAzYZevniLY5Jhex4zdNey0pABIcto_H_HQw2C_5plmDcC_5soqJ5Wo6-Dw
"Защита паха Атака Club, AK-080, черный, размер XXXS",709 ₽,8 отзывов,"Завтра доставит Ozon, продавец Ozon",https://www.ozon.ru/product/zashchita-paha-ataka-club-ak-080-chernyy-razmer-xxxs-164542738/?asb=aecN5B4tYsP3C%252FX9T6BRBpBZocuiaNDVLJzGH%252BZsKIE%253D&asb2=IvOqDNdOWhHsEYRkB8Ez487wob1MIPjXMi7Iz_JkxNlTw7w8Rr7uj6kuYvHoqWCe
Капа детская в футляре,590 ₽,9 отзывов,"8 мая доставит Ozon, продавец ToYou",https://www.ozon.ru/product/kapa-detskaya-v-futlyare-217366168/?asb=mvbIPBZAhTTXtf8SkdkyYff0LIFf8myrPlYS%252FjqeYpY%253D&asb2=GrVhR2HBWhYtucvebBnUbQhaLarL9M2vt2tdEqfKKUyhJ17Pl2wzlS6rtrkvcgVw
C28977 Капа боксерская Vеnum одночелюстная (черно-белая) в боксе на блистере,791 ₽,1 отзыв,"8 мая доставит Ozon, продавец ООО ""НеРеш""",https://www.ozon.ru/product/c28977-kapa-bokserskaya-venum-odnochelyustnaya-cherno-belaya-v-bokse-na-blistere-166786257/?asb=Pnmnu7ctKo3UPLluwWyhoyHsr6dpoVVMHmiw6%252F%252BH0FE%253D&asb2=flbwu6nKIoP3oPLq8bCPrBhL_Fb7PBHlSF31iVJxL_VrOc6F9mfwFt6_JwzBIg2R
"Раковина защитная ""Winnwell"" YTH",750 ₽,1 отзыв,"10 мая доставит Ozon, продавец ООО ТПК ""Экспостейт""",https://www.ozon.ru/product/rakovina-zashchitnaya-winnwell-yth-194832994/?asb=FVEUbwIgHNsInxulxVtVmmUaDX8JClYun00o1kFSyfo%253D&asb2=mzdSvLMYR1ECarm5G_c460G6zk4JC-S3FQhYtDVgIA3wMYyQ_u3vF6fbSb99K9_-
"Капа одночелюстная, взрослая, в коробочке, (для бокса).",375 ₽,1 отзыв,"7 мая доставит Ozon, продавец TOP SHOP",https://www.ozon.ru/product/kapa-odnochelyustnaya-vzroslaya-v-korobochke-dlya-boksa-472991031/?asb=ip8BIiyokF6QVjuEmdpV5nt4A%252FdGqtAlimdjURU%252B%252F8A69NHatGc3kaO%252Fwsq993xa&asb2=zPqB8uCmKRtPAriWSKMK8nFxAiP7-J9EQZSkSrgNSmGE4o4gbwSAYieLznI3DvIGXEJj0ZimXahZZKG7gV7n0p52OM2m-CB6z5UqKE76rE7G9Viy12dKs6LbKyy-1E6soJmY6g9kF1xEd5KczcsyBg
"Защита паха кога CLIFF ULI-10035, хлопок, черная, XS",540 ₽,1 отзыв,"7 мая доставит Ozon, продавец CLIFF SPORT",https://www.ozon.ru/product/zashchita-paha-koga-cliff-uli-10035-hlopok-chernaya-xs-337556104/?asb=IT9D7KltgGTA1VkmBl8%252Fmo6uyjTbet6pzONY%252B4YEvSQ%253D&asb2=R-3JWS4vdDtEWe6PnWLQWC5RzgmxKAFzrBPxteBBtonCbsFAOAclxXD09IbG57YR
Защита паха размер S/паховая защита/мужской паховый бандаж/ракушка для единоборств,950 ₽,1 отзыв,"7 мая доставит Ozon, продавец ООО «»""ФАЙТСТАРТ""»",https://www.ozon.ru/product/zashchita-paha-razmer-s-pahovaya-zashchita-muzhskoy-pahovyy-bandazh-rakushka-dlya-edinoborstv-412950686/?asb=Y1NVKpmu5FRhRKFLKqrHV40ti%252F3JJvb4cZ7AV%252FebPT5i58Cnp4vh4E99MgY1S%252B0C&asb2=AxYzx1QK_cIBuV7FvbuwLE5nVyvdLahc6-m4TjcD4Ic-h4dAP3aPB-NvvXXOh3OkNHNkUJWOMwB_NlVRrultapRobRsAZQBReiUn2594vqy94JdFuQ6T3zFdCfSGhLtt6M9MST-fgdzt_d-Es24kag
"Капа Torres, PRL1021-WT, белый",300 ₽,1 отзыв,"8 мая доставит Ozon, продавец Sportano",https://www.ozon.ru/product/kapa-torres-prl1021-wt-belyy-267862234/?asb=VLcYpqCUyEt8rruXvlOpZ8iCZ1u4nOzCskVkOkD5FIQ%253D&asb2=saSKjnWR3tiYIRKmPO9Yhk4lLNCmjeSqomOftZkEjM6GXvEv6rBJlkvta_uEu1NJ
Капа для бокса и боевых единоборств размер L бесцветная 100 OUTSHOCK Х DECATHLON,349 ₽,1 отзыв,"7 мая доставит Ozon, продавец Decathlon",https://www.ozon.ru/product/kapa-dlya-boksa-i-boevyh-edinoborstv-razmer-l-bestsvetnaya-100-outshock-h-decathlon-174929804/?asb=DTdNRXTW0X7%252FurJa46FYFhffhzbcm0GPfC9uN8g6D%252Bo%253D&asb2=zTyF5khDQCrm9T-GfDG4RfKwzI5lu1dVmXtrtkq_RSknICx1fy55T7Wl3xryVhF6
Капа боксёрская / Капа двух челюстная / Капа в коробочке / Капа силиконовая / Цвет: прозрачный. / Капа для бокса / Капа для единоборств / Капа / Капа для зубов / Боксерская капа / Капа юношеская / Капа взрослая,428 ₽,1 отзыв,"7 мая доставит Ozon, продавец Я.Беру",https://www.ozon.ru/product/kapa-bokserskaya-kapa-dvuh-chelyustnaya-kapa-v-korobochke-kapa-silikonovaya-tsvet-prozrachnyy-475700132/?asb=5YLdU8tUAn%252BtanZ19qdVhTbcbyJMdAkV3yKg4xisLJ4zetHvzdt5frgh3QIOJ8sO&asb2=G6FlP0PIhGbhltDCvJxZtpo107KuMRsV4sCejXhxH9pTDC0LvQ3AacvT5ZBg7_-Lk3rVXOvJl4pl4gR0PkyFBDn1pVH1K_TcmFGeMk9d2WXh4d93tkSq9jk58msKi1ETbXIvIUoKz6jL8N_PsutPdA
"Капа Torres, PRL1021BK, черный",300 ₽,3 отзыва,"8 мая доставит Ozon, продавец Sportano",https://www.ozon.ru/product/kapa-torres-prl1021bk-chernyy-267859453/?asb=pxteHtZx9t%252BPKkTqaPrdFBaZbX9%252BmZPkoV9YP0cQ9BE%253D&asb2=_8b-tv17KvpAWQY-UJpQmGe0wn9UBNMLbrj0ffJ_M-1YpYueMwAbufy9nw1xI83x
"Капа боксерская TORRES PRL1021WT, белая",257 ₽,2 отзыва,"7 мая доставит Ozon, продавец Sportsberry",https://www.ozon.ru/product/kapa-torres-prl1021-wt-belyy-208550153/?asb=iD%252BGbOuA3SdANvHubXZcokL5vWQljLtjIoWWoGeJHNQ0JunP5RgASBxlv08btWFN&asb2=HVgSpQ7_Jf-LvhY33syZmDQ7xpBGvNR_Xq9-KncU4vcV2dAO59nD1sFYFTtZ_46-0E2XcaGkeTXkNbVFey-9lnREAnA80L-3aGLyAVA-HyjLPPdsd46GBPj6TrvOujIzrv7Eh9HTXiFjeUCm5kDLlg
Капа боксерская Flamma Blizzard - Black/White,790 ₽,1 отзыв,"Послезавтра доставит Ozon, продавец FullMount.ru",https://www.ozon.ru/product/kapa-bokserskaya-flamma-blizzard-black-white-419179824/?asb=w1WG5YtTvKTs52cQYVZ7pXJ%252BJR%252BDCEXJ4poJP%252BN67u4%253D&asb2=q6261npLWAJBG52yzBdeFJ3GsOo1w99v3_FZqmdWdPajTtZdWfGILQEGxqX5ETLH
Капа боксерская одночелюстная EVA прозрачно-желто-черная,410 ₽,1 отзыв,"11 мая доставит Ozon, продавец Рыбалка Спорт",https://www.ozon.ru/product/kapa-bokserskaya-odnochelyustnaya-eva-prozrachno-zhelto-chernaya-439714481/?asb=sImz0DONJW6IT7BXfUED%252FEPhQflo0nlCi%252By%252F09%252FDuvU%253D&asb2=Vt5tPPgVGc7XZJUY459o_VeWsPx7LRYKlOrOPQ_fU37wS57kLgKg3vkYQj2frlA4
Капа боксерская одночелюстная ZTT POWER MG-005,696 ₽,1 отзыв,"Послезавтра доставит Ozon, продавец goodstore24",https://www.ozon.ru/product/kapa-bokserskaya-odnochelyustnaya-ztt-power-mg-005-312074125/?asb=TbIEqsDeKtfYPz%252FfGiuiaVy1N%252FnYcS1K16M09jkLXP0%253D&asb2=UjdGX38yx26hluTFqig4r-2qk8zN45f-icf1PQXz0kNla00WVHBrAJBQMDKXNuDx
"Капа боксерская одночелюстная взрослая, в коробочке",352 ₽,1 отзыв,"11 мая доставит Ozon, продавец ""ИП Бурцев В.Е.""",https://www.ozon.ru/product/kapa-bokserskaya-odnochelyustnaya-vzroslaya-v-korobochke-265333303/?asb=qMwx0mgKQTHDWunwn8Zp6uIXEsAvkoDUAOql8NDnHNQ%253D&asb2=Xv4UrEkjSszz4y9MBXZzF5tVwRfc9Ew0hhEgoIp4qjG4Ibv449CNHVZDPwUYzljj
Капа боксерская Flamma Inferno - Red,890 ₽,1 отзыв,"Послезавтра доставит Ozon, продавец FullMount.ru",https://www.ozon.ru/product/kapa-bokserskaya-flamma-inferno-red-417186748/?asb=3zkfJIHocEK7MWaZ7AlEVE6oMcXcwekBIfMHYQK6Agc%253D&asb2=fjxXyUlWhSWFWgXxHSxq0BIZusnlzqT1lSxx2c-dDpHO6Wr3oRamlva_y2M6iUK8
"Капа Torres, PRL1023RD, красный",320 ₽,1 отзыв,"8 мая доставит Ozon, продавец Tion Delivery",https://www.ozon.ru/product/kapa-torres-prl1023rd-krasnyy-182952975/?asb=ognAKHZKg4Cq9YRy8RTxDiuBy9CaAhyN9Dot080fS8s%253D&asb2=ZNnQiwFC3bbEqJLunLHFJ__zuUeHm_NfKW79oXItn803WOXBCL9CNyOpnxxjm4J5
"Капа Torres, PRL1023BK, черный",320 ₽,4 отзыва,"8 мая доставит Ozon, продавец Tion Delivery",https://www.ozon.ru/product/kapa-torres-prl1023bk-chernyy-182952526/?asb=QbovlI0JJwNb1xKXsol9bATLfCZP55AW4jW1pKY%252FxNI%253D&asb2=HfI_QHPSI2cESCIeGdBjT6lwUBaw-FeDIcMc2T4mQShOy2EzNg5ROYzZs1BGmkak
"Одночелюстная термопластичная боксёрская капа для взрослых спортсменов Torres PRL1021 для защиты зубов во время тренировок соревнований, футляр для хранения в комплекте, белый",296 ₽,12 отзывов,"7 мая доставит Ozon, продавец ФОРТУНА",https://www.ozon.ru/product/odnochelyustnaya-termoplastichnaya-bokserskaya-kapa-dlya-vzroslyh-sportsmenov-torres-prl1021-dlya-230086642/?asb=My%252FLdRZAZgk7Xj%252BRhefJFvQQA9b6Xy14%252Fa1XIz4mV%252FX00wQodQpmtcua2Tnaj4WO&asb2=GByNwIFPB0mculBPKf5wVAaWXIBQxrf0WVKwyVdK72MIt2zrqe49XFc1BCLYBDDsP7h2jDGON1LkTl1ya2J8ouiWkVHyi_Z0kzhLRrUpyseqhNw_zep-vOrsm3HCH4hVEzM4MB1XiblRAo4Y_lPRJw
"Капа Torres, PRL1021BU, синий",300 ₽,1 отзыв,"8 мая доставит Ozon, продавец Tion Delivery",https://www.ozon.ru/product/kapa-torres-prl1021bu-siniy-171141925/?asb=5gUaVRxFbls6B3Kpnxrd5Hc5bExm7tRSNEU%252FSMhrgrM%253D&asb2=5BwTHqdgaToA2gSYaPsZE-umYYu5MzpqgVZJnjns6lUvjR-teZyysIHpzRcQ7Ghc
"Капа боксерская ZTT POWER MG-005 / капа для зубов, одночелюстная, универсальный размер, синяя",626 ₽,1 отзыв,"10 мая доставит Ozon, продавец Right Choice",https://www.ozon.ru/product/kapa-bokserskaya-ztt-power-mg-005-kapa-dlya-zubov-odnochelyustnaya-universalnyy-razmer-sinyaya-434097504/?asb=jqTlmoHrvbhPZ3q68RCBv%252FgPkpIwe7XtzcMUDWtfxeg%253D&asb2=tSkxbQySXzwPkCw1vXvoyIWVeFnW0XQ1Z96WU-yWMRQRsC5BEP7JVnRS_7tdRRUv
"Накладки на кисть RUSCO SPORT, хлопок, красный (XS)",258 ₽,2 отзыва,"7 мая доставит Ozon, продавец SPORTAVA.RU",https://www.ozon.ru/product/nakladki-na-kist-rusco-sport-hlopok-krasnyy-xs-201310435/?asb=29g%252FUXgu3pSQO8XzAl7dmyTPCqayODIkkbE3eJzh8vU%253D&asb2=GmMWOCsKOQ73DDB94vfdd6d_Z7Claax_LHAsgoSEBEbN7C-Pqay_5KjoWbnPg6Va4yesI0DXXCMrbIzfBDuovQ
