"Набор бутылочек-контейнеров для сбора и хранения для молока, 3 шт по 125 мл",299 ₽,193 отзыва,"Завтра доставит Ozon, продавец ООО ""Компания К""",https://www.ozon.ru/product/nabor-butylochek-konteynerov-dlya-sbora-i-hraneniya-dlya-moloka-3-sht-po-125-ml-210460802/?asb2=hqqdlvz3pjEicpCTIcnUjB0IcRC-_nclhcgxpg8X1PT2MJvE4pUQmzEUGmYnDfZEjpSYnoWUOQqClz_-0oVe8g
Набор (3 шт) многоразовых пауч пакетов Fruitishi для детского питания дойпак 150 мл.,350 ₽,3 отзыва,"9 мая доставит Ozon, продавец Fruitishi",https://www.ozon.ru/product/nabor-3-sht-mnogorazovyh-pauch-paketov-fruitishi-dlya-detskogo-pitaniya-doypak-150-ml-554772478/?asb2=WE8LGUt3lcyxK4t70nDfovtxZQayvXWzBb-SezvrTKMLuEJ-RLRT9bWV-4gVTVqj
"NDCG Пакеты для детского питания mother care с ложкой / многоразовые пакеты для детского питания / пауч пакеты /, 3 шт",296 ₽,62 отзыва,"Завтра доставит Ozon, продавец NDCG",https://www.ozon.ru/product/ndcg-pakety-dlya-detskogo-pitaniya-mother-care-s-lozhkoy-mnogorazovye-pakety-dlya-detskogo-pitaniya-306501662/?asb2=NRSD9T3NC77E5PklHmo710WeHHTsVtd0A_WNit2FdnRB25w272jJc2DoG0l7jYVJYzfnyfGHIImkqC9mSmxj4w
"Zabota2 Накладки на грудь для кормления, силиконовые, размер M в кейсе",293 ₽,146 отзывов,"Завтра доставит Ozon, продавец Lubby",https://www.ozon.ru/product/zabota2-nakladki-na-grud-dlya-kormleniya-silikonovye-razmer-m-v-keyse-256365947/?asb2=5bTHzjqAjeCRqsqs3qrKKJeH5Ap76T7qkmtdib-7wBPemlH63R01X8ctdGwPbMb0jsRCjHGEXdHU_iFmb6YD1A
Молокоотсос / молокоотсос ручной / молокоотсос механический / подарок на рождение малыша,999 ₽,68 отзывов,"Завтра доставит Ozon, продавец ИП Казаков А.А.",https://www.ozon.ru/product/molokootsos-molokootsos-ruchnoy-molokootsos-mehanicheskiy-podarok-na-rozhdenie-malysha-317374087/?asb2=hcbH3YaaJSIGvVyOdbwaCkVDG-tiORbrcGQsAUHPVBMD75BXF1I-0_aKfTDGPTHU
"zabota2 Пакеты для хранения грудного молока 200 мл., 15 шт.",437 ₽,110 отзывов,"12 мая доставит Ozon, продавец Lubby",https://www.ozon.ru/product/zabota2-pakety-dlya-hraneniya-grudnogo-moloka-200-ml-15-sht-311346582/?asb2=RGNLvbOJcoSlktof9GoRexj_KKQjZ1Ulw0zNnz8B2wB56iMmHtUexKNYbtz8XQVIZhFUvZG-z0WpbAF45EFicg
"Термосумка для бутылочки ""Forest animals"", форма тубус",370 ₽,12 отзывов,"9 мая доставит Ozon, продавец Эврики",https://www.ozon.ru/product/termosumka-dlya-butylochki-forest-animals-forma-tubus-465448784/?asb2=rGSDs4S1cesgXoD7zw0aslN2Rh5IZMCwOistvaogai4BqtcFk3SB6kITYkB8m7i_
Набор (3 шт) многоразовых пауч пакетов Fruitishi для детского питания дойпак 150 мл.,310 ₽,3 отзыва,"9 мая доставит Ozon, продавец Fruitishi",https://www.ozon.ru/product/nabor-3-sht-mnogorazovyh-pauch-paketov-fruitishi-dlya-detskogo-pitaniya-doypak-150-ml-553583045/?asb2=sRw7dUyXae-zoPaf4fsRAV1Ph8ifQLjkQ_-eEVyhqoxcJFfsFYXDXjbIvG1pQTPX
KINDII Sensitive одноразовые ультратонкие вкладыши для груди / прокладки для груди / накладки анатомической формы / мягкие и нежные / в индивидуальной упаковке / 30 шт,268 ₽,49 отзывов,"Завтра доставит Ozon, продавец Гудвилл",https://www.ozon.ru/product/kindii-sensitive-odnorazovye-ultratonkie-vkladyshi-dlya-grudi-prokladki-dlya-grudi-nakladki-532322072/?asb2=PIxkKQQuLb3eMLIHC59n7jR_Kmj4_qYiGfPYJtTmnDnsAfCRgz-nQcBUgt2NqQq6xJ7WWtdyzJIoCfFZAuvV9Q
"Термосумка для бутылочки ""Baby of nature"", форма тубус",376 ₽,6 отзывов,"9 мая доставит Ozon, продавец Эврики",https://www.ozon.ru/product/termosumka-dlya-butylochki-baby-of-nature-forma-tubus-465312386/?asb2=eBM7TC6Z_5X--ZEoxV1U2_GJUnAhsQV8SvItcdGJjfCQpNPCpz8eLc8E7vExRnZk
"Молокоотсос ручной, цвет оранжевый",255 ₽,1 отзыв,"Завтра доставит Ozon, продавец T-Groupe",https://www.ozon.ru/product/molokootsos-ruchnoy-tsvet-oranzhevyy-420313993/?asb2=BqrmmgFiFYD7MmPKTY00osZGG3cZKaWmL-k2HS1SjHm1WqICtHo1XAmudeJJMdtA8IJU3mgyscT-LJ7jZLh2vg
Термосумка для 2х бутылочек,838 ₽,29 отзывов,"9 мая доставит Ozon, продавец AKRAVAZ",https://www.ozon.ru/product/termosumka-dlya-2h-butylochek-397358328/?asb2=_ZYHtd5QWCncnUzpbSq_g5ytOkgYxOsK355_Rt11fgmy5TqDsb19YLPh0RgPk6xX4FXtEddyAyREbO7LG0hNvQ
"Многоразовые пакеты для детского питания ROXY-KIDS, 5 шт",430 ₽,16 отзывов,"Завтра доставит Ozon, продавец ROXY-KIDS",https://www.ozon.ru/product/mnogorazovye-pakety-dlya-detskogo-pitaniya-roxy-kids-5-sht-486829707/?asb2=jHXr_XATIAfyZlugJIF1sUK98mMce8kszj_aT0HBgynVRvwZqs0c0uyXCD2kwyLT
200мл/60шт. Пакеты одноразовые для хранения/заморозки/сцеживания грудного молока/детского питания,1 019 ₽,32 отзыва,"9 мая доставит Ozon, продавец ИП Кузнецова МХ",https://www.ozon.ru/product/200ml-60sht-pakety-odnorazovye-dlya-hraneniya-zamorozki-stsezhivaniya-grudnogo-moloka-394684048/?asb2=ccAqRrMRNec585digUZP6Y64-B6-diJjZLBUb3jUgbCHPjWim034CtofcL8nEOe5vmzl9Ew0i5sW6DrcKfZmkQ
"Термосумка (сумка холодильник) для ланч бокса, бутылочек, сумка для ланча, пикника",367 ₽,14 отзывов,"Завтра доставит Ozon, продавец TDK FreeStyle",https://www.ozon.ru/product/termosumka-sumka-holodilnik-dlya-lanch-boksa-butylochek-sumka-dlya-lancha-piknika-381925367/?asb2=DwleW3_FV_7PueN8ZdOmcJlas1XqObTJ1-MqFI5R70Zui5iBGmn2wFGiod2AE3XwOqqDT3GDgwDMSCscV5BlzQ
"Термосумка для бутылочки Mum&Baby ""TRAND. Леопард"", форма тубус",396 ₽,109 отзывов,"9 мая доставит Ozon, продавец Эврики",https://www.ozon.ru/product/termosumka-dlya-butylochki-mum-baby-trand-leopard-forma-tubus-259830597/?asb2=6-cru9A3Tci0U2YuonsbFDWidQdtUDslrTP1p_InfWxJXpm1rrnYi2fbecu3n4KQ
Термосумка для 1й классической бутылочки,633 ₽,29 отзывов,"9 мая доставит Ozon, продавец AKRAVAZ",https://www.ozon.ru/product/termosumka-dlya-1y-klassicheskoy-butylochki-554094653/?asb2=Z245p4pSKKeW-jNqI8_p2znoxfmOQzysasI02nirECKJCkbOeHeP8vkU6eWtvTh705bl9Pk4pO0qeOqrGXRnsg
Накладки на грудь силиконовые/накладки на соски для мам/ для малышей/для кормления/2 штука/чехол,211 ₽,46 отзывов,"9 мая доставит Ozon, продавец Ecotone",https://www.ozon.ru/product/nakladki-na-grud-silikonovye-nakladki-na-soski-dlya-mam-dlya-malyshey-dlya-kormleniya-2-319908126/?asb2=EOnLkR7cHPEUe6zjI33dqPIeCFiZLkFYdt55lX6VxavE8UhAgMmdt2Z7OIx9_lNDCML9JDYvgGgfrfC48QZioA
Молокоотсос ручной NDСG ND105,799 ₽,194 отзыва,"9 мая доставит Ozon, продавец ИП Куркин А.В.",https://www.ozon.ru/product/molokootsos-ruchnoy-ndsg-nd105-203559462/?asb2=J2L2Qqf6lvEe5nnn9OJJ_MEXnS1wXaKhmazH9-bbKE4S0U9Rf0MJILQb_gPcQWKF
MEDELA Набор клапанов и мембран,540 ₽,76 отзывов,"Завтра доставит Ozon, продавец Детские Продукты",https://www.ozon.ru/product/medela-nabor-klapanov-i-membran-273294362/?asb2=H0HabUJyvY7uDRzfS01GG8XRag--gp99Oh1lPbImKVNKQ2fogq7P1AkoOHtDDNZu
Молокоотсос механический грудной Yagi RH-188 (ручной молокоотсос с бутылочкой),790 ₽,5 отзывов,"10 мая доставит Ozon, продавец MiraDiva",https://www.ozon.ru/product/molokootsos-mehanicheskiy-grudnoy-yagi-rh-188-ruchnoy-molokootsos-s-butylochkoy-542813048/?asb2=Nc_7fiqEobEY97EsLghLfqm7zTAHUD63eQypi7EWYfpBJuBOXcEYGWFnNAWZ7vUT
200мл/20шт. Пакеты одноразовые для хранения/заморозки/сцеживания грудного молока/детского питания,517 ₽,32 отзыва,"9 мая доставит Ozon, продавец ИП Кузнецова МХ",https://www.ozon.ru/product/200ml-20sht-pakety-odnorazovye-dlya-hraneniya-zamorozki-stsezhivaniya-grudnogo-moloka-394683725/?asb2=LOqi0nIyQStJUDNtHEncz-r_EYVPAKfR6-Ju2MRxfNtDxk9bIMRqFAPaEpuJB8TK8idNirCfVKy1Ssu0ggz_XA
"Молокоотсос ручной механический с бутылочкой для кормления, подарок на рождение ребенка, в роддом",890 ₽,8 отзывов,"9 мая доставит Ozon, продавец WloO",https://www.ozon.ru/product/molokootsos-ruchnoy-mehanicheskiy-s-butylochkoy-dlya-kormleniya-podarok-na-rozhdenie-rebenka-285738399/?asb2=WqgKd0_NRv-0e4_NMwA9vdEC0mfLFmsw62e9GRsQItG_5kiCx7Xb84gmBen2mXfnCEyByXByzT-_ukmc2MpWKQ
Пакеты для детского питания / многоразовые пакеты для детского питания / пакет для детского питания с ложкой / ложка для прикорма,599 ₽,24 отзыва,"Завтра доставит Ozon, продавец IdealHome",https://www.ozon.ru/product/pakety-dlya-detskogo-pitaniya-mnogorazovye-pakety-dlya-detskogo-pitaniya-paket-dlya-detskogo-509282252/?asb2=nw5_xr_oXGcdWXL_6VUVzOnzMuWg0R4ZzHqojCu4fMGYaJ68U9EiJBrl_yjxUm4v
"Накладка Mum&Baby для кормления грудью, в контейнере, силиконовая",222 ₽,63 отзыва,"9 мая доставит Ozon, продавец Эврики",https://www.ozon.ru/product/nakladka-mum-baby-dlya-kormleniya-grudyu-v-konteynere-silikonovaya-296519084/?asb2=MaOKpvZuF7z5ufd6MCTMewDIZ5q3k3cSppyp1QnzgFZEl9SHPoDYOzKHv6eswEUeFVyrqPxdKRZ8sHN1L64f3Q
"Молокоотсос ручной, цвет голубой",388 ₽,105 отзывов,"Завтра доставит Ozon, продавец T-Groupe",https://www.ozon.ru/product/molokootsos-ruchnoy-tsvet-goluboy-250982610/?asb2=jHycN6Hd_LVUm0JCmCnzoqAVfCF662v1RzLuYE85Z_Tptgv1ryzdgu5nUbktFocy
Воронки для молокоотсоса Lactea Размер S (21мм) 2 штуки (полностью совместимы с Medela),400 ₽,29 отзывов,"Завтра доставит Ozon, продавец LACTEA",https://www.ozon.ru/product/voronki-dlya-molokootsosa-lactea-razmer-s-21mm-2-shtuki-polnostyu-sovmestimy-s-medela-289050358/?asb2=2l0_woTUzc1h-bIOkUh_-yzmZwjL81GQNSK831VU40OQCjCFCY6BKCQKnoyeomsS
"Накидка для кормления грудью, фартук для кормящих мам, снуд, милкснуд, серый",850 ₽,6 отзывов,"Завтра доставит Ozon, продавец Mum's Era",https://www.ozon.ru/product/nakidka-dlya-kormleniya-grudyu-fartuk-dlya-kormyashchih-mam-snud-milksnud-seryy-538768174/?asb2=OIXQxz-cvUEx1gD5ij-VQl_TIGRGl7WAEGm9P_iyu_OOWEYuizDW7vbLkrqLHbj0
Накладка на соски для кормления,550 ₽,1 отзыв,"9 мая доставит Ozon, продавец EKKEL",https://www.ozon.ru/product/nakladka-na-soski-dlya-kormleniya-306461294/?asb2=lNOb8A4DONNiXguQnRAWd9YMVghivl7ZHAvjS_nsIjIEt_pkYTLWJ9jfe7y8MfVW
"15051, Многоразовые пакеты для хранения детского питания и кормления Happy Baby, 125 мл 3 шт. с ложкой-накруткой",483 ₽,176 отзывов,"Завтра доставит Ozon, продавец Happy Baby",https://www.ozon.ru/product/pakety-dlya-hraneniya-detskogo-pitaniya-i-kormleniya-125-ml-mnogorazovye-3-sht-s-lozhkoy-nakrutkoy-152672812/?asb2=lDDUd708bi6RQWXPbFz0AMGfMVIf0QTNfulHc_CZPnaK5eFSujYcXkvQQG6SoTlJ
"Ложечки накрутки для пакетов с детским питанием ROXY-KIDS, 2 шт",172 ₽,16 отзывов,"Завтра доставит Ozon, продавец ROXY-KIDS",https://www.ozon.ru/product/lozhechki-nakrutki-dlya-paketov-s-detskim-pitaniem-roxy-kids-2-sht-486842353/?asb2=Z2n0zy46wcAxM6MA5RN4Rz-TK6hue40b_t1me5EKrKvXRX-dLPGmw9QRKBRukZ9Y
"Накладки на соски/ силиконовая накладка для кормления, 2 шт. в контейнере",461 ₽,21 отзыв,"10 мая доставит Ozon, продавец изюминка",https://www.ozon.ru/product/nakladki-na-soski-silikonovaya-nakladka-dlya-kormleniya-2-sht-v-konteynere-411619274/?asb2=NYMkqYpLQOulQ9-ZTtHWO6in_JXf8D71EOmN5Sm7C2mBX3wGjPg18NvbG7PfMdvg
"Пакеты для хранения грудного молока Matwave, 50 шт",990 ₽,23 отзыва,"Завтра доставит Ozon, продавец АЛТАЙ СЕРВИС",https://www.ozon.ru/product/pakety-dlya-hraneniya-grudnogo-moloka-matwave-50-sht-289243798/?asb2=RYQNORWRwq4Bac1oEkOqNjXzWU_JS-NYWXNXSFV_A377w9_fHePRX8TvboAhapuu
"Накидка для кормления грудью, фартук для кормящих мам, снуд, милкснуд, светло-серый (дымка)",850 ₽,6 отзывов,"Завтра доставит Ozon, продавец Mum's Era",https://www.ozon.ru/product/nakidka-dlya-kormleniya-grudyu-fartuk-dlya-kormyashchih-mam-snud-milksnud-svetlo-seryy-dymka-538764102/?asb2=Qwbv4Fusf4ylgWrknKhWkVKJIBMrsY6YZhEMb0Gzt1S2FVRqh9rSX37_fudJF-gC
Молокоотсос / Молокоотсос ручной / Молокоотсос механический / Ручной молокоотсос с бутылочкой / Молокоотсос соской в комплекте,750 ₽,4 отзыва,"Завтра доставит Ozon, продавец Maxsell",https://www.ozon.ru/product/molokootsos-molokootsos-ruchnoy-molokootsos-mehanicheskiy-ruchnoy-molokootsos-s-butylochkoy-482719396/?asb2=9L4qUu2KZ4YQ5NaCfnfv2bIIzozbdi5hh_mvp5bB0ALVZPbg4MOp9TfN7fpi9eYG67oKSwnmk9ixkbRShyGgqg
"Накидка для кормления грудью, фартук для кормящих мам, снуд, милкснуд, бежевый",850 ₽,6 отзывов,"Завтра доставит Ozon, продавец Mum's Era",https://www.ozon.ru/product/nakidka-dlya-kormleniya-grudyu-fartuk-dlya-kormyashchih-mam-snud-milksnud-bezhevyy-538759953/?asb2=yb05YrOfI3ZAio5NO2tiu0m3S0M2YQU6ohIobpXkVsnea6NtMUdb2uGD8vQHjhq3
