"Физика: Справочник для школьников и поступающих в вузы. Курс подготовки к ГИА, ЕГЭ и ДВИ в вузы",437 ₽,34 отзыва,"Завтра доставит Ozon, продавец Издательский Дом ""АСТ-Пресс""",https://www.ozon.ru/product/fizika-spravochnik-dlya-shkolnikov-i-postupayushchih-v-vuzy-kurs-podgotovki-k-gia-ege-i-dvi-v-vuzy-222328953/?advert=fwA-As-abzNhcrWIDgODsrwWcifHQcBCDuLI0ybQlXCEOiVVf8Dq9KZEn6zOhx3Rw14IzLRFp65gg7NIxN2DpBV6QJFaeIfqMheOx3LVrcX66QOH0YQrp9uIJBart1no0cjlG7pF6Sf6iBFdvVA4BRMFj6wv2U10z8hc8uNZ3_GCBSs-CRJhLy3iRy9wMlug2qHRqD9Ew6GfTMa9PDUW-77hwv4B7D0B_7FbAotj7ZDiiiaXvUecbqL8ZqJ_lcXWcZ0PSeHF1WUId5x30zP9cFGCCvI7p_zjcamnh4mecFYmGxaeTkkdrj16AEOL6eGXf7n7jjA7AFSZeshTFpaI5kQ1owXX8ftPSw5roiqfdQSYANpxuy2_44gf1ZZMcGsY4i-b9idFYh-LSqqZi-PxyLcNAV94Q8YlSQHwdlf0ZWd_G795qWQ_9eJ7VkX29Qu-YIDdqYL6jYqM1I5Q6jsUHVO_EXSAMC-K2EuNqlJ4OCH3tpKDil2BYAqdf7BA4ETqftPyDjdzrSRbwk50NPNSp06WKWSLTpiYYwYfnw9K7FBAcOhvjy9RcNZbgLkudJ0T
Чернышева. Обществознание. 8-11 кл. Карманный справочник,271 ₽,31 отзыв,"Завтра доставит Ozon, продавец Учебники Шоп",https://www.ozon.ru/product/chernysheva-obshchestvoznanie-8-11-kl-karmannyy-spravochnik-488629294/?asb=9mXdRXRdqzLbtlQvYahT1xP1o1cAfQ3SU0w5%252B1sHpEo%253D&asb2=2kK7fg5Q1Xu2l3RM46MhdZwsHiJgDCPnFvFvvWh59PXnM4JAprmQhz6JMmGDfLD4
Лысенко. Математика. Карманный справочник. ЕГЭ. ОГЭ. ВПР,212 ₽,29 отзывов,"Завтра доставит Ozon, продавец Учебники Шоп",https://www.ozon.ru/product/lysenko-matematika-karmannyy-spravochnik-ege-oge-vpr-488640215/?asb=swCvkfvP73y0VQ%252BU%252F1Sqi2uJVJjG9zUBY0booVQBrl8%253D&asb2=03gkCd-5KEFdYiNBxqqHjxkIe93KaqLhLEq1BMM3T3I0pjB53LlNGken2pp8MOPo
Биология. Карманный справочник. 6-11-е классы,202 ₽,137 отзывов,"Завтра доставит Ozon, продавец Ozon",https://www.ozon.ru/product/biologiya-karmannyy-spravochnik-6-11-e-klassy-291688801/?asb=UGPvJ2qh4aF5Ex1g19zSTlYkjd6lqMXXMY3gFsN36lg%253D&asb2=Xf65Bs1rq8unZEiDfQhEI7366DljnBvFwA39EvkOKYgguVej6gD1Ox-OgVwP0Yye
Таблица Менделеева.Таблица растворимости,104 ₽,80 отзывов,"Завтра доставит Ozon, продавец Ozon",https://www.ozon.ru/product/tablitsa-mendeleeva-tablitsa-rastvorimosti-327245475/?asb=7eKXQALc4DXI0SFno5%252FKqWXSUpXpZGe9cIJouhtJPN0%253D&asb2=8uZ7YgUcx5NQhEwHjUjAIVBYuGoHiiu8u5R1IJBpTdaOh5OUB1j7ttTswNQHky2n
"Морфемно-словообразовательный словарь русского языка. 5-11 классы | Попова Татьяна Васильевна, Зайкова Елена Сергеевна",776 ₽,6 отзывов,"Завтра доставит Ozon, продавец Издательский Дом ""АСТ-Пресс""",https://www.ozon.ru/product/morfemno-slovoobrazovatelnyy-slovar-russkogo-yazyka-5-11-klassy-popova-tatyana-vasilevna-zaykova-208629941/?advert=11ucrnEB1f4hpeH38QFu0ebNziBmG94tJqtLB3iO5rRW7mH8XOOBnjlcABztGPeRwUR7TKxGgb2Ec0J9qUvyK2cvd1AajvZTpHEveOqWPxraVf0vJmKQQUwAykZCU9IcZHe7k_eHI6qkZBC5wq9hnWIdJ-OmNRUmAYpwH9U1_p71-fuNRyTVMDzbxovOLlsK5D9TcV4uiBptxf1LlTyNOlk59kJj4wO9NUvLwWOcdplX9SW74oyZ68sYjmuxqYomHEiLYBtxAL0-Khf49oiPixPvldU4MGQXWW492vPY5Y6ofROAxTv7tjgCK64FLxuWxElfADwm9JVK_3CVlB8pfGeokAy2603RE24r8m7DcnU9FAef0i0CI0HKrwSUbv51i9v-i2vwugOfSSgoNCOWZ7mJKIAZk2Q_OJpCA8o7in0eFPMgKC7Jnlig7wlggnQ0qOushOo17ESronE863-1hHR69ue6Pi60-kP9jdhpN-BA7o9xk5ha_uOT26Jh0e8hhpF5R_PSDN-hSvS1A1PIhYiD-q-5PQ64a1h-WdipdkT10_Bmp9g1z51Itmy3jIkW
Атлас + контурные карты География России 8-9 классы (с изменениями),177 ₽,25 отзывов,"Завтра доставит Ozon, продавец ООО МЦ «Глобус»",https://www.ozon.ru/product/atlas-konturnye-karty-geografiya-rossii-8-9-klassy-s-izmeneniyami-358889736/?asb=uNbgJOaaWKnEQRVOlAotM%252FB6vJ%252FCsws2Vd5zAXlB1UvbLOVWvx%252F4SCXsmw48dw7C&asb2=f1yIwdBnCw_-cVQnC8zoV31bitR2i6leM1Il4lM8G4UJMKDOXs8zNEgiuNTMn5Ki_ZYpZbLC3Uvw6p0i3UnnjUpGszwFN3Bbd2nxZWAKl9pFXrkLN1BILbOWO2_WQRz-cAp8OAQOaScj52HUEyKF9w
Английская грамматика: просто о сложном 5-9 кл. | Набеева Татьяна Владимировна,181 ₽,94 отзыва,"Завтра доставит Ozon, продавец Ozon",https://www.ozon.ru/product/angliyskaya-grammatika-prosto-o-slozhnom-5-9-kl-nabeeva-tatyana-vladimirovna-234030922/?asb=vbSse2E23tXRX%252FyfirUev4WS1ZNBaC37ZaJYC5tNKco%253D&asb2=SE6tvlXhPvSQhHV_C2YwWp4x6lIE8edrGGIjJ1STq_ovSCEcU1SVEvxgfy9NORgm
"География. Россия: природа, население, хозяйство. Атлас. 8-9 классы | Нет автора",322 ₽,5 отзывов,"Завтра доставит Ozon, продавец Ozon",https://www.ozon.ru/product/geografiya-rossiya-priroda-naselenie-hozyaystvo-atlas-8-9-klassy-156929268/?asb=tHh13ljVj2Y3x1ppZuwdrA9tH%252F4BtVR0HxIAgxvqy5o%253D&asb2=7xCRvWLwbUFT32EP5IrbbptCRWl0ntQZsrsIPUYzbF3EH9Z48ErT4b4FYXJVojV7
Математика. Весь школьный курс в таблицах и схемах,224 ₽,36 отзывов,"Завтра доставит Ozon, продавец Ozon",https://www.ozon.ru/product/matematika-ves-shkolnyy-kurs-v-tablitsah-i-shemah-437565394/?asb=L78VglQT%252FUtjTZsrkz5rKaSuRyDirKZSSXS01JtCYdw%253D&asb2=Ha-UANi7_W1ArmvxWYNjxkRicAdaSYB0uWWl9L8lQrTGFtluPkGXyvxb_x19p43k
"Фразеологический словарь русского языка 5-11 классы | Баско Нина Васильевна, Зимин Валентин Ильич",773 ₽,12 отзывов,"9 мая доставит Ozon, продавец Издательский Дом ""АСТ-Пресс""",https://www.ozon.ru/product/frazeologicheskiy-slovar-russkogo-yazyka-5-11-klassy-basko-nina-vasilevna-zimin-valentin-ilich-224929484/?advert=VsStf3JEQyMd0KEtDA8WfPFg-vMI-UwNcopSKp0owS7Dw8sgxmNzRkcayeanRjBGiDxeOyJZ34wPnqhoudl0UczIPjID8S1BbBgp5nd3MxjDqoP8BTogFtsFh6fS0Dk0CN7bFvLnFW21ATSvcjIxgAvDXMtkFLtsku5hQrnhW67QbibbH26w3U0IYB3EvDxUD3zeCKsN7QzsB0SSPoXISTxP6ThIqmxZ0WNtbTc4GEWMc4Qcko51nX57uUQW0mckAUOP8aDQlYqwoIUJGfQfbKoLkb5NG3xxZDee8EcS8PW50Pyo47AuCEzFnDEjU4iXcConrDaPveUTc-JG71tWNY2mFS-iA240bX-cTTKsfwa9vfcNUSY1ClbUHMWDVK8SKnXl-cfx98WlLP87NKuP_HraQuWbeNayKAeLc0XGXc7iclQMEclwG8Y7jnx9uVcN4HXlvxCxDYpTcACciZU1td-_pHI-SBUvL20PdZKUMIoiWmimObRPL5mYCHbtwOcSJeJX82BhbvfP2sQ0J4vPwdZP8lzQ5r1qLhahavHx-v0bweF8rK_7jhva77AoEUvY
Монастырский. Физика. 7-11 классы. Карманный справочник,280 ₽,6 отзывов,"Завтра доставит Ozon, продавец Учебники Шоп",https://www.ozon.ru/product/monastyrskiy-fizika-7-11-klassy-karmannyy-spravochnik-488631473/?asb=1w5nH%252FlfoNeBiENJh0%252BBvevD6bsZu2MfAVjsJi6Dglo%253D&asb2=aEYPsGMmlBxQr4kn9QK2P2PxW6FVjSAifJvBLR8lEbEqlKunxsMTjJPfsGtT5el6
Атлас. География. 8 кл. РГО. ОГЭ (ФГОС).,249 ₽,4 отзыва,"Завтра доставит Ozon, продавец Учебники Шоп",https://www.ozon.ru/product/atlas-geografiya-8-kl-rgo-oge-fgos-513212021/?asb=w46BjZVM7e8HIa6WfTNWIQ%252BJncVQ66g76RR5vELj1wk%253D&asb2=Shd1L8pIjN4lGyOMUamhfBaZjO-ufR0tsPs5wZXZ2aVyOqFLxCcMxBQkoQNFzZHD
Геометрия. Весь школьный курс в таблицах | Мошкарева Светлана Михайловна,203 ₽,91 отзыв,"Завтра доставит Ozon, продавец Ozon",https://www.ozon.ru/product/geometriya-ves-shkolnyy-kurs-v-tablitsah-moshkareva-svetlana-mihaylovna-225729861/?asb=R4QmU3mr3iPJKAOEeM%252FNVAV3EqQD8cWfJ7Pa4OGWfVk%253D&asb2=A-1K1jiULWa5_cr26euVdpHEKd5IjGw84A_KKgE7qsLpJI2anNtxbnVwtaf-IvI0
Быстрый счет: Тридцать простых приемов устного счета,110 ₽,46 отзывов,"Завтра доставит Ozon, продавец Ozon",https://www.ozon.ru/product/bystryy-schet-tridtsat-prostyh-priemov-ustnogo-scheta-328158461/?asb=DF%252FM6WAbqrDlX3g3nSh1Cij3onVPdItBSgR8DBYyy24%253D&asb2=dN7cnFYBBIKlsNV-4QmVt45DhckxRPortr_UtBdVhhIhnNxU_yLsJKG43xoorgbj
Репринтные прописи с калькой. Книга 5 | Шклярова Татьяна Васильевна,181 ₽,24 отзыва,"Завтра доставит Ozon, продавец ООО МЦ «Глобус»",https://www.ozon.ru/product/reprintnye-propisi-s-kalkoy-kniga-5-shklyarova-tatyana-vasilevna-247843635/?asb=so38rckjvkxozkeuBoSh5IYzXGrE5pygjN%252BBwb3e5zaBw2V6FPNC9BT%252BNkyWsyYj&asb2=sZvNmOC4Mh1UEHtRJ_AUwrj3hONgtpH6ip5GNj1aqqIrTf5oyBUrSU1_DKAYwKx6gr2aQAUFnwWz0SitrULjayFLW4OmrTVpLE5iGspl5y0fkF1o5qhPvxZN_I6gZJSSi_s7vkjXm6dMiXkWT_XQXA
ВПР. Русский язык. 8 класс. Контрольные измерительные материалы | Никулина Марина Юрьевна,88 ₽,41 отзыв,"Завтра доставит Ozon, продавец Ozon",https://www.ozon.ru/product/vpr-russkiy-yazyk-8-klass-kontrolnye-izmeritelnye-materialy-145747562/?asb=kxunY0OqYLdzIPxb4ZBL%252Fd7ZSZCjTQ7Z8V70%252BQbHRmA%253D&asb2=4nbmAKmUjkd5vxaGs2bHtykftTNNOxsgod8q3UA5LFE-LE7yPS0hqlxUuNv2DGtL
"Сборник шпаргалок по русскому языку БУКВА-ЛЕНД ""Правила"", 5-9 класс, 40 стр.",131 ₽,1 отзыв,"Завтра доставит Ozon, продавец Эврики",https://www.ozon.ru/product/sbornik-shpargalok-po-russkomu-yazyku-bukva-lend-pravila-5-9-klass-40-str-528146340/?asb=gqw3VhwKYjAWEtRxpb5hCghUpS50dV%252BYeXzheRdLLxM%253D&asb2=uAIxeSUpH4VPco0_ps5_IB1Af1Jj29a7RzWYhaLC-ONf6HyCpXClTZbLzBDYclIh
Справочные материалы. Геометрические фигуры,99 ₽,77 отзывов,"Завтра доставит Ozon, продавец Ozon",https://www.ozon.ru/product/geometricheskie-figury-spravochnye-materialy-141550151/?asb=m7rg%252BoY5%252BTThCkm8uujcyiTHQhHXl%252Bmy6FweVCVoXZA%253D&asb2=YJbX32oM0j6pIDyKuAba9URD26YHYGRgkt02VXPColATY_dUhLkHQAebnXGlskdd
Биология. Весь школьный курс в таблицах и схемах.,298 ₽,17 отзывов,"Завтра доставит Ozon, продавец Ozon",https://www.ozon.ru/product/biologiya-ves-shkolnyy-kurs-v-tablitsah-i-shemah-446772678/?asb=YAdsaTTwSJnKzEL%252FmNB2OJvXiFlzbok1qTeTx7tYeH4%253D&asb2=pHe2-rmTCoq0kL7aH3RcCSm5Je9poybheCh5sv4LX-DD3qmzXk1jqvDCl5DyWOW-
"Как научить ребенка учиться. Компетенции, необходимые в 21 веке | Ахмадуллин Шамиль Тагирович",438 ₽,56 отзывов,"Завтра доставит Ozon, продавец Издательский дом ""Нева""",https://www.ozon.ru/product/kak-nauchit-rebenka-uchitsya-kompetentsii-neobhodimye-v-21-v-ahmadullin-shamil-tagirovich-219122490/?asb=wct2ryGb6XSiNf3cX%252FtFE8f0mbbABogT%252BxIzL07z%252FZfckdXzNxaKmkyGj7m3HrSD&asb2=DiLbOyyagtbrhDLcdrwqEtYCGP_T8stvv7PWMXpKpDTLYoBmtps_4ldZOEcLs1dKtcSNvrZCoRaP9kviiBHyBengf5350MCC-XetXs_7IVTVFAYnkqR3-MowR1XGud06l01WoBPc4Kn47vqHGTzOkw
Справочные материалы. Физика. 7-11 классы,99 ₽,11 отзывов,"Завтра доставит Ozon, продавец Ozon",https://www.ozon.ru/product/fizika-7-11-klassy-spravochnye-materialy-141550167/?asb=1UYn%252FKofgMHOCuEDD1CVQiY8lpjAA3FrI3zI5Tb%252BskQ%253D&asb2=Idn_IkPMnHTt1SQA3AlKQFNIDxhWlmG_vl2VqlT0qg064owoK-f2EB8Mtlw02OQt
История России. 8 класс. Контурные карты | Тороп Валерия Валерьевна,152 ₽,176 отзывов,"Завтра доставит Ozon, продавец ООО МЦ «Глобус»",https://www.ozon.ru/product/istoriya-rossii-8-klass-konturnye-karty-torop-valeriya-valerevna-216182901/?asb=tLqEhKqE0hPaWPjGkxDUAJIqbJJ%252Fme%252Bx%252Fo8mQoRjI4dwVF2TjYK3Z%252BliXh5QYVDX&asb2=4jupa7XjEq9iCsEbncA2jM-6QeS_Yu3FRn6P1SIMSDYj5DO4RB34L1M4qLkBgqVm7uWDN-T9gCvwUSiFsOjLot8yfQfi9LZ-Tu2lbutxGMdI-RgMG5Ri4KjDvJ3fgAtbh3Rv0M8YF8r27RP2TZfYGg
Скорочтение для детей от 10 до 16 лет. | Ахмадуллин Шамиль Тагирович,648 ₽,92 отзыва,"Завтра доставит Ozon, продавец Издательский Дом ""Филипок и К""",https://www.ozon.ru/product/skorochtenie-dlya-detey-ot-10-do-16-let-ahmadullin-shamil-tagirovich-245424500/?asb=qdx0bgCMd43i0%252Bwq%252B5V1DBPM96hF47NM0sZFAY00F057NWLANn6lDBc%252BwATvfKlr&asb2=lSS6H3-0JP_aOj_C_-1uojUe-ulsC4YrmK_jdqxpuxwH4B0JuQqny32I7wqadol8sGVaLEMeJbxIAtY2XaGKUJbQWOiiWLfMjS-14IPhQ0HBo2b5bZMIa2n8uM7j_4VijRPOO8-zzz6T6_ajZc9T5g
"ОГЭ 2022 Математика. 40 тренировочных вариантов и теоретический справочник. К новой официальной демоверсии ОГЭ | Лаппо Лев Дмитриевич, Попов Максим Александрович",245 ₽,12 отзывов,"Завтра доставит Ozon, продавец ООО МЦ «Глобус»",https://www.ozon.ru/product/oge-2022-matematika-40-trenirovochnyh-variantov-i-teoreticheskiy-spravochnik-k-novoy-ofitsialnoy-449293549/?asb=bun7ptcYs%252BGxoK6COCTUgNSb5rDUaOFlBquinoQ45hk%253D&asb2=LRNH0aaAX_CyLL8Lg76I5l2j6SWugxEILLGK_0H6aI5BagxkN3hTBrISmQxzGcuE
Биология 8 класс. Человек и его здоровье. Учебник. ФГОС | Рохлов Валериан Сергеевич,663 ₽,5 отзывов,"Завтра доставит Ozon, продавец ООО МЦ «Глобус»",https://www.ozon.ru/product/biologiya-8-klass-chelovek-i-ego-zdorove-uchebnik-fgos-rohlov-valerian-sergeevich-357735275/?asb=u2QVCYXvQ6sxz0uzAg%252FlE7y8ea24b6JW4108yTQz28m6OUbyYMVDrKxE3awhLaf3&asb2=Vtg90QFL68f6e28CUqYAkNoEDT_U4YHLd3ljFfKt4Pry7k_Hhrn-4HwlC2Sy5mZ15IKyaaOFMr1lYpS41sm9MwYjLs0OFnNhFitxz_TYWMHSFPL0fegHBhDQRIY7Cu9dtbp_8TrS_h6HkjJr_hplFA
Алгебра. Геометрия. 7-9 классы. Справочник по математике | Минаева Светлана Станиславовна,209 ₽,97 отзывов,"Завтра доставит Ozon, продавец Ozon",https://www.ozon.ru/product/algebra-geometriya-7-9-klassy-spravochnik-po-matematike-148044301/?asb=iSxIuRASA7J7gHM3NUbT8c40JMrcowDtkmcLhqxfiYM%253D&asb2=vOLda5HV97pwZOLZW5xt3IDQ9qwU-6MWU28uJqAvu7MdMBmOsYn79b2X-iXBQLBi
Химия. 8-11 классы. Справочник. Сборник основных формул | Рябов Михаил Алексеевич,149 ₽,117 отзывов,"Завтра доставит Ozon, продавец Ozon",https://www.ozon.ru/product/himiya-8-11-klassy-spravochnik-sbornik-osnovnyh-formul-147526875/?asb=wFs7bl4KprvD8DgWYFvO%252F2ZNmk6Si5ODmzYc3Jtawxg%253D&asb2=n-bX60I0PIIJfwSU-ZlnoiciIPkvHPikVIXlLajD5ke_9YOPaGCXUGixauepjH_z
Справочные материалы. Алгебра. Тригонометрия,99 ₽,78 отзывов,"Завтра доставит Ozon, продавец Ozon",https://www.ozon.ru/product/algebra-trigonometriya-spravochnye-materialy-135715827/?asb=xPnocmMkyfe5jXymeSb0Kn7msrws7JP0XSUaeUbxLtg%253D&asb2=XT1YW92mzDEOcHnqwQ-htg6T2Z08XOxd7JfPVQFoMI-rh_o8nZRwZJVtMVPz4Upn
Физика. 7-9 классы. Справочник | Громцева Ольга Ильинична,169 ₽,53 отзыва,"Завтра доставит Ozon, продавец Ozon",https://www.ozon.ru/product/fizika-7-9-klassy-spravochnik-142220721/?asb=gyvskQHTE56IqvEQnsxczUDuyofI98MK0AGKVbvBgDA%253D&asb2=yeDhlf9NbGOmrIOOAsH-Ekx7uhe97EIpZEqM3fwz0XVeVQjtQBa3AmSCnQ3Lsgd1
Легенды о короле Артуре. Домашнее чтение Айрис-пресс (комплект с CD),346 ₽,19 отзывов,"Завтра доставит Ozon, продавец Ozon",https://www.ozon.ru/product/legendy-o-korole-arture-domashnee-chtenie-ayris-press-komplekt-s-cd-221124687/?asb=XNSzYCZdIzbXx4eWO8F3psFYewhc%252FcJbCftwVuGWrAk%253D&asb2=wCusuXSGy3o7rBJngxsrHSjIQoh8_f8Eoosfq1qH9RiqLF9URxeLvZw6JKLiPJfW
"Обществознание 8 класс. Учебник. ФГОС | Боголюбов Леонид Наумович, Городецкая Наталья Ивановна",521 ₽,7 отзывов,"Завтра доставит Ozon, продавец ООО МЦ «Глобус»",https://www.ozon.ru/product/obshchestvoznanie-8-klass-uchebnik-fgos-bogolyubov-leonid-naumovich-gorodetskaya-natalya-ivanovna-357819751/?asb=2nT74kZL9lK3gTKu2xum7XiBNKcIV5k%252BWFElGuQn69QzywfR9prBCfmU1JWWRISA&asb2=ar42eH6wSG_5JgL5sC6Xk26rx-hV4nyUymbi2h-tR6ACdqO43GrSRhbVoJ7zgSHCqLOWLF6pk5gXGU_I4YaMI_kwiR7vOzv1ZLLwp_ZKaf3NEg2XqrXHOeDdGo9nlk2GfTYWiIBlJztSz2Fhwmmu3A
Справочные материалы. Математические формулы. Алгебра,99 ₽,92 отзыва,"Завтра доставит Ozon, продавец Ozon",https://www.ozon.ru/product/spravochnye-materialy-matematicheskie-formuly-algebra-141550159/?asb=pDob4DE0eMmCnML%252BNYn7hrfTjgJAwjecWhJYPGzevKw%253D&asb2=jTrAJbeCnApmmp9fVqyITi6dlTLmMchB3ifkTWJe8OXZhtR10GCpXYcBj3i19KfP
Французский язык. Грамматика. Сборник упражнений | Иванченко Анна Игоревна,296 ₽,32 отзыва,"Завтра доставит Ozon, продавец Ozon",https://www.ozon.ru/product/frantsuzskiy-yazyk-grammatika-sbornik-uprazhneniy-5135563/?asb=DHSCDY907o1xMFQLCNLlx2WbVBDASFfnMNI7UlneEv4%253D&asb2=Iyyp2DZlgN7yvSe8178Ope0sM62q1L21ODKCH6Y77hGrf9sqU-Wh8JcXWse0CDRg
Spoken English. Пособие по разговорной речи | Голицынский Юрий Борисович,462 ₽,96 отзывов,"Завтра доставит Ozon, продавец Ozon",https://www.ozon.ru/product/spoken-english-posobie-po-razgovornoy-rechi-149077744/?asb=Q%252FadE6OhOfj8z%252BJVRrnb751BHwEDaID2Et5Q6Yo1WqM%253D&asb2=lo25n3mqyYjHsaM1mXqnQQG219EqSK8EF9EVy4QpqsyDJsvg0vISbk3AXpXEkfvR
География 8 класс. Контурные карты (Полярная звезда) | Матвеев Александр Васильевич,160 ₽,173 отзыва,"Завтра доставит Ozon, продавец ООО МЦ «Глобус»",https://www.ozon.ru/product/geografiya-8-klass-konturnye-karty-polyarnaya-zvezda-matveev-aleksandr-vasilevich-234112764/?asb=zk5AAPzU%252Fxq%252BNfvkPn%252B%252BUinnr103n4jL%252B58%252FRPTg4wRsqf1abdFE34ZoAlsFUSe%252F&asb2=kAUc6D3iFPxgxfddxcKBoA821qwqiQb5PEX919Qz9-c-fB8Idq9_oB9O9VCAhADwVkzb5mo1bXUZHjXdO68Ndu39NEjfmtYkDF0uZxpAjxf-85PFJoKuvQe6mf0U8F7c1yFT_VpRziuzYcrlf87ZeQ
