"Природная вода для детей ""Мика-Мика"" негазированная, с первых дней жизни, 12 шт по 0,33л",712 ₽,23 отзыва,"Завтра доставит Ozon, продавец Baikal430",https://www.ozon.ru/product/prirodnaya-voda-dlya-detey-mika-mika-negazirovannaya-s-pervyh-dney-zhizni-12-sht-po-0-33l-463941274/?advert=jCesuj2bWE0JQ8IS3p17T_Mtx9nnowwzLLOf3ma2TuxVHRfOomp1CxsQ4W7dbxH3kxlhlvA6msf_biwqjIuxQ_x1qDp5592RfcxqVUqOHKDZwivlWXcAURU0JAzJ3N5Cdugg6zXRyKpIX1XgpJBx-iBIaM9baoZjZxNMKDCCrrQ10ce08SZLxC_3BTlHhPf-4_XnbLZpvj2LUBKgYdZUR4Hkf7I3BljpRB9T5DAXYK-fB94kaUJsBM1RJzj_w-cGgHOq8pvVX-5TTHUqnYHOw7I8sNKnDyfe09-Z6vWbshmbGMCmZtVGB_yPvb_PYDzUgDNBSijgqX4GzdQuv_jzapucU3FSBz0CXDte_a5b10rICG1pVc9WZoJQCADBy7TVsHyr1GNckTfxS5J_O-3xmWpXEIqtG5Jwm8w288EIbEKDMo-dYgl_07FQSvyKw1oafsQko76I6itmGrD6uAbVX0IKw5bZ33_DLF4fjDMqGlMfxfe5PvHTqE9Foh8WPQNBwTciLcqEmYxk4f8GsgI4MycktEFOuWWc2ni80yhoYXZHy6hRTjFeWlSLb6_wbZvA
"Святой Источник вода Спортик питьевая негазированная, 0,33 л",24 ₽,26 отзывов,За час курьером Ozon fresh,https://www.ozon.ru/product/svyatoy-istochnik-voda-sportik-pitevaya-negazirovannaya-0-33-l-328121963/?asb=0DwrJkPy2%252FU6nrF7R29GV8hrBcJhteVXbLZG4%252BWJLKQ%253D&asb2=owl96LGt5NCjzClIy341jA5wuu_k8zOTJSbEcHkxYwmM2U9AKZvv-1W89rkf7SVd&ectx=1&miniapp=supermarket
"MG 115. щелочная вода (pH 8,3+), магниевая, гидрокарбонатная магниевая, минеральная, питьевая, негазированная, природная, 12шт по 0,5л",996 ₽,25 отзывов,"Завтра доставит Ozon, продавец ООО Триангел",https://www.ozon.ru/product/mg-115-shchelochnaya-voda-ph-8-3-magnievaya-gidrokarbonatnaya-magnievaya-mineralnaya-pitevaya-462695015/?asb=0%252Fcz8ckpLkHzc71V8UVzd4icxTqHTUPL9DY%252FwQXpfx8%253D&asb2=EuvM0ylRGRIVQiWzN_BWMmbIsF0jIYU9YEtqczyL9XxwgqaJfiRIhm0zWV9eTjG3
"Вода горная природная питьевая для детского питания Архыз Vita негазированная 6 шт х 1,5 л",420 ₽,133 отзыва,"Завтра доставит Ozon, продавец ООО ""ТД ""ДЕЛЬТА""",https://www.ozon.ru/product/voda-gornaya-prirodnaya-pitevaya-dlya-detskogo-pitaniya-arhyz-vita-negazirovannaya-6-sht-h-1-5-l-223665364/?asb=xY2E%252BP15n5WMsTozkGjYzngNN6sgDtoGDse2usxTAMY%253D&asb2=HUw4Ht__VRlqk8YlEvHByFJ7Gm2N46SxAhMSXMS9wooRYuz_ql5g3GpKkFzVh41I
"Вода Архыз VITA горная природная питьевая для детского питания негазированная спорт 0,5 л x 12 шт.",520 ₽,25 отзывов,"Завтра доставит Ozon, продавец ООО ""ТД ""ДЕЛЬТА""",https://www.ozon.ru/product/voda-gornaya-prirodnaya-pitevaya-voda-dlya-detskogo-pitaniya-arhyz-vita-sport-negazirovannaya-0-5-223698920/?asb=HkjIIFYwOLt0pg79BGsA%252BuzX%252FDJ2gqDvO5ViKdKjLkk%253D&asb2=GI-q_PZgljN-sR8vsV3eC_frYB7XfJVL4jE8oDQJ5aZamrHHn6gc6xkxizbUzis7
"Вода питьевая детская ""Черноголовка Бейби"" в одноразовой таре - 2 шт по 19 л",891 ₽,11 отзывов,Послезавтра доставит продавец Чистая вода 24,https://www.ozon.ru/product/voda-pitevaya-detskaya-chernogolovka-beybi-v-odnorazovoy-tare-2-sht-po-19-l-383231834/?advert=v55yf6Zt9E9_oTGv_pwNrkYndro0Zz9U7xCNffCc739gZSArwtKVOppfePLDko1LfzWFTgEABz3JGKtgWmzFziuwsi9vCSCs-G0pai9f__dtpHqASS-2pL3oglQiVauNITicCY9qmzPbPHZyDg2rcJt8duqYgDZUL3_aLQxFTiPfdL9Y4ws-OoheC5O4hhEey-BEnOVPF4Lg9x59PV1n-Eu6n2498XD6mNU1z1lcnu5Ye-VeDvXZtzt1Lw12CFKUeGqRgCQCYZUuHsRWhlNB5g0MArMCzBuxwuBPSUwer6DWVUlhsylUs010mf_JDFlicaHp9gZocuKI2zlDyShwCvMiIJPHkHjp7hGNRIqrzAPdB2XvWKlqXM5KSuzAeo4SQXeWL60ziheraF2PPKj8sdmtvlqSc_MJAhQ3tuQqthp5Yqmk0qSgUe7OVc2Zsr-wPshAp8w5o5waMaH5KnHyierfn4xzUAB6fHv3IgETeVgWnChxipl0eIqSadrlrEl2IglynFIfbokiU_uZkuFZzO3HLwdQ_mnj-_9Wa_Zp_qYYyhvOt9jLCq1Mi4CsEwjl
"Вода Байкальская глубинная 400м БАЙКАЛИКА с высоким содержанием природного кислорода (питьевая, ПЭТ 2 шт. по 5л)",560 ₽,66 отзывов,"Завтра доставит Ozon, продавец ООО ""БАЙКАЛИКА ПРОВАЙДЕР""",https://www.ozon.ru/product/baykalika-5-litrov-upakovka-2-butylki-161359650/?asb=d0m3HEdPAPeGl1u1%252FnJk%252B9ceXflBSCdNmKb4jjDAeie5w8tpVzSw1Vu8aHTX%252BJlw&asb2=ETsfYZS-4PZLQZi0kbSpy_q8UsxXntgFvUfAlZUVSJvM-toPCEU_nhCug0eOYoHj9Ekcf-_2qQhCmS4pFasMKpwy89ewiOXn_jqjrcan1CzJfqJcSkI_PgCzkxMScO6r0RJenDfjEPcypSN9edFRmA
"Минеральная столовая вода Prolom voda (Пролом) 1,5 л -3 шт./ рекомендуется при дерматите, экземе, цистите, отеки",849 ₽,1 отзыв,"Завтра доставит Ozon, продавец Оливика",https://www.ozon.ru/product/mineralnaya-stolovaya-voda-prolom-voda-prolom-1-5-l-3-sht-rekomenduetsya-pri-dermatite-ekzeme-484943089/?asb=dt1ce%252FyJYmG3T0NuF44tB7ab2EqafCThJqYmVHywhqfmJM5riQmpppx1XG66ZJHM&asb2=Bt_tT8L_bsDFz_rYFE6ykd4f_-X9YfUHo3NrlSAx38WSpeYvsQWTycF_QygrkqWFuw6EVOYiYxXSIwYFenhACM8w-vaxJjIczmcf02Vwc56cHpKhrvx0JHS1F0ckpeUJu-26RcKVqzUHp3SFGEefnQ
"Вода Мика-Мика BAIKAL природная негазированная для детей, 0,5 л",69 ₽,166 отзывов,За час курьером Ozon fresh,https://www.ozon.ru/product/voda-mika-mika-baikal-prirodnaya-negazirovannaya-dlya-detey-0-5-l-222702333/?asb=o80rQUyvpclCxA6oXqRGLuNoerLBNhH6uRuKX990v2w%253D&asb2=_lmieCHPQEOH8Wyl_OZ5O2vkIP1D4YsXb9vLVm7I2szOrk8_F83dmlqMLSP7Qrmk&ectx=1&miniapp=supermarket
"Вода питьевая для детского питания ""Архыз Vita для малышей"" 2 шт х 5 л",360 ₽,89 отзывов,"Завтра доставит Ozon, продавец ООО ""ТД ""ДЕЛЬТА""",https://www.ozon.ru/product/voda-pitevaya-dlya-detskogo-pitaniya-arhyz-vita-dlya-malyshey-2-sht-h-5-l-212995601/?asb=tRCiPobgT1Qs56ORY%252FycPC4%252BUPizOqWlXqpiNxdbDLY%253D&asb2=65f9Jgb8Nqs-vEDc_oTX9l3h7SADcQ8n69KCVVx_KNCLBvlKofCo61cz5v6Rej54
Крещенская святая вода,159 ₽,2 отзыва,"9 мая доставит Ozon, продавец Essential Star",https://www.ozon.ru/product/kreshchenskaya-svyataya-voda-507713089/?advert=gm4k2trU5AwGRTZAX_2XDrzeHZnfxpHweSODeP5u46KEUROPxHhTvCtJIZ7qDvkIoQAws9SRulC0A5y9xdoYDDNYfdX8OLTLCtjEET6GfoDuRMbMQATYj9rkl8nYTkMmdmGq_I04lZprnI_7SCcW6vxmbbQJNaPR8A56T_Ip4ZHkj_VpTmzGPxgQFs6siSocfeBR2WhurDFB3_x60wHIE0mBXp6tc6f6pr7QaNB4n0Z4_v79BKratFZGJxS0G2reM-sUUNOusfgdcRHtRdsLfeLl1Ec69FC2WoSRzKjIKclQcXwVHXjM-D5Wzcc9gBz8wWKnUmwSnQUwGMgeNddWygthE6ViDtUx1DXGtZB4AIcnxA9SEQmASmjzj6Sfc1tgM6OfTv5xCMwTZN09pYCFY0EgEQS18KvjCbfUw39dDJobt3M_ZwNpNj3NAWHbrwNc3j9vhOtkBY0G72bCVpmfWIs11L50Enr0Z2KayAW0oHpjIy4_h6pTLBAyPdIXTls33dICxZuS2MAoZwbQcWL-qmJWo2CdBRLnqvz8ZjXtTgCHgND0FJx7BomtOPlCCmb9
"Природная вода для детей ""Мика-Мика"", ПЭТ 5 л",289 ₽,28 отзывов,За час курьером Ozon fresh,https://www.ozon.ru/product/prirodnaya-voda-dlya-detey-mika-mika-pet-5-l-222702334/?asb=sk1AHuNls3pV61bDlFSMn37fnaNVLKfP%252B%252Bsz9Cjp5sA%253D&asb2=-a8nFa6ptu1jtILz4JtniUiniS1Pf3KFbwW0Uaog5_ypCKwBkN_4hlHyKokacbyi&ectx=1&miniapp=supermarket
"Вода питьевая для детского питания ""Архыз Vita для малышей"" 6 шт х 1,5 л",430 ₽,89 отзывов,"Завтра доставит Ozon, продавец ООО ""ТД ""ДЕЛЬТА""",https://www.ozon.ru/product/voda-pitevaya-dlya-detskogo-pitaniya-arhyz-vita-dlya-malyshey-6-sht-h-1-5-l-213507231/?asb=jk3AExYe5AbwnxbK6tkQ%252B5K%252BpXRBxoy9C7GuxFF%252F9UA%253D&asb2=Nn4fpwFXiwC-EnNQDUD1wouoN7mAlwYgu6rSoh24EjQpgJMCp9QhGeq7_TqB4inX
"Вода питьевая ЧЕРНОГОЛОВКА вкусная артезианская негазированная 2,5 л ПЭТ, 4 шт",550 ₽,200 отзывов,"Завтра доставит Ozon, продавец Аквалайф",https://www.ozon.ru/product/voda-pitevaya-chernogolovka-vkusnaya-artezianskaya-negazirovannaya-2-5-l-pet-4-sht-175639734/?asb=u%252FpstZZYz7ZhG3pUhX6of%252FH7M%252FaW19u2uqesA0cvtGY%253D&asb2=ws4YQ0B5wQmclVNXWNzF5JvLxCk0tWW2tyu6Vr3ntoPYJ3M3Imn4UGc3cAVWNYFK
"Вода Байкальская глубинная БАЙКАЛИКА с высоким содержанием природного кислорода (питьевая, ПЭТ 12 шт. по 0,5л)",538 ₽,45 отзывов,"Завтра доставит Ozon, продавец ООО ""БАЙКАЛИКА ПРОВАЙДЕР""",https://www.ozon.ru/product/baykalika-0-5-litra-upakovka-12-butylok-161359647/?asb=7%252Bpl37I1pmoYiVD9NsN2KVruXjbEEf1ZpCCmbMVIIFQ6abKSxrGXjbPlvqD8NeXb&asb2=EQiR9IpyBFLaeSZaQS2TWnV8btF-7STd91YD1aSof-Qf-KXEkc3JylzzLMb9oTlWD-OHP-1VFZ7egg57t5evtWRJw3WtmAiqey7D455CHXTRGlfSJsplFwZBJpmKufjLNPZT8eSBcja1Yf1CXGAiIQ
"Вода питьевая ""Легенда Байкала"" газированная. Пластик, 12 шт. по 0,33 л ""Legend of Baikal"",",421 ₽,24 отзыва,"Завтра доставит Ozon, продавец ТК Байкал Аква",https://www.ozon.ru/product/voda-pitevaya-legenda-baykala-gazirovannaya-plastik-12-sht-po-0-33-l-legend-of-baikal-185166797/?advert=CG5tjx5uuwbd_eDaVtkAO2C4b6s6lAzjLR77oOH_5dw1HcsXhz4_nbCHeT-3cA7XDb6N_QmhjEVBhW4pTJiKGiMmbzyd-E8xidIaFYvv49iFc-VaFZVH5IzONrlmkeHT66VGF-tpa4Z3aN3muvsAgetEvrbjrZIYv2vt6sSq61iZB8m1hN_oXLUBj-OpVJiLLUDPgmkkQYcXbzrif_VOlu1mPDBAAiQOv3yu1ghBQZSptGpQm9323R95cu-5HVe5bZWfOtFpUNrHotCAOb2cidh_9ltKOZYieFa04nTI6k68xqapaogTcmYP_20mmCgl_4HtZ9YOxLC1Vn90okqfw8PGJZrxa4zZyS8BVFBZLydNrYVUFbGjaZu6O56W-bIakARtWdTujpRZ2hz50oNXJr7vxBnj69Xi6GO_nWYCZxhiOKbrh8y4401ZSOmwBQWtG6Tf3DuGCseSy8bCoBGLksRLZAh_ZJb4ImY8U7jFFIkrvE9OygWLts0xmjP6fz5qgPQ2B4D2Yjc7QLlVI8NB-swR8gRXHN7QzwqelcoBPBIMPA9j5_84LXWakPyCvkek
"Черноголовская детская вода питьевая артезианская, 12 шт по 0,5 л",444 ₽,12 отзывов,"Завтра доставит Ozon, продавец Аквалайф",https://www.ozon.ru/product/chernogolovskaya-detskaya-voda-pitevaya-artezianskaya-12-sht-po-0-5-l-176108554/?asb=PZ6LTpMCNfSyf5i9ZTpxnwa%252BY3PxAez3YTmxE10bxFE%253D&asb2=DZCzq24Su-p_jszE39zQfIa9XVKraBhlyt0mkMdtBzuzotQo5yZoA8fVjTOZggXJ
"Вода Мика-Мика BAIKAL природная негазированная для детей, 0,33 л",59 ₽,166 отзывов,За час курьером Ozon fresh,https://www.ozon.ru/product/voda-mika-mika-baikal-prirodnaya-negazirovannaya-dlya-detey-0-33-l-222702337/?asb=pwwvzbcWQoh9NdIGXwIejaKdgv1MAVw0CQGkW1nnpcw%253D&asb2=DbNDACwVrxeC72UWqQqfJMqzkXYt4oakOHtaD3wm_vVYBvbk8AW8Q_aLpGIrMl4v&ectx=1&miniapp=supermarket
"Вода детская ""Мика-Мика"" Байкал 430 (Baikal 430) природная негазированная, с первых дней жизни, 12 шт. по 0,33 л.",630 ₽,14 отзывов,"Завтра доставит Ozon, продавец ИП Терехов С.В.",https://www.ozon.ru/product/voda-detskaya-mika-mika-baykal-430-baikal-430-prirodnaya-negazirovannaya-s-pervyh-dney-zhizni-12-sht-207264158/?asb=QCvphaarpEKnamuatqgwBwANtHnoQ9qUXlHgqzA1QsQ%253D&asb2=DnqtawUcjpbbKpLc8CcsRXspGgeJrszVig7JuUbmmjyc0Njt_tpOgiaGF6USouv5
"Вода детская ЧЕРНОГОЛОВКА Бэйби негазированная ""Оранжевая корова"" 0,33 л ПЭТ, 12 шт",520 ₽,142 отзыва,"Завтра доставит Ozon, продавец Аквалайф",https://www.ozon.ru/product/voda-detskaya-chernogolovka-beybi-negazirovannaya-oranzhevaya-korova-0-33-l-pet-12-sht-175957814/?asb=k0uHEHGwXiKtPvWQhsc94d%252BFbJHju34oHikD3PUOzv4%253D&asb2=X3iIoTgl-EPnQyyzLNfLOpEN6GtkBzg33Uuhz8yNkFKlm1NgTW06Qo4gTQDdnecV
Природная питьевая щелочная вода VIRGO fons,972 ₽,2 отзыва,"Завтра доставит Ozon, продавец TD Volgin",https://www.ozon.ru/product/prirodnaya-pitevaya-shchelochnaya-voda-virgo-fons-355393831/?asb=qzA%252FSO%252F6H5HsLxmYJdVt7NNeP2TIkbn8ivFrjDZpJqM%253D&asb2=YEd9pBh5SdrMVmn7QkOF8QxfnUUHYnG9QplEZN4OhfGmPHhmXnrlWFsxhwzfSf12
"Минеральная природная столовая питьевая негазированная вода Тбау ""Царевны"" 0,33 л 12 шт.",408 ₽,101 отзыв,"Завтра доставит Ozon, продавец Пивоваренный дом Бавария",https://www.ozon.ru/product/mineralnaya-prirodnaya-stolovaya-pitevaya-negazirovannaya-voda-tbau-tsarevny-0-33-l-12-sht-256723095/?asb=fMfUy7Mh%252F2JDQU7p%252BQswetm%252FknhNhGEYW7FonqudBCo%253D&asb2=fe4UXjpPqJYutcToUI2NtPCDUHfM2SaUvJ1aKHUkiHUZHDdsX9TGv9IjrNjUypyr
"Вода О""три минеральная не газированная питьевая 2 штук по 5 л",230 ₽,58 отзывов,"Завтра доставит Ozon, продавец BLESSEDLIFE",https://www.ozon.ru/product/voda-o-tri-mineralnaya-ne-gazirovannaya-pitevaya-2-shtuk-po-5-l-528066589/?asb=AQsyJl9%252FeO4ZeTksiE8H90DXV5uH1nrXJBcAtaAfSic%253D&asb2=YoYcByWeGbHr7g35bTg-KvUlfqRjwrP1WwQ6aGEpNuS7Lqszjv9ZkLk89-woZ_M7
"Вода питьевая негазированная /родниковая / детская /минеральная / живая 0,65 л х 12 шт в упак.",564 ₽,1 отзыв,"Завтра доставит Ozon, продавец Вкус качества",https://www.ozon.ru/product/voda-pitevaya-negazirovannaya-rodnikovaya-detskaya-mineralnaya-zhivaya-0-65-l-h-12-sht-v-upak-375460069/?asb=p%252FqBmouRZu8VnShr3JrcNCl5cSMCaPkxxjFjkmwW8xM%253D&asb2=krFvryVijellYRUHBSJdyYmWK7X8CPPkB84-QBgFuv3hjGgzQ0sKsUpDWSooUIPC
"Вода ледниковая негазированная Пилигрим 12 шт по 0,5 л ПЭТ",479 ₽,3 отзыва,Завтра доставит продавец AquaBrand,https://www.ozon.ru/product/voda-lednikovaya-negazirovannaya-piligrim-12-sht-po-0-5-l-pet-532491713/?asb=IJqGPngBRClthGPhoHFWaRkjsFLiUkQWUz5U7ywlezu0y4wkMVtWBfEOaI5XTA6A&asb2=Ul_9qHEl_pPZFvHwdihubQKgezplc3np8KefcPnC_WE9W2-c4mmFLAyCpPvDt8-s0d5ef36vJOcnM60o5wiaARth77qqbGq2UtTc2km8qJIQrG1m0kFURO-WCrfpK-K96pk_SHGA5tv-kfp3npa1CA
"Вода питьевая Святой Источник негазированная 0,5 л ПЭТ 12 штук",579 ₽,3 отзыва,Завтра доставит продавец AquaBrand,https://www.ozon.ru/product/voda-pitevaya-svyatoy-istochnik-negazirovannaya-0-5-l-pet-12-shtuk-532499160/?asb=k35YIJEG%252Feyu34JCp2iO0MohDA2IKQzLFJ%252FJYgumc1%252BUrSozUJCc74HtcKA4QHjf&asb2=ITlY-IV6w4kGpmq3L2tF_zDrKsCAGBMD_lWsBzohUdDpQ9JMs3cpKkkjGgSJyIKij12VOgi5w_1G0O23Ak93Q8eEVvW8e7CJ8Ev9ClnVnyyj4pUwVXN1Yfem0_bb9om93v3N8E9mKQy6d1mI2ZV-Uw
"STELMAS Питьевая вода для детей с первого года жизни, начиная с момента рождения Стэлмас Детская/для малышей и мам, для кормящих мам, для детского питания, для детей 0+/природная минерализация, артезианская вода/Россия/0,33 л х 12 штStelmas Питьевая вода",576 ₽,67 отзывов,"Завтра доставит Ozon, продавец Воды Здоровья",https://www.ozon.ru/product/stelmas-pitevaya-voda-dlya-detey-s-pervogo-goda-zhizni-nachinaya-s-momenta-rozhdeniya-360107514/?asb=33RuYIxbg3byLWcSQQS5t7A6jXx%252FO%252FsHTRlnLL9gHNag%252BdP90adGtCg8iT0R%252BqpK&asb2=H6sKrrIyoix0ryTC1Z0m1iHG0zVZeuHzmRqrDc1D-pKSurNZUYjhRwMn8d--uxVreGwJAbjGE5ApITrF0jMX4n-tUTFf7PPTJS8Q7AXHMZH0RHHfRLeyLhAgYuyP7WKBIUrBlNtv3Ya4DFoqpaAqMg
"Вода питьевая негазированная /родниковая / детская / минеральная / живая 1,5 л по 6 шт в упак.",472 ₽,1 отзыв,"Завтра доставит Ozon, продавец Вкус качества",https://www.ozon.ru/product/voda-pitevaya-negazirovannaya-rodnikovaya-detskaya-mineralnaya-zhivaya-1-5-l-po-6-sht-v-upak-375411892/?asb=cr3Yjk5W0qE3rgUDisI9hKGAHalxy%252B6Q4%252Fw%252BXwi073Y%253D&asb2=e22TH4CMlI4hB8XbXdAjq_sJD3ZdKgJlDZ--vkmmd0es6AuSwsC-Z_iAXGjdwWb5
"Вода Мика-Мика BAIKAL природная негазированная для детей, 1,5 л",121 ₽,166 отзывов,За час курьером Ozon fresh,https://www.ozon.ru/product/voda-mika-mika-baikal-prirodnaya-negazirovannaya-dlya-detey-1-5-l-222702352/?asb=9%252FyGDhB2Uv17BDHXHB%252F0%252BPWwgvXdUCXFB1Ywy%252F7%252FT00%253D&asb2=FB_3X2R6fagoWRhd3Ljtjtwgu3d7jnj9MeTJ7RD1jKOjG5I_JTf9z0ULhWV2lE18&ectx=1&miniapp=supermarket
"Вода Байкальская глубинная 400м БАЙКАЛИКА с высоким содержанием природного кислорода (питьевая, ПЭТ 6 шт. по 1,25л)",465 ₽,34 отзыва,"Завтра доставит Ozon, продавец ООО ""БАЙКАЛИКА ПРОВАЙДЕР""",https://www.ozon.ru/product/voda-baykalika-1-25-litra-6-butylok-v-upakovke-161359649/?asb=HGaKPTrp10ZLhkWwUzKBSp8687O7s2u1pmFOx2isHEf4GNkF79dULIV4n%252Bvlv2dY&asb2=lvnmbZEsvXuLldRepMQQxBERHxGGQQ1LFlvc26j2j6eZzsjpTbDmZf7ZfAPA1dwtVY_9gWPOTimRYZg9nB54xY7fSLzx7WWqmTvvN8qJeMolCatDLtCN1h17vmUuNwDv4lfrS0-aNgyOYenxMBg1ww
"Вода детская Черноголовка Бэйби негазированная ""Оранжевая корова"", 4 шт по 2,5 л ПЭТ",594 ₽,142 отзыва,"Завтра доставит Ozon, продавец Аквалайф",https://www.ozon.ru/product/voda-detskaya-chernogolovka-beybi-negazirovannaya-oranzhevaya-korova-2-5-l-pet-4-sht-176425009/?asb=6xkK9UEYRGgBZRpGIW0OINQcfe3BPY%252BjvXSIKZxIC34%253D&asb2=qPog0llxdMCuZX4XMDtk2fByu9R8OHXZtBB9YV6NK_-_LcWReEIJsecrwisZKr6M
"Вода питьевая негазированная Мевер Mever 12 штук по 0,5 л ПЭТ",549 ₽,1 отзыв,Завтра доставит продавец AquaBrand,https://www.ozon.ru/product/voda-pitevaya-negazirovannaya-mever-mever-12-shtuk-po-0-5-l-pet-532498731/?asb=QAJVvHnGfzeSep2mfCezuTRMXL6NEqickSGmrCZ%252B8gk6dNCUdTDaUsDT8NmmF2FY&asb2=GxhbYjjl6oSD_2Yqx9oL3TvALrKx-PrCFzlan9Ch9O4rptIaDZshJW2i-IBT6sR5ZbAbujcuyiyXWtChTat-NU2JItmNiaKKyVefwAxy67D2wfmZwUup6NLbFLo7fphkV6gh3bnesz2YbXTb10G0GA
Вода щелочная VAB,650 ₽,1 отзыв,"Завтра доставит Ozon, продавец Товары МП",https://www.ozon.ru/product/voda-shchelochnaya-vab-375106396/?asb=M1B%252F7ceoC9QOJXTk5S%252FlhNrtAuc7dtIo3G5hima2bL4%253D&asb2=i8ryWOsrY25d04tkA3Yo8ThwjbWwvIMRRTg3X8hYnPHBOWexWQFZlXf-3UDeAnLk
"Вода питьевая ЧЕРНОГОЛОВКА негазированная, 2 шт по 5 л ПЭТ",550 ₽,200 отзывов,"Завтра доставит Ozon, продавец Аквалайф",https://www.ozon.ru/product/voda-pitevaya-chernogolovka-negazirovannaya-5-l-pet-2-sht-175639647/?asb=pC902TAMvZCUJQ%252FJ6zn9%252BcKn3mmm%252BLhSomX%252F7CLIvAQ%253D&asb2=08kx-5XfDhfAnl8HSLWFUxCGe_7lQXpNhLtdHvpLYBxyAxb68Ybh1Z18voFgIUXX
"Минеральная природная столовая питьевая негазированная вода Тбау ""Царевны"" ПЭТ 0,5 л 12 шт.",420 ₽,101 отзыв,"Завтра доставит Ozon, продавец Пивоваренный дом Бавария",https://www.ozon.ru/product/mineralnaya-prirodnaya-stolovaya-pitevaya-negazirovannaya-voda-tbau-tsarevny-pet-0-5-l-12-sht-256681084/?asb=rKET%252F23715KYqJDKqcDB4RRIlEG3ZkIVuB1Xten0DGU%253D&asb2=FAJji8kdfQOSNFtm2L-T3l8yS3Wp6OKMYnbs2ypISaDM8i4SEa_NYQHjFtKf_20x
Вода минеральная негазированная Легенда гор Архыз 500мл ПЭТ 12 штук,479 ₽,1 отзыв,Завтра доставит продавец AquaBrand,https://www.ozon.ru/product/voda-mineralnaya-negazirovannaya-legenda-gor-arhyz-500ml-pet-12-shtuk-532500625/?asb=GRqn3%252BPrtcmMQ5duM7taZ91QMV11OJ2BtmgmvEKlcVq%252BOYYQx75piyY4auod20hy&asb2=CDfVpiUzt8wktmyixuGdip3WPn2RYQyWZV78H6OtcN8LMUYZGNzPIMZTGaRL_N3PABseZN0KSjgas_4YB7L7BmgpXC2bggw77K4GpIbs1tB96Nh-07wuVFwDMCULtLB_AV_pwpTB2U7QuhynFWJ82A
